split,image_path,label,video_id,frame_index,timestamp_s,width,height
train,d:\smartnest.ai\smartnest_media_dataset\data\media_dataset\frames\RealEstate10K_frames\images\train\0000cc6d8b108390_000000.jpg,bedroom,0000cc6d8b108390,0,0.000,1280,720
train,d:\smartnest.ai\smartnest_media_dataset\data\media_dataset\frames\RealEstate10K_frames\images\train\0000cc6d8b108390_000015.jpg,bedroom,0000cc6d8b108390,15,0.501,1280,720
train,d:\smartnest.ai\smartnest_media_dataset\data\media_dataset\frames\RealEstate10K_frames\images\train\0000cc6d8b108390_000030.jpg,bedroom,0000cc6d8b108390,30,1.001,1280,720
train,d:\smartnest.ai\smartnest_media_dataset\data\media_dataset\frames\RealEstate10K_frames\images\train\0000cc6d8b108390_000045.jpg,bedroom,0000cc6d8b108390,45,1.502,1280,720
train,d:\smartnest.ai\smartnest_media_dataset\data\media_dataset\frames\RealEstate10K_frames\images\train\0000cc6d8b108390_000060.jpg,bedroom,0000cc6d8b108390,60,2.002,1280,720
train,d:\smartnest.ai\smartnest_media_dataset\data\media_dataset\frames\RealEstate10K_frames\images\train\0000cc6d8b108390_000075.jpg,bedroom,0000cc6d8b108390,75,2.503,1280,720
train,d:\smartnest.ai\smartnest_media_dataset\data\media_dataset\frames\RealEstate10K_frames\images\train\0000cc6d8b108390_000090.jpg,bedroom,0000cc6d8b108390,90,3.003,1280,720
train,d:\smartnest.ai\smartnest_media_dataset\data\media_dataset\frames\RealEstate10K_frames\images\train\0000cc6d8b108390_000105.jpg,bedroom,0000cc6d8b108390,105,3.504,1280,720
train,d:\smartnest.ai\smartnest_media_dataset\data\media_dataset\frames\RealEstate10K_frames\images\train\0000cc6d8b108390_000120.jpg,bedroom,0000cc6d8b108390,120,4.004,1280,720
train,d:\smartnest.ai\smartnest_media_dataset\data\media_dataset\frames\RealEstate10K_frames\images\train\0000cc6d8b108390_000135.jpg,bedroom,0000cc6d8b108390,135,4.505,1280,720
train,d:\smartnest.ai\smartnest_media_dataset\data\media_dataset\frames\RealEstate10K_frames\images\train\0000cc6d8b108390_000150.jpg,bedroom,0000cc6d8b108390,150,5.005,1280,720
train,d:\smartnest.ai\smartnest_media_dataset\data\media_dataset\frames\RealEstate10K_frames\images\train\0000cc6d8b108390_000165.jpg,bedroom,0000cc6d8b108390,165,5.506,1280,720
train,d:\smartnest.ai\smartnest_media_dataset\data\media_dataset\frames\RealEstate10K_frames\images\train\0000cc6d8b108390_000180.jpg,bedroom,0000cc6d8b108390,180,6.006,1280,720
train,d:\smartnest.ai\smartnest_media_dataset\data\media_dataset\frames\RealEstate10K_frames\images\train\0000cc6d8b108390_000195.jpg,bedroom,0000cc6d8b108390,195,6.507,1280,720
train,d:\smartnest.ai\smartnest_media_dataset\data\media_dataset\frames\RealEstate10K_frames\images\train\0000cc6d8b108390_000210.jpg,bedroom,0000cc6d8b108390,210,7.007,1280,720
train,d:\smartnest.ai\smartnest_media_dataset\data\media_dataset\frames\RealEstate10K_frames\images\train\0000cc6d8b108390_000225.jpg,kitchen,0000cc6d8b108390,225,7.508,1280,720
train,d:\smartnest.ai\smartnest_media_dataset\data\media_dataset\frames\RealEstate10K_frames\images\train\0000cc6d8b108390_000240.jpg,bedroom,0000cc6d8b108390,240,8.008,1280,720
train,d:\smartnest.ai\smartnest_media_dataset\data\media_dataset\frames\RealEstate10K_frames\images\train\0000cc6d8b108390_000255.jpg,bedroom,0000cc6d8b108390,255,8.509,1280,720
train,d:\smartnest.ai\smartnest_media_dataset\data\media_dataset\frames\RealEstate10K_frames\images\train\0000cc6d8b108390_000270.jpg,bedroom,0000cc6d8b108390,270,9.009,1280,720
train,d:\smartnest.ai\smartnest_media_dataset\data\media_dataset\frames\RealEstate10K_frames\images\train\0000cc6d8b108390_000285.jpg,bedroom,0000cc6d8b108390,285,9.510,1280,720
val,d:\smartnest.ai\smartnest_media_dataset\data\media_dataset\frames\RealEstate10K_frames\images\val\00028da87cc5a4c4_000000.jpg,kitchen,00028da87cc5a4c4,0,0.000,1280,720
val,d:\smartnest.ai\smartnest_media_dataset\data\media_dataset\frames\RealEstate10K_frames\images\val\00028da87cc5a4c4_000015.jpg,kitchen,00028da87cc5a4c4,15,0.500,1280,720
val,d:\smartnest.ai\smartnest_media_dataset\data\media_dataset\frames\RealEstate10K_frames\images\val\00028da87cc5a4c4_000030.jpg,kitchen,00028da87cc5a4c4,30,1.001,1280,720
val,d:\smartnest.ai\smartnest_media_dataset\data\media_dataset\frames\RealEstate10K_frames\images\val\00028da87cc5a4c4_000045.jpg,kitchen,00028da87cc5a4c4,45,1.501,1280,720
val,d:\smartnest.ai\smartnest_media_dataset\data\media_dataset\frames\RealEstate10K_frames\images\val\00028da87cc5a4c4_000060.jpg,kitchen,00028da87cc5a4c4,60,2.002,1280,720
val,d:\smartnest.ai\smartnest_media_dataset\data\media_dataset\frames\RealEstate10K_frames\images\val\00028da87cc5a4c4_000075.jpg,kitchen,00028da87cc5a4c4,75,2.502,1280,720
val,d:\smartnest.ai\smartnest_media_dataset\data\media_dataset\frames\RealEstate10K_frames\images\val\00028da87cc5a4c4_000090.jpg,kitchen,00028da87cc5a4c4,90,3.003,1280,720
val,d:\smartnest.ai\smartnest_media_dataset\data\media_dataset\frames\RealEstate10K_frames\images\val\00028da87cc5a4c4_000105.jpg,kitchen,00028da87cc5a4c4,105,3.503,1280,720
val,d:\smartnest.ai\smartnest_media_dataset\data\media_dataset\frames\RealEstate10K_frames\images\val\00028da87cc5a4c4_000120.jpg,kitchen,00028da87cc5a4c4,120,4.003,1280,720
val,d:\smartnest.ai\smartnest_media_dataset\data\media_dataset\frames\RealEstate10K_frames\images\val\00028da87cc5a4c4_000135.jpg,kitchen,00028da87cc5a4c4,135,4.504,1280,720
val,d:\smartnest.ai\smartnest_media_dataset\data\media_dataset\frames\RealEstate10K_frames\images\val\00028da87cc5a4c4_000150.jpg,kitchen,00028da87cc5a4c4,150,5.004,1280,720
val,d:\smartnest.ai\smartnest_media_dataset\data\media_dataset\frames\RealEstate10K_frames\images\val\00028da87cc5a4c4_000165.jpg,kitchen,00028da87cc5a4c4,165,5.505,1280,720
train,d:\smartnest.ai\smartnest_media_dataset\data\media_dataset\frames\RealEstate10K_frames\images\train\0002b126b0a8a685_000000.jpg,kitchen,0002b126b0a8a685,0,0.000,1280,720
train,d:\smartnest.ai\smartnest_media_dataset\data\media_dataset\frames\RealEstate10K_frames\images\train\0002b126b0a8a685_000015.jpg,kitchen,0002b126b0a8a685,15,0.500,1280,720
train,d:\smartnest.ai\smartnest_media_dataset\data\media_dataset\frames\RealEstate10K_frames\images\train\0002b126b0a8a685_000030.jpg,kitchen,0002b126b0a8a685,30,1.000,1280,720
train,d:\smartnest.ai\smartnest_media_dataset\data\media_dataset\frames\RealEstate10K_frames\images\train\0002b126b0a8a685_000045.jpg,kitchen,0002b126b0a8a685,45,1.500,1280,720
train,d:\smartnest.ai\smartnest_media_dataset\data\media_dataset\frames\RealEstate10K_frames\images\train\0002b126b0a8a685_000060.jpg,kitchen,0002b126b0a8a685,60,2.000,1280,720
train,d:\smartnest.ai\smartnest_media_dataset\data\media_dataset\frames\RealEstate10K_frames\images\train\0002b126b0a8a685_000075.jpg,kitchen,0002b126b0a8a685,75,2.500,1280,720
train,d:\smartnest.ai\smartnest_media_dataset\data\media_dataset\frames\RealEstate10K_frames\images\train\0002b126b0a8a685_000090.jpg,kitchen,0002b126b0a8a685,90,3.000,1280,720
train,d:\smartnest.ai\smartnest_media_dataset\data\media_dataset\frames\RealEstate10K_frames\images\train\0002b126b0a8a685_000105.jpg,kitchen,0002b126b0a8a685,105,3.500,1280,720
train,d:\smartnest.ai\smartnest_media_dataset\data\media_dataset\frames\RealEstate10K_frames\images\train\0002b126b0a8a685_000120.jpg,kitchen,0002b126b0a8a685,120,4.000,1280,720
train,d:\smartnest.ai\smartnest_media_dataset\data\media_dataset\frames\RealEstate10K_frames\images\train\0002b126b0a8a685_000135.jpg,kitchen,0002b126b0a8a685,135,4.500,1280,720
train,d:\smartnest.ai\smartnest_media_dataset\data\media_dataset\frames\RealEstate10K_frames\images\train\0002b126b0a8a685_000150.jpg,kitchen,0002b126b0a8a685,150,5.000,1280,720
train,d:\smartnest.ai\smartnest_media_dataset\data\media_dataset\frames\RealEstate10K_frames\images\train\0002b126b0a8a685_000165.jpg,kitchen,0002b126b0a8a685,165,5.500,1280,720
train,d:\smartnest.ai\smartnest_media_dataset\data\media_dataset\frames\RealEstate10K_frames\images\train\0002b126b0a8a685_000180.jpg,kitchen,0002b126b0a8a685,180,6.000,1280,720
train,d:\smartnest.ai\smartnest_media_dataset\data\media_dataset\frames\RealEstate10K_frames\images\train\0002b126b0a8a685_000195.jpg,kitchen,0002b126b0a8a685,195,6.500,1280,720
train,d:\smartnest.ai\smartnest_media_dataset\data\media_dataset\frames\RealEstate10K_frames\images\train\0002b126b0a8a685_000210.jpg,kitchen,0002b126b0a8a685,210,7.000,1280,720
train,d:\smartnest.ai\smartnest_media_dataset\data\media_dataset\frames\RealEstate10K_frames\images\train\0002b126b0a8a685_000225.jpg,kitchen,0002b126b0a8a685,225,7.500,1280,720
train,d:\smartnest.ai\smartnest_media_dataset\data\media_dataset\frames\RealEstate10K_frames\images\train\0002b126b0a8a685_000240.jpg,kitchen,0002b126b0a8a685,240,8.000,1280,720
train,d:\smartnest.ai\smartnest_media_dataset\data\media_dataset\frames\RealEstate10K_frames\images\train\0002b126b0a8a685_000255.jpg,kitchen,0002b126b0a8a685,255,8.500,1280,720
train,d:\smartnest.ai\smartnest_media_dataset\data\media_dataset\frames\RealEstate10K_frames\images\train\0002b126b0a8a685_000270.jpg,kitchen,0002b126b0a8a685,270,9.000,1280,720
train,d:\smartnest.ai\smartnest_media_dataset\data\media_dataset\frames\RealEstate10K_frames\images\train\0002b126b0a8a685_000285.jpg,kitchen,0002b126b0a8a685,285,9.500,1280,720
train,d:\smartnest.ai\smartnest_media_dataset\data\media_dataset\frames\RealEstate10K_frames\images\train\000465ebe46a98d2_000000.jpg,bedroom,000465ebe46a98d2,0,0.000,1280,720
train,d:\smartnest.ai\smartnest_media_dataset\data\media_dataset\frames\RealEstate10K_frames\images\train\000465ebe46a98d2_000030.jpg,bedroom,000465ebe46a98d2,30,0.500,1280,720
train,d:\smartnest.ai\smartnest_media_dataset\data\media_dataset\frames\RealEstate10K_frames\images\train\000465ebe46a98d2_000060.jpg,bathroom,000465ebe46a98d2,60,1.001,1280,720
train,d:\smartnest.ai\smartnest_media_dataset\data\media_dataset\frames\RealEstate10K_frames\images\train\000465ebe46a98d2_000090.jpg,bathroom,000465ebe46a98d2,90,1.501,1280,720
train,d:\smartnest.ai\smartnest_media_dataset\data\media_dataset\frames\RealEstate10K_frames\images\train\000465ebe46a98d2_000120.jpg,bathroom,000465ebe46a98d2,120,2.002,1280,720
train,d:\smartnest.ai\smartnest_media_dataset\data\media_dataset\frames\RealEstate10K_frames\images\train\000465ebe46a98d2_000150.jpg,bathroom,000465ebe46a98d2,150,2.502,1280,720
train,d:\smartnest.ai\smartnest_media_dataset\data\media_dataset\frames\RealEstate10K_frames\images\train\000465ebe46a98d2_000180.jpg,bathroom,000465ebe46a98d2,180,3.003,1280,720
train,d:\smartnest.ai\smartnest_media_dataset\data\media_dataset\frames\RealEstate10K_frames\images\train\000465ebe46a98d2_000210.jpg,bathroom,000465ebe46a98d2,210,3.503,1280,720
train,d:\smartnest.ai\smartnest_media_dataset\data\media_dataset\frames\RealEstate10K_frames\images\train\000465ebe46a98d2_000240.jpg,bathroom,000465ebe46a98d2,240,4.003,1280,720
train,d:\smartnest.ai\smartnest_media_dataset\data\media_dataset\frames\RealEstate10K_frames\images\train\000465ebe46a98d2_000270.jpg,bathroom,000465ebe46a98d2,270,4.504,1280,720
train,d:\smartnest.ai\smartnest_media_dataset\data\media_dataset\frames\RealEstate10K_frames\images\train\000465ebe46a98d2_000300.jpg,bathroom,000465ebe46a98d2,300,5.004,1280,720
train,d:\smartnest.ai\smartnest_media_dataset\data\media_dataset\frames\RealEstate10K_frames\images\train\000465ebe46a98d2_000330.jpg,bathroom,000465ebe46a98d2,330,5.505,1280,720
train,d:\smartnest.ai\smartnest_media_dataset\data\media_dataset\frames\RealEstate10K_frames\images\train\000465ebe46a98d2_000360.jpg,bathroom,000465ebe46a98d2,360,6.005,1280,720
train,d:\smartnest.ai\smartnest_media_dataset\data\media_dataset\frames\RealEstate10K_frames\images\train\000465ebe46a98d2_000390.jpg,bathroom,000465ebe46a98d2,390,6.505,1280,720
train,d:\smartnest.ai\smartnest_media_dataset\data\media_dataset\frames\RealEstate10K_frames\images\train\000465ebe46a98d2_000420.jpg,bathroom,000465ebe46a98d2,420,7.006,1280,720
train,d:\smartnest.ai\smartnest_media_dataset\data\media_dataset\frames\RealEstate10K_frames\images\train\000465ebe46a98d2_000450.jpg,bathroom,000465ebe46a98d2,450,7.506,1280,720
train,d:\smartnest.ai\smartnest_media_dataset\data\media_dataset\frames\RealEstate10K_frames\images\train\0004866ca872087c_000000.jpg,bedroom,0004866ca872087c,0,0.000,1280,720
train,d:\smartnest.ai\smartnest_media_dataset\data\media_dataset\frames\RealEstate10K_frames\images\train\0004866ca872087c_000015.jpg,bedroom,0004866ca872087c,15,0.500,1280,720
train,d:\smartnest.ai\smartnest_media_dataset\data\media_dataset\frames\RealEstate10K_frames\images\train\0004866ca872087c_000030.jpg,bedroom,0004866ca872087c,30,1.001,1280,720
train,d:\smartnest.ai\smartnest_media_dataset\data\media_dataset\frames\RealEstate10K_frames\images\train\0004866ca872087c_000045.jpg,bedroom,0004866ca872087c,45,1.501,1280,720
train,d:\smartnest.ai\smartnest_media_dataset\data\media_dataset\frames\RealEstate10K_frames\images\train\0004866ca872087c_000060.jpg,bedroom,0004866ca872087c,60,2.002,1280,720
train,d:\smartnest.ai\smartnest_media_dataset\data\media_dataset\frames\RealEstate10K_frames\images\train\0004866ca872087c_000075.jpg,bedroom,0004866ca872087c,75,2.502,1280,720
train,d:\smartnest.ai\smartnest_media_dataset\data\media_dataset\frames\RealEstate10K_frames\images\train\0004866ca872087c_000090.jpg,bedroom,0004866ca872087c,90,3.003,1280,720
train,d:\smartnest.ai\smartnest_media_dataset\data\media_dataset\frames\RealEstate10K_frames\images\train\0004866ca872087c_000105.jpg,bedroom,0004866ca872087c,105,3.503,1280,720
train,d:\smartnest.ai\smartnest_media_dataset\data\media_dataset\frames\RealEstate10K_frames\images\train\0004866ca872087c_000120.jpg,bedroom,0004866ca872087c,120,4.004,1280,720
train,d:\smartnest.ai\smartnest_media_dataset\data\media_dataset\frames\RealEstate10K_frames\images\train\0004866ca872087c_000135.jpg,bedroom,0004866ca872087c,135,4.504,1280,720
train,d:\smartnest.ai\smartnest_media_dataset\data\media_dataset\frames\RealEstate10K_frames\images\train\0004866ca872087c_000150.jpg,bedroom,0004866ca872087c,150,5.005,1280,720
train,d:\smartnest.ai\smartnest_media_dataset\data\media_dataset\frames\RealEstate10K_frames\images\train\0004866ca872087c_000165.jpg,bedroom,0004866ca872087c,165,5.505,1280,720
train,d:\smartnest.ai\smartnest_media_dataset\data\media_dataset\frames\RealEstate10K_frames\images\train\0004866ca872087c_000180.jpg,bedroom,0004866ca872087c,180,6.006,1280,720
train,d:\smartnest.ai\smartnest_media_dataset\data\media_dataset\frames\RealEstate10K_frames\images\train\0004866ca872087c_000195.jpg,bedroom,0004866ca872087c,195,6.506,1280,720
train,d:\smartnest.ai\smartnest_media_dataset\data\media_dataset\frames\RealEstate10K_frames\images\train\0004866ca872087c_000210.jpg,bedroom,0004866ca872087c,210,7.007,1280,720
train,d:\smartnest.ai\smartnest_media_dataset\data\media_dataset\frames\RealEstate10K_frames\images\train\0004866ca872087c_000225.jpg,bedroom,0004866ca872087c,225,7.507,1280,720
train,d:\smartnest.ai\smartnest_media_dataset\data\media_dataset\frames\RealEstate10K_frames\images\train\0004866ca872087c_000240.jpg,bedroom,0004866ca872087c,240,8.008,1280,720
train,d:\smartnest.ai\smartnest_media_dataset\data\media_dataset\frames\RealEstate10K_frames\images\train\0004866ca872087c_000255.jpg,bedroom,0004866ca872087c,255,8.508,1280,720
train,d:\smartnest.ai\smartnest_media_dataset\data\media_dataset\frames\RealEstate10K_frames\images\train\0004866ca872087c_000270.jpg,bedroom,0004866ca872087c,270,9.008,1280,720
train,d:\smartnest.ai\smartnest_media_dataset\data\media_dataset\frames\RealEstate10K_frames\images\train\0004866ca872087c_000285.jpg,bedroom,0004866ca872087c,285,9.509,1280,720
train,d:\smartnest.ai\smartnest_media_dataset\data\media_dataset\frames\RealEstate10K_frames\images\train\0005c41463fe5e01_000000.jpg,bathroom,0005c41463fe5e01,0,0.000,1280,720
train,d:\smartnest.ai\smartnest_media_dataset\data\media_dataset\frames\RealEstate10K_frames\images\train\0005c41463fe5e01_000030.jpg,bathroom,0005c41463fe5e01,30,0.501,1280,720
train,d:\smartnest.ai\smartnest_media_dataset\data\media_dataset\frames\RealEstate10K_frames\images\train\0005c41463fe5e01_000060.jpg,bathroom,0005c41463fe5e01,60,1.001,1280,720
train,d:\smartnest.ai\smartnest_media_dataset\data\media_dataset\frames\RealEstate10K_frames\images\train\0005c41463fe5e01_000090.jpg,bathroom,0005c41463fe5e01,90,1.502,1280,720
train,d:\smartnest.ai\smartnest_media_dataset\data\media_dataset\frames\RealEstate10K_frames\images\train\0005c41463fe5e01_000120.jpg,bedroom,0005c41463fe5e01,120,2.002,1280,720
train,d:\smartnest.ai\smartnest_media_dataset\data\media_dataset\frames\RealEstate10K_frames\images\train\0005c41463fe5e01_000150.jpg,bedroom,0005c41463fe5e01,150,2.503,1280,720
train,d:\smartnest.ai\smartnest_media_dataset\data\media_dataset\frames\RealEstate10K_frames\images\train\0005c41463fe5e01_000180.jpg,bedroom,0005c41463fe5e01,180,3.003,1280,720
train,d:\smartnest.ai\smartnest_media_dataset\data\media_dataset\frames\RealEstate10K_frames\images\train\0005c41463fe5e01_000210.jpg,bedroom,0005c41463fe5e01,210,3.504,1280,720
train,d:\smartnest.ai\smartnest_media_dataset\data\media_dataset\frames\RealEstate10K_frames\images\train\0005c41463fe5e01_000240.jpg,bedroom,0005c41463fe5e01,240,4.004,1280,720
train,d:\smartnest.ai\smartnest_media_dataset\data\media_dataset\frames\RealEstate10K_frames\images\train\0005c41463fe5e01_000270.jpg,bedroom,0005c41463fe5e01,270,4.505,1280,720
train,d:\smartnest.ai\smartnest_media_dataset\data\media_dataset\frames\RealEstate10K_frames\images\train\0005c41463fe5e01_000300.jpg,bedroom,0005c41463fe5e01,300,5.005,1280,720
train,d:\smartnest.ai\smartnest_media_dataset\data\media_dataset\frames\RealEstate10K_frames\images\train\0005c41463fe5e01_000330.jpg,bedroom,0005c41463fe5e01,330,5.506,1280,720
train,d:\smartnest.ai\smartnest_media_dataset\data\media_dataset\frames\RealEstate10K_frames\images\train\0005c41463fe5e01_000360.jpg,bedroom,0005c41463fe5e01,360,6.006,1280,720
train,d:\smartnest.ai\smartnest_media_dataset\data\media_dataset\frames\RealEstate10K_frames\images\train\0005c41463fe5e01_000390.jpg,bedroom,0005c41463fe5e01,390,6.507,1280,720
train,d:\smartnest.ai\smartnest_media_dataset\data\media_dataset\frames\RealEstate10K_frames\images\train\0005c41463fe5e01_000420.jpg,bedroom,0005c41463fe5e01,420,7.007,1280,720
train,d:\smartnest.ai\smartnest_media_dataset\data\media_dataset\frames\RealEstate10K_frames\images\train\0005c41463fe5e01_000450.jpg,bedroom,0005c41463fe5e01,450,7.508,1280,720
train,d:\smartnest.ai\smartnest_media_dataset\data\media_dataset\frames\RealEstate10K_frames\images\train\0005c41463fe5e01_000480.jpg,bedroom,0005c41463fe5e01,480,8.008,1280,720
train,d:\smartnest.ai\smartnest_media_dataset\data\media_dataset\frames\RealEstate10K_frames\images\train\0005c41463fe5e01_000510.jpg,bedroom,0005c41463fe5e01,510,8.509,1280,720
train,d:\smartnest.ai\smartnest_media_dataset\data\media_dataset\frames\RealEstate10K_frames\images\train\0005c41463fe5e01_000540.jpg,bedroom,0005c41463fe5e01,540,9.009,1280,720
train,d:\smartnest.ai\smartnest_media_dataset\data\media_dataset\frames\RealEstate10K_frames\images\train\0005c41463fe5e01_000570.jpg,bedroom,0005c41463fe5e01,570,9.510,1280,720
test,d:\smartnest.ai\smartnest_media_dataset\data\media_dataset\frames\RealEstate10K_frames\images\test\00066b3649cc07e5_000000.jpg,kitchen,00066b3649cc07e5,0,0.000,1280,720
test,d:\smartnest.ai\smartnest_media_dataset\data\media_dataset\frames\RealEstate10K_frames\images\test\00066b3649cc07e5_000015.jpg,bedroom,00066b3649cc07e5,15,0.500,1280,720
test,d:\smartnest.ai\smartnest_media_dataset\data\media_dataset\frames\RealEstate10K_frames\images\test\00066b3649cc07e5_000030.jpg,bedroom,00066b3649cc07e5,30,1.001,1280,720
test,d:\smartnest.ai\smartnest_media_dataset\data\media_dataset\frames\RealEstate10K_frames\images\test\00066b3649cc07e5_000045.jpg,bedroom,00066b3649cc07e5,45,1.501,1280,720
test,d:\smartnest.ai\smartnest_media_dataset\data\media_dataset\frames\RealEstate10K_frames\images\test\00066b3649cc07e5_000060.jpg,kitchen,00066b3649cc07e5,60,2.002,1280,720
test,d:\smartnest.ai\smartnest_media_dataset\data\media_dataset\frames\RealEstate10K_frames\images\test\00066b3649cc07e5_000075.jpg,kitchen,00066b3649cc07e5,75,2.502,1280,720
test,d:\smartnest.ai\smartnest_media_dataset\data\media_dataset\frames\RealEstate10K_frames\images\test\00066b3649cc07e5_000090.jpg,kitchen,00066b3649cc07e5,90,3.003,1280,720
test,d:\smartnest.ai\smartnest_media_dataset\data\media_dataset\frames\RealEstate10K_frames\images\test\00066b3649cc07e5_000105.jpg,bedroom,00066b3649cc07e5,105,3.503,1280,720
test,d:\smartnest.ai\smartnest_media_dataset\data\media_dataset\frames\RealEstate10K_frames\images\test\00066b3649cc07e5_000120.jpg,bedroom,00066b3649cc07e5,120,4.004,1280,720
test,d:\smartnest.ai\smartnest_media_dataset\data\media_dataset\frames\RealEstate10K_frames\images\test\00066b3649cc07e5_000135.jpg,bedroom,00066b3649cc07e5,135,4.504,1280,720
test,d:\smartnest.ai\smartnest_media_dataset\data\media_dataset\frames\RealEstate10K_frames\images\test\00066b3649cc07e5_000150.jpg,bedroom,00066b3649cc07e5,150,5.005,1280,720
test,d:\smartnest.ai\smartnest_media_dataset\data\media_dataset\frames\RealEstate10K_frames\images\test\00066b3649cc07e5_000165.jpg,balcony,00066b3649cc07e5,165,5.505,1280,720
test,d:\smartnest.ai\smartnest_media_dataset\data\media_dataset\frames\RealEstate10K_frames\images\test\00066b3649cc07e5_000180.jpg,balcony,00066b3649cc07e5,180,6.006,1280,720
test,d:\smartnest.ai\smartnest_media_dataset\data\media_dataset\frames\RealEstate10K_frames\images\test\00066b3649cc07e5_000195.jpg,bedroom,00066b3649cc07e5,195,6.506,1280,720
test,d:\smartnest.ai\smartnest_media_dataset\data\media_dataset\frames\RealEstate10K_frames\images\test\00066b3649cc07e5_000210.jpg,bedroom,00066b3649cc07e5,210,7.007,1280,720
test,d:\smartnest.ai\smartnest_media_dataset\data\media_dataset\frames\RealEstate10K_frames\images\test\00066b3649cc07e5_000225.jpg,bedroom,00066b3649cc07e5,225,7.507,1280,720
test,d:\smartnest.ai\smartnest_media_dataset\data\media_dataset\frames\RealEstate10K_frames\images\test\00066b3649cc07e5_000240.jpg,bedroom,00066b3649cc07e5,240,8.008,1280,720
test,d:\smartnest.ai\smartnest_media_dataset\data\media_dataset\frames\RealEstate10K_frames\images\test\0006e8e3eaa8cd39_000000.jpg,bathroom,0006e8e3eaa8cd39,0,0.000,1280,720
test,d:\smartnest.ai\smartnest_media_dataset\data\media_dataset\frames\RealEstate10K_frames\images\test\0006e8e3eaa8cd39_000015.jpg,bathroom,0006e8e3eaa8cd39,15,0.494,1280,720
test,d:\smartnest.ai\smartnest_media_dataset\data\media_dataset\frames\RealEstate10K_frames\images\test\0006e8e3eaa8cd39_000030.jpg,bathroom,0006e8e3eaa8cd39,30,0.988,1280,720
test,d:\smartnest.ai\smartnest_media_dataset\data\media_dataset\frames\RealEstate10K_frames\images\test\0006e8e3eaa8cd39_000045.jpg,bathroom,0006e8e3eaa8cd39,45,1.481,1280,720
test,d:\smartnest.ai\smartnest_media_dataset\data\media_dataset\frames\RealEstate10K_frames\images\test\0006e8e3eaa8cd39_000060.jpg,bathroom,0006e8e3eaa8cd39,60,1.975,1280,720
test,d:\smartnest.ai\smartnest_media_dataset\data\media_dataset\frames\RealEstate10K_frames\images\test\0006e8e3eaa8cd39_000075.jpg,bathroom,0006e8e3eaa8cd39,75,2.469,1280,720
test,d:\smartnest.ai\smartnest_media_dataset\data\media_dataset\frames\RealEstate10K_frames\images\test\0007fe14c86c4a78_000000.jpg,bedroom,0007fe14c86c4a78,0,0.000,1280,720
test,d:\smartnest.ai\smartnest_media_dataset\data\media_dataset\frames\RealEstate10K_frames\images\test\0007fe14c86c4a78_000030.jpg,bedroom,0007fe14c86c4a78,30,0.499,1280,720
test,d:\smartnest.ai\smartnest_media_dataset\data\media_dataset\frames\RealEstate10K_frames\images\test\0007fe14c86c4a78_000060.jpg,bedroom,0007fe14c86c4a78,60,0.998,1280,720
test,d:\smartnest.ai\smartnest_media_dataset\data\media_dataset\frames\RealEstate10K_frames\images\test\0007fe14c86c4a78_000090.jpg,bedroom,0007fe14c86c4a78,90,1.497,1280,720
test,d:\smartnest.ai\smartnest_media_dataset\data\media_dataset\frames\RealEstate10K_frames\images\test\0007fe14c86c4a78_000120.jpg,bedroom,0007fe14c86c4a78,120,1.996,1280,720
test,d:\smartnest.ai\smartnest_media_dataset\data\media_dataset\frames\RealEstate10K_frames\images\test\0007fe14c86c4a78_000150.jpg,bedroom,0007fe14c86c4a78,150,2.495,1280,720
test,d:\smartnest.ai\smartnest_media_dataset\data\media_dataset\frames\RealEstate10K_frames\images\test\0007fe14c86c4a78_000180.jpg,bedroom,0007fe14c86c4a78,180,2.995,1280,720
test,d:\smartnest.ai\smartnest_media_dataset\data\media_dataset\frames\RealEstate10K_frames\images\test\0007fe14c86c4a78_000210.jpg,bedroom,0007fe14c86c4a78,210,3.494,1280,720
test,d:\smartnest.ai\smartnest_media_dataset\data\media_dataset\frames\RealEstate10K_frames\images\test\0007fe14c86c4a78_000240.jpg,bedroom,0007fe14c86c4a78,240,3.993,1280,720
test,d:\smartnest.ai\smartnest_media_dataset\data\media_dataset\frames\RealEstate10K_frames\images\test\0007fe14c86c4a78_000270.jpg,bedroom,0007fe14c86c4a78,270,4.492,1280,720
test,d:\smartnest.ai\smartnest_media_dataset\data\media_dataset\frames\RealEstate10K_frames\images\test\0007fe14c86c4a78_000300.jpg,bedroom,0007fe14c86c4a78,300,4.991,1280,720
test,d:\smartnest.ai\smartnest_media_dataset\data\media_dataset\frames\RealEstate10K_frames\images\test\0007fe14c86c4a78_000330.jpg,bedroom,0007fe14c86c4a78,330,5.490,1280,720
test,d:\smartnest.ai\smartnest_media_dataset\data\media_dataset\frames\RealEstate10K_frames\images\test\0007fe14c86c4a78_000360.jpg,bedroom,0007fe14c86c4a78,360,5.989,1280,720
train,d:\smartnest.ai\smartnest_media_dataset\data\media_dataset\frames\RealEstate10K_frames\images\train\0008631059fd7ba6_000000.jpg,living,0008631059fd7ba6,0,0.000,1280,720
train,d:\smartnest.ai\smartnest_media_dataset\data\media_dataset\frames\RealEstate10K_frames\images\train\0008631059fd7ba6_000015.jpg,living,0008631059fd7ba6,15,0.500,1280,720
train,d:\smartnest.ai\smartnest_media_dataset\data\media_dataset\frames\RealEstate10K_frames\images\train\0008631059fd7ba6_000030.jpg,living,0008631059fd7ba6,30,1.001,1280,720
train,d:\smartnest.ai\smartnest_media_dataset\data\media_dataset\frames\RealEstate10K_frames\images\train\0008631059fd7ba6_000045.jpg,living,0008631059fd7ba6,45,1.501,1280,720
train,d:\smartnest.ai\smartnest_media_dataset\data\media_dataset\frames\RealEstate10K_frames\images\train\0008631059fd7ba6_000060.jpg,living,0008631059fd7ba6,60,2.002,1280,720
train,d:\smartnest.ai\smartnest_media_dataset\data\media_dataset\frames\RealEstate10K_frames\images\train\0008631059fd7ba6_000075.jpg,kitchen,0008631059fd7ba6,75,2.502,1280,720
train,d:\smartnest.ai\smartnest_media_dataset\data\media_dataset\frames\RealEstate10K_frames\images\train\0008631059fd7ba6_000090.jpg,living,0008631059fd7ba6,90,3.003,1280,720
train,d:\smartnest.ai\smartnest_media_dataset\data\media_dataset\frames\RealEstate10K_frames\images\train\0008631059fd7ba6_000105.jpg,balcony,0008631059fd7ba6,105,3.503,1280,720
train,d:\smartnest.ai\smartnest_media_dataset\data\media_dataset\frames\RealEstate10K_frames\images\train\0008631059fd7ba6_000120.jpg,living,0008631059fd7ba6,120,4.004,1280,720
train,d:\smartnest.ai\smartnest_media_dataset\data\media_dataset\frames\RealEstate10K_frames\images\train\0008631059fd7ba6_000135.jpg,living,0008631059fd7ba6,135,4.504,1280,720
train,d:\smartnest.ai\smartnest_media_dataset\data\media_dataset\frames\RealEstate10K_frames\images\train\0008631059fd7ba6_000150.jpg,living,0008631059fd7ba6,150,5.004,1280,720
train,d:\smartnest.ai\smartnest_media_dataset\data\media_dataset\frames\RealEstate10K_frames\images\train\0008631059fd7ba6_000165.jpg,living,0008631059fd7ba6,165,5.505,1280,720
train,d:\smartnest.ai\smartnest_media_dataset\data\media_dataset\frames\RealEstate10K_frames\images\train\0008631059fd7ba6_000180.jpg,living,0008631059fd7ba6,180,6.005,1280,720
train,d:\smartnest.ai\smartnest_media_dataset\data\media_dataset\frames\RealEstate10K_frames\images\train\00087de44e487f80_000000.jpg,bathroom,00087de44e487f80,0,0.000,1280,720
train,d:\smartnest.ai\smartnest_media_dataset\data\media_dataset\frames\RealEstate10K_frames\images\train\00087de44e487f80_000030.jpg,bathroom,00087de44e487f80,30,0.501,1280,720
train,d:\smartnest.ai\smartnest_media_dataset\data\media_dataset\frames\RealEstate10K_frames\images\train\00087de44e487f80_000060.jpg,bathroom,00087de44e487f80,60,1.001,1280,720
train,d:\smartnest.ai\smartnest_media_dataset\data\media_dataset\frames\RealEstate10K_frames\images\train\00087de44e487f80_000090.jpg,bathroom,00087de44e487f80,90,1.502,1280,720
train,d:\smartnest.ai\smartnest_media_dataset\data\media_dataset\frames\RealEstate10K_frames\images\train\00087de44e487f80_000120.jpg,bathroom,00087de44e487f80,120,2.002,1280,720
train,d:\smartnest.ai\smartnest_media_dataset\data\media_dataset\frames\RealEstate10K_frames\images\train\000d2139ad05dc85_000000.jpg,bathroom,000d2139ad05dc85,0,0.000,1280,720
train,d:\smartnest.ai\smartnest_media_dataset\data\media_dataset\frames\RealEstate10K_frames\images\train\000d2139ad05dc85_000015.jpg,bathroom,000d2139ad05dc85,15,0.500,1280,720
train,d:\smartnest.ai\smartnest_media_dataset\data\media_dataset\frames\RealEstate10K_frames\images\train\000d2139ad05dc85_000030.jpg,bathroom,000d2139ad05dc85,30,1.001,1280,720
train,d:\smartnest.ai\smartnest_media_dataset\data\media_dataset\frames\RealEstate10K_frames\images\train\000d2139ad05dc85_000045.jpg,bathroom,000d2139ad05dc85,45,1.501,1280,720
train,d:\smartnest.ai\smartnest_media_dataset\data\media_dataset\frames\RealEstate10K_frames\images\train\000d2139ad05dc85_000060.jpg,bathroom,000d2139ad05dc85,60,2.002,1280,720
train,d:\smartnest.ai\smartnest_media_dataset\data\media_dataset\frames\RealEstate10K_frames\images\train\000d2139ad05dc85_000075.jpg,bathroom,000d2139ad05dc85,75,2.502,1280,720
train,d:\smartnest.ai\smartnest_media_dataset\data\media_dataset\frames\RealEstate10K_frames\images\train\000d2139ad05dc85_000090.jpg,bathroom,000d2139ad05dc85,90,3.003,1280,720
train,d:\smartnest.ai\smartnest_media_dataset\data\media_dataset\frames\RealEstate10K_frames\images\train\000d2139ad05dc85_000105.jpg,bathroom,000d2139ad05dc85,105,3.503,1280,720
train,d:\smartnest.ai\smartnest_media_dataset\data\media_dataset\frames\RealEstate10K_frames\images\train\000d2139ad05dc85_000120.jpg,bathroom,000d2139ad05dc85,120,4.004,1280,720
train,d:\smartnest.ai\smartnest_media_dataset\data\media_dataset\frames\RealEstate10K_frames\images\train\000d2139ad05dc85_000135.jpg,bathroom,000d2139ad05dc85,135,4.504,1280,720
train,d:\smartnest.ai\smartnest_media_dataset\data\media_dataset\frames\RealEstate10K_frames\images\train\000d2139ad05dc85_000150.jpg,bathroom,000d2139ad05dc85,150,5.004,1280,720
train,d:\smartnest.ai\smartnest_media_dataset\data\media_dataset\frames\RealEstate10K_frames\images\train\000d73d2405332df_000000.jpg,kitchen,000d73d2405332df,0,0.000,1280,720
train,d:\smartnest.ai\smartnest_media_dataset\data\media_dataset\frames\RealEstate10K_frames\images\train\000d73d2405332df_000015.jpg,kitchen,000d73d2405332df,15,0.500,1280,720
train,d:\smartnest.ai\smartnest_media_dataset\data\media_dataset\frames\RealEstate10K_frames\images\train\000d73d2405332df_000030.jpg,kitchen,000d73d2405332df,30,1.001,1280,720
train,d:\smartnest.ai\smartnest_media_dataset\data\media_dataset\frames\RealEstate10K_frames\images\train\000d73d2405332df_000045.jpg,bathroom,000d73d2405332df,45,1.501,1280,720
train,d:\smartnest.ai\smartnest_media_dataset\data\media_dataset\frames\RealEstate10K_frames\images\train\000d73d2405332df_000060.jpg,bedroom,000d73d2405332df,60,2.002,1280,720
train,d:\smartnest.ai\smartnest_media_dataset\data\media_dataset\frames\RealEstate10K_frames\images\train\000d73d2405332df_000075.jpg,bedroom,000d73d2405332df,75,2.502,1280,720
train,d:\smartnest.ai\smartnest_media_dataset\data\media_dataset\frames\RealEstate10K_frames\images\train\000d73d2405332df_000090.jpg,bedroom,000d73d2405332df,90,3.002,1280,720
train,d:\smartnest.ai\smartnest_media_dataset\data\media_dataset\frames\RealEstate10K_frames\images\train\000d73d2405332df_000105.jpg,bedroom,000d73d2405332df,105,3.503,1280,720
train,d:\smartnest.ai\smartnest_media_dataset\data\media_dataset\frames\RealEstate10K_frames\images\train\000d73d2405332df_000120.jpg,bedroom,000d73d2405332df,120,4.003,1280,720
train,d:\smartnest.ai\smartnest_media_dataset\data\media_dataset\frames\RealEstate10K_frames\images\train\000e285b03f3fddf_000000.jpg,kitchen,000e285b03f3fddf,0,0.000,1280,720
train,d:\smartnest.ai\smartnest_media_dataset\data\media_dataset\frames\RealEstate10K_frames\images\train\000e285b03f3fddf_000015.jpg,kitchen,000e285b03f3fddf,15,0.500,1280,720
train,d:\smartnest.ai\smartnest_media_dataset\data\media_dataset\frames\RealEstate10K_frames\images\train\000e285b03f3fddf_000030.jpg,kitchen,000e285b03f3fddf,30,1.001,1280,720
train,d:\smartnest.ai\smartnest_media_dataset\data\media_dataset\frames\RealEstate10K_frames\images\train\000e285b03f3fddf_000045.jpg,kitchen,000e285b03f3fddf,45,1.501,1280,720
train,d:\smartnest.ai\smartnest_media_dataset\data\media_dataset\frames\RealEstate10K_frames\images\train\000e285b03f3fddf_000060.jpg,kitchen,000e285b03f3fddf,60,2.002,1280,720
train,d:\smartnest.ai\smartnest_media_dataset\data\media_dataset\frames\RealEstate10K_frames\images\train\000e285b03f3fddf_000075.jpg,kitchen,000e285b03f3fddf,75,2.502,1280,720
train,d:\smartnest.ai\smartnest_media_dataset\data\media_dataset\frames\RealEstate10K_frames\images\train\000e285b03f3fddf_000090.jpg,kitchen,000e285b03f3fddf,90,3.003,1280,720
train,d:\smartnest.ai\smartnest_media_dataset\data\media_dataset\frames\RealEstate10K_frames\images\train\000e285b03f3fddf_000105.jpg,kitchen,000e285b03f3fddf,105,3.503,1280,720
train,d:\smartnest.ai\smartnest_media_dataset\data\media_dataset\frames\RealEstate10K_frames\images\train\000e285b03f3fddf_000120.jpg,bedroom,000e285b03f3fddf,120,4.004,1280,720
train,d:\smartnest.ai\smartnest_media_dataset\data\media_dataset\frames\RealEstate10K_frames\images\train\000e285b03f3fddf_000135.jpg,bedroom,000e285b03f3fddf,135,4.504,1280,720
train,d:\smartnest.ai\smartnest_media_dataset\data\media_dataset\frames\RealEstate10K_frames\images\train\00104677f98ca3c9_000000.jpg,bathroom,00104677f98ca3c9,0,0.000,1280,720
train,d:\smartnest.ai\smartnest_media_dataset\data\media_dataset\frames\RealEstate10K_frames\images\train\00104677f98ca3c9_000015.jpg,bathroom,00104677f98ca3c9,15,0.497,1280,720
train,d:\smartnest.ai\smartnest_media_dataset\data\media_dataset\frames\RealEstate10K_frames\images\train\00104677f98ca3c9_000030.jpg,bathroom,00104677f98ca3c9,30,0.994,1280,720
train,d:\smartnest.ai\smartnest_media_dataset\data\media_dataset\frames\RealEstate10K_frames\images\train\00104677f98ca3c9_000045.jpg,bathroom,00104677f98ca3c9,45,1.491,1280,720
train,d:\smartnest.ai\smartnest_media_dataset\data\media_dataset\frames\RealEstate10K_frames\images\train\00104677f98ca3c9_000060.jpg,bathroom,00104677f98ca3c9,60,1.987,1280,720
train,d:\smartnest.ai\smartnest_media_dataset\data\media_dataset\frames\RealEstate10K_frames\images\train\00104677f98ca3c9_000075.jpg,bathroom,00104677f98ca3c9,75,2.484,1280,720
train,d:\smartnest.ai\smartnest_media_dataset\data\media_dataset\frames\RealEstate10K_frames\images\train\00104677f98ca3c9_000090.jpg,bathroom,00104677f98ca3c9,90,2.981,1280,720
train,d:\smartnest.ai\smartnest_media_dataset\data\media_dataset\frames\RealEstate10K_frames\images\train\00104677f98ca3c9_000105.jpg,bathroom,00104677f98ca3c9,105,3.478,1280,720
train,d:\smartnest.ai\smartnest_media_dataset\data\media_dataset\frames\RealEstate10K_frames\images\train\00104677f98ca3c9_000120.jpg,bathroom,00104677f98ca3c9,120,3.975,1280,720
train,d:\smartnest.ai\smartnest_media_dataset\data\media_dataset\frames\RealEstate10K_frames\images\train\00104677f98ca3c9_000135.jpg,bathroom,00104677f98ca3c9,135,4.472,1280,720
train,d:\smartnest.ai\smartnest_media_dataset\data\media_dataset\frames\RealEstate10K_frames\images\train\0010533d5f176d7b_000000.jpg,balcony,0010533d5f176d7b,0,0.000,1280,720
train,d:\smartnest.ai\smartnest_media_dataset\data\media_dataset\frames\RealEstate10K_frames\images\train\0010533d5f176d7b_000012.jpg,balcony,0010533d5f176d7b,12,0.496,1280,720
train,d:\smartnest.ai\smartnest_media_dataset\data\media_dataset\frames\RealEstate10K_frames\images\train\0010533d5f176d7b_000024.jpg,kitchen,0010533d5f176d7b,24,0.991,1280,720
train,d:\smartnest.ai\smartnest_media_dataset\data\media_dataset\frames\RealEstate10K_frames\images\train\0010533d5f176d7b_000036.jpg,kitchen,0010533d5f176d7b,36,1.487,1280,720
train,d:\smartnest.ai\smartnest_media_dataset\data\media_dataset\frames\RealEstate10K_frames\images\train\0010533d5f176d7b_000048.jpg,balcony,0010533d5f176d7b,48,1.982,1280,720
train,d:\smartnest.ai\smartnest_media_dataset\data\media_dataset\frames\RealEstate10K_frames\images\train\0010533d5f176d7b_000060.jpg,balcony,0010533d5f176d7b,60,2.478,1280,720
train,d:\smartnest.ai\smartnest_media_dataset\data\media_dataset\frames\RealEstate10K_frames\images\train\0010533d5f176d7b_000072.jpg,balcony,0010533d5f176d7b,72,2.974,1280,720
train,d:\smartnest.ai\smartnest_media_dataset\data\media_dataset\frames\RealEstate10K_frames\images\train\0010533d5f176d7b_000084.jpg,kitchen,0010533d5f176d7b,84,3.469,1280,720
train,d:\smartnest.ai\smartnest_media_dataset\data\media_dataset\frames\RealEstate10K_frames\images\train\0010533d5f176d7b_000096.jpg,balcony,0010533d5f176d7b,96,3.965,1280,720
train,d:\smartnest.ai\smartnest_media_dataset\data\media_dataset\frames\RealEstate10K_frames\images\train\0010533d5f176d7b_000108.jpg,balcony,0010533d5f176d7b,108,4.461,1280,720
train,d:\smartnest.ai\smartnest_media_dataset\data\media_dataset\frames\RealEstate10K_frames\images\train\0013a39f3a02b5c3_000000.jpg,bathroom,0013a39f3a02b5c3,0,0.000,1280,720
train,d:\smartnest.ai\smartnest_media_dataset\data\media_dataset\frames\RealEstate10K_frames\images\train\0013a39f3a02b5c3_000015.jpg,bathroom,0013a39f3a02b5c3,15,0.500,1280,720
train,d:\smartnest.ai\smartnest_media_dataset\data\media_dataset\frames\RealEstate10K_frames\images\train\0013a39f3a02b5c3_000030.jpg,bathroom,0013a39f3a02b5c3,30,1.001,1280,720
train,d:\smartnest.ai\smartnest_media_dataset\data\media_dataset\frames\RealEstate10K_frames\images\train\0013a39f3a02b5c3_000045.jpg,bathroom,0013a39f3a02b5c3,45,1.501,1280,720
train,d:\smartnest.ai\smartnest_media_dataset\data\media_dataset\frames\RealEstate10K_frames\images\train\0013a39f3a02b5c3_000060.jpg,bathroom,0013a39f3a02b5c3,60,2.002,1280,720
train,d:\smartnest.ai\smartnest_media_dataset\data\media_dataset\frames\RealEstate10K_frames\images\train\0013a39f3a02b5c3_000075.jpg,bathroom,0013a39f3a02b5c3,75,2.502,1280,720
train,d:\smartnest.ai\smartnest_media_dataset\data\media_dataset\frames\RealEstate10K_frames\images\train\0013a39f3a02b5c3_000090.jpg,bathroom,0013a39f3a02b5c3,90,3.003,1280,720
train,d:\smartnest.ai\smartnest_media_dataset\data\media_dataset\frames\RealEstate10K_frames\images\train\0013a39f3a02b5c3_000105.jpg,bathroom,0013a39f3a02b5c3,105,3.503,1280,720
train,d:\smartnest.ai\smartnest_media_dataset\data\media_dataset\frames\RealEstate10K_frames\images\train\0013a39f3a02b5c3_000120.jpg,bathroom,0013a39f3a02b5c3,120,4.004,1280,720
train,d:\smartnest.ai\smartnest_media_dataset\data\media_dataset\frames\RealEstate10K_frames\images\train\0013a39f3a02b5c3_000135.jpg,bathroom,0013a39f3a02b5c3,135,4.504,1280,720
train,d:\smartnest.ai\smartnest_media_dataset\data\media_dataset\frames\RealEstate10K_frames\images\train\0013a39f3a02b5c3_000150.jpg,living,0013a39f3a02b5c3,150,5.004,1280,720
train,d:\smartnest.ai\smartnest_media_dataset\data\media_dataset\frames\RealEstate10K_frames\images\train\0013a39f3a02b5c3_000165.jpg,bedroom,0013a39f3a02b5c3,165,5.505,1280,720
train,d:\smartnest.ai\smartnest_media_dataset\data\media_dataset\frames\RealEstate10K_frames\images\train\0013a39f3a02b5c3_000180.jpg,bedroom,0013a39f3a02b5c3,180,6.005,1280,720
train,d:\smartnest.ai\smartnest_media_dataset\data\media_dataset\frames\RealEstate10K_frames\images\train\0013a39f3a02b5c3_000195.jpg,bedroom,0013a39f3a02b5c3,195,6.506,1280,720
train,d:\smartnest.ai\smartnest_media_dataset\data\media_dataset\frames\RealEstate10K_frames\images\train\0013a39f3a02b5c3_000210.jpg,bedroom,0013a39f3a02b5c3,210,7.006,1280,720
train,d:\smartnest.ai\smartnest_media_dataset\data\media_dataset\frames\RealEstate10K_frames\images\train\0013a39f3a02b5c3_000225.jpg,bedroom,0013a39f3a02b5c3,225,7.507,1280,720
train,d:\smartnest.ai\smartnest_media_dataset\data\media_dataset\frames\RealEstate10K_frames\images\train\0013a39f3a02b5c3_000240.jpg,bedroom,0013a39f3a02b5c3,240,8.007,1280,720
train,d:\smartnest.ai\smartnest_media_dataset\data\media_dataset\frames\RealEstate10K_frames\images\train\0014287f39e4686f_000000.jpg,kitchen,0014287f39e4686f,0,0.000,1280,720
train,d:\smartnest.ai\smartnest_media_dataset\data\media_dataset\frames\RealEstate10K_frames\images\train\0014287f39e4686f_000015.jpg,kitchen,0014287f39e4686f,15,0.500,1280,720
train,d:\smartnest.ai\smartnest_media_dataset\data\media_dataset\frames\RealEstate10K_frames\images\train\0014287f39e4686f_000030.jpg,kitchen,0014287f39e4686f,30,1.001,1280,720
train,d:\smartnest.ai\smartnest_media_dataset\data\media_dataset\frames\RealEstate10K_frames\images\train\0014287f39e4686f_000045.jpg,kitchen,0014287f39e4686f,45,1.501,1280,720
train,d:\smartnest.ai\smartnest_media_dataset\data\media_dataset\frames\RealEstate10K_frames\images\train\0014287f39e4686f_000060.jpg,kitchen,0014287f39e4686f,60,2.002,1280,720
train,d:\smartnest.ai\smartnest_media_dataset\data\media_dataset\frames\RealEstate10K_frames\images\train\0014287f39e4686f_000075.jpg,bedroom,0014287f39e4686f,75,2.502,1280,720
train,d:\smartnest.ai\smartnest_media_dataset\data\media_dataset\frames\RealEstate10K_frames\images\train\0014287f39e4686f_000090.jpg,bedroom,0014287f39e4686f,90,3.003,1280,720
train,d:\smartnest.ai\smartnest_media_dataset\data\media_dataset\frames\RealEstate10K_frames\images\train\0014287f39e4686f_000105.jpg,bedroom,0014287f39e4686f,105,3.503,1280,720
train,d:\smartnest.ai\smartnest_media_dataset\data\media_dataset\frames\RealEstate10K_frames\images\train\0014287f39e4686f_000120.jpg,bedroom,0014287f39e4686f,120,4.004,1280,720
train,d:\smartnest.ai\smartnest_media_dataset\data\media_dataset\frames\RealEstate10K_frames\images\train\0014287f39e4686f_000135.jpg,kitchen,0014287f39e4686f,135,4.504,1280,720
train,d:\smartnest.ai\smartnest_media_dataset\data\media_dataset\frames\RealEstate10K_frames\images\train\0014287f39e4686f_000150.jpg,bedroom,0014287f39e4686f,150,5.004,1280,720
train,d:\smartnest.ai\smartnest_media_dataset\data\media_dataset\frames\RealEstate10K_frames\images\train\0014287f39e4686f_000165.jpg,bedroom,0014287f39e4686f,165,5.505,1280,720
train,d:\smartnest.ai\smartnest_media_dataset\data\media_dataset\frames\RealEstate10K_frames\images\train\0014287f39e4686f_000180.jpg,bedroom,0014287f39e4686f,180,6.005,1280,720
train,d:\smartnest.ai\smartnest_media_dataset\data\media_dataset\frames\RealEstate10K_frames\images\train\0014287f39e4686f_000195.jpg,bedroom,0014287f39e4686f,195,6.506,1280,720
train,d:\smartnest.ai\smartnest_media_dataset\data\media_dataset\frames\RealEstate10K_frames\images\train\0014287f39e4686f_000210.jpg,bedroom,0014287f39e4686f,210,7.006,1280,720
train,d:\smartnest.ai\smartnest_media_dataset\data\media_dataset\frames\RealEstate10K_frames\images\train\0014287f39e4686f_000225.jpg,bedroom,0014287f39e4686f,225,7.507,1280,720
train,d:\smartnest.ai\smartnest_media_dataset\data\media_dataset\frames\RealEstate10K_frames\images\train\0014287f39e4686f_000240.jpg,bedroom,0014287f39e4686f,240,8.007,1280,720
train,d:\smartnest.ai\smartnest_media_dataset\data\media_dataset\frames\RealEstate10K_frames\images\train\0014287f39e4686f_000255.jpg,bedroom,0014287f39e4686f,255,8.508,1280,720
train,d:\smartnest.ai\smartnest_media_dataset\data\media_dataset\frames\RealEstate10K_frames\images\train\0014287f39e4686f_000270.jpg,bedroom,0014287f39e4686f,270,9.008,1280,720
train,d:\smartnest.ai\smartnest_media_dataset\data\media_dataset\frames\RealEstate10K_frames\images\train\0014287f39e4686f_000285.jpg,bedroom,0014287f39e4686f,285,9.509,1280,720
train,d:\smartnest.ai\smartnest_media_dataset\data\media_dataset\frames\RealEstate10K_frames\images\train\001511b4a282e504_000000.jpg,bedroom,001511b4a282e504,0,0.000,1280,720
train,d:\smartnest.ai\smartnest_media_dataset\data\media_dataset\frames\RealEstate10K_frames\images\train\001511b4a282e504_000015.jpg,bedroom,001511b4a282e504,15,0.500,1280,720
train,d:\smartnest.ai\smartnest_media_dataset\data\media_dataset\frames\RealEstate10K_frames\images\train\001511b4a282e504_000030.jpg,bedroom,001511b4a282e504,30,1.001,1280,720
train,d:\smartnest.ai\smartnest_media_dataset\data\media_dataset\frames\RealEstate10K_frames\images\train\001511b4a282e504_000045.jpg,bedroom,001511b4a282e504,45,1.501,1280,720
train,d:\smartnest.ai\smartnest_media_dataset\data\media_dataset\frames\RealEstate10K_frames\images\train\001511b4a282e504_000060.jpg,bedroom,001511b4a282e504,60,2.002,1280,720
train,d:\smartnest.ai\smartnest_media_dataset\data\media_dataset\frames\RealEstate10K_frames\images\train\001511b4a282e504_000075.jpg,bedroom,001511b4a282e504,75,2.502,1280,720
train,d:\smartnest.ai\smartnest_media_dataset\data\media_dataset\frames\RealEstate10K_frames\images\train\001511b4a282e504_000090.jpg,bedroom,001511b4a282e504,90,3.003,1280,720
train,d:\smartnest.ai\smartnest_media_dataset\data\media_dataset\frames\RealEstate10K_frames\images\train\001511b4a282e504_000105.jpg,bedroom,001511b4a282e504,105,3.503,1280,720
train,d:\smartnest.ai\smartnest_media_dataset\data\media_dataset\frames\RealEstate10K_frames\images\train\001511b4a282e504_000120.jpg,bedroom,001511b4a282e504,120,4.004,1280,720
train,d:\smartnest.ai\smartnest_media_dataset\data\media_dataset\frames\RealEstate10K_frames\images\train\001511b4a282e504_000135.jpg,bedroom,001511b4a282e504,135,4.504,1280,720
train,d:\smartnest.ai\smartnest_media_dataset\data\media_dataset\frames\RealEstate10K_frames\images\train\001511b4a282e504_000150.jpg,bedroom,001511b4a282e504,150,5.005,1280,720
train,d:\smartnest.ai\smartnest_media_dataset\data\media_dataset\frames\RealEstate10K_frames\images\train\001511b4a282e504_000165.jpg,bedroom,001511b4a282e504,165,5.505,1280,720
train,d:\smartnest.ai\smartnest_media_dataset\data\media_dataset\frames\RealEstate10K_frames\images\train\001511b4a282e504_000180.jpg,bedroom,001511b4a282e504,180,6.006,1280,720
train,d:\smartnest.ai\smartnest_media_dataset\data\media_dataset\frames\RealEstate10K_frames\images\train\001511b4a282e504_000195.jpg,bedroom,001511b4a282e504,195,6.506,1280,720
train,d:\smartnest.ai\smartnest_media_dataset\data\media_dataset\frames\RealEstate10K_frames\images\train\001511b4a282e504_000210.jpg,bedroom,001511b4a282e504,210,7.006,1280,720
train,d:\smartnest.ai\smartnest_media_dataset\data\media_dataset\frames\RealEstate10K_frames\images\train\001511b4a282e504_000225.jpg,bedroom,001511b4a282e504,225,7.507,1280,720
train,d:\smartnest.ai\smartnest_media_dataset\data\media_dataset\frames\RealEstate10K_frames\images\train\001511b4a282e504_000240.jpg,bedroom,001511b4a282e504,240,8.007,1280,720
train,d:\smartnest.ai\smartnest_media_dataset\data\media_dataset\frames\RealEstate10K_frames\images\train\001573921974bc70_000000.jpg,balcony,001573921974bc70,0,0.000,1280,720
train,d:\smartnest.ai\smartnest_media_dataset\data\media_dataset\frames\RealEstate10K_frames\images\train\001573921974bc70_000030.jpg,living,001573921974bc70,30,0.500,1280,720
train,d:\smartnest.ai\smartnest_media_dataset\data\media_dataset\frames\RealEstate10K_frames\images\train\001573921974bc70_000060.jpg,living,001573921974bc70,60,1.001,1280,720
train,d:\smartnest.ai\smartnest_media_dataset\data\media_dataset\frames\RealEstate10K_frames\images\train\001573921974bc70_000090.jpg,living,001573921974bc70,90,1.501,1280,720
train,d:\smartnest.ai\smartnest_media_dataset\data\media_dataset\frames\RealEstate10K_frames\images\train\001573921974bc70_000120.jpg,balcony,001573921974bc70,120,2.002,1280,720
train,d:\smartnest.ai\smartnest_media_dataset\data\media_dataset\frames\RealEstate10K_frames\images\train\001573921974bc70_000150.jpg,living,001573921974bc70,150,2.502,1280,720
train,d:\smartnest.ai\smartnest_media_dataset\data\media_dataset\frames\RealEstate10K_frames\images\train\001573921974bc70_000180.jpg,living,001573921974bc70,180,3.003,1280,720
train,d:\smartnest.ai\smartnest_media_dataset\data\media_dataset\frames\RealEstate10K_frames\images\train\001573921974bc70_000210.jpg,living,001573921974bc70,210,3.503,1280,720
train,d:\smartnest.ai\smartnest_media_dataset\data\media_dataset\frames\RealEstate10K_frames\images\train\001573921974bc70_000240.jpg,living,001573921974bc70,240,4.004,1280,720
train,d:\smartnest.ai\smartnest_media_dataset\data\media_dataset\frames\RealEstate10K_frames\images\train\001573921974bc70_000270.jpg,living,001573921974bc70,270,4.504,1280,720
train,d:\smartnest.ai\smartnest_media_dataset\data\media_dataset\frames\RealEstate10K_frames\images\train\001573921974bc70_000300.jpg,living,001573921974bc70,300,5.005,1280,720
train,d:\smartnest.ai\smartnest_media_dataset\data\media_dataset\frames\RealEstate10K_frames\images\train\001573921974bc70_000330.jpg,living,001573921974bc70,330,5.505,1280,720
train,d:\smartnest.ai\smartnest_media_dataset\data\media_dataset\frames\RealEstate10K_frames\images\train\001573921974bc70_000360.jpg,living,001573921974bc70,360,6.006,1280,720
train,d:\smartnest.ai\smartnest_media_dataset\data\media_dataset\frames\RealEstate10K_frames\images\train\001573921974bc70_000390.jpg,living,001573921974bc70,390,6.506,1280,720
train,d:\smartnest.ai\smartnest_media_dataset\data\media_dataset\frames\RealEstate10K_frames\images\train\001573921974bc70_000420.jpg,living,001573921974bc70,420,7.007,1280,720
train,d:\smartnest.ai\smartnest_media_dataset\data\media_dataset\frames\RealEstate10K_frames\images\train\001573921974bc70_000450.jpg,living,001573921974bc70,450,7.507,1280,720
train,d:\smartnest.ai\smartnest_media_dataset\data\media_dataset\frames\RealEstate10K_frames\images\train\001573921974bc70_000480.jpg,living,001573921974bc70,480,8.008,1280,720
train,d:\smartnest.ai\smartnest_media_dataset\data\media_dataset\frames\RealEstate10K_frames\images\train\001573921974bc70_000510.jpg,living,001573921974bc70,510,8.508,1280,720
train,d:\smartnest.ai\smartnest_media_dataset\data\media_dataset\frames\RealEstate10K_frames\images\train\001573921974bc70_000540.jpg,living,001573921974bc70,540,9.009,1280,720
train,d:\smartnest.ai\smartnest_media_dataset\data\media_dataset\frames\RealEstate10K_frames\images\train\001573921974bc70_000570.jpg,living,001573921974bc70,570,9.509,1280,720
train,d:\smartnest.ai\smartnest_media_dataset\data\media_dataset\frames\RealEstate10K_frames\images\train\001573921974bc70_000600.jpg,living,001573921974bc70,600,10.010,1280,720
train,d:\smartnest.ai\smartnest_media_dataset\data\media_dataset\frames\RealEstate10K_frames\images\train\001573921974bc70_000630.jpg,living,001573921974bc70,630,10.510,1280,720
train,d:\smartnest.ai\smartnest_media_dataset\data\media_dataset\frames\RealEstate10K_frames\images\train\00168ec12dda389c_000000.jpg,kitchen,00168ec12dda389c,0,0.000,1280,720
train,d:\smartnest.ai\smartnest_media_dataset\data\media_dataset\frames\RealEstate10K_frames\images\train\00168ec12dda389c_000030.jpg,kitchen,00168ec12dda389c,30,0.501,1280,720
train,d:\smartnest.ai\smartnest_media_dataset\data\media_dataset\frames\RealEstate10K_frames\images\train\00168ec12dda389c_000060.jpg,kitchen,00168ec12dda389c,60,1.001,1280,720
train,d:\smartnest.ai\smartnest_media_dataset\data\media_dataset\frames\RealEstate10K_frames\images\train\00168ec12dda389c_000090.jpg,kitchen,00168ec12dda389c,90,1.502,1280,720
train,d:\smartnest.ai\smartnest_media_dataset\data\media_dataset\frames\RealEstate10K_frames\images\train\00168ec12dda389c_000120.jpg,kitchen,00168ec12dda389c,120,2.002,1280,720
train,d:\smartnest.ai\smartnest_media_dataset\data\media_dataset\frames\RealEstate10K_frames\images\train\00168ec12dda389c_000150.jpg,kitchen,00168ec12dda389c,150,2.503,1280,720
train,d:\smartnest.ai\smartnest_media_dataset\data\media_dataset\frames\RealEstate10K_frames\images\train\00168ec12dda389c_000180.jpg,kitchen,00168ec12dda389c,180,3.003,1280,720
train,d:\smartnest.ai\smartnest_media_dataset\data\media_dataset\frames\RealEstate10K_frames\images\train\00168ec12dda389c_000210.jpg,kitchen,00168ec12dda389c,210,3.504,1280,720
train,d:\smartnest.ai\smartnest_media_dataset\data\media_dataset\frames\RealEstate10K_frames\images\train\00168ec12dda389c_000240.jpg,kitchen,00168ec12dda389c,240,4.004,1280,720
train,d:\smartnest.ai\smartnest_media_dataset\data\media_dataset\frames\RealEstate10K_frames\images\train\00168ec12dda389c_000270.jpg,kitchen,00168ec12dda389c,270,4.505,1280,720
train,d:\smartnest.ai\smartnest_media_dataset\data\media_dataset\frames\RealEstate10K_frames\images\train\00168ec12dda389c_000300.jpg,bedroom,00168ec12dda389c,300,5.005,1280,720
train,d:\smartnest.ai\smartnest_media_dataset\data\media_dataset\frames\RealEstate10K_frames\images\train\00168ec12dda389c_000330.jpg,bedroom,00168ec12dda389c,330,5.506,1280,720
train,d:\smartnest.ai\smartnest_media_dataset\data\media_dataset\frames\RealEstate10K_frames\images\train\00168ec12dda389c_000360.jpg,bedroom,00168ec12dda389c,360,6.006,1280,720
train,d:\smartnest.ai\smartnest_media_dataset\data\media_dataset\frames\RealEstate10K_frames\images\train\00168ec12dda389c_000390.jpg,bedroom,00168ec12dda389c,390,6.507,1280,720
train,d:\smartnest.ai\smartnest_media_dataset\data\media_dataset\frames\RealEstate10K_frames\images\train\00168ec12dda389c_000420.jpg,bedroom,00168ec12dda389c,420,7.007,1280,720
train,d:\smartnest.ai\smartnest_media_dataset\data\media_dataset\frames\RealEstate10K_frames\images\train\00168ec12dda389c_000450.jpg,bedroom,00168ec12dda389c,450,7.508,1280,720
train,d:\smartnest.ai\smartnest_media_dataset\data\media_dataset\frames\RealEstate10K_frames\images\train\00168ec12dda389c_000480.jpg,bedroom,00168ec12dda389c,480,8.008,1280,720
train,d:\smartnest.ai\smartnest_media_dataset\data\media_dataset\frames\RealEstate10K_frames\images\train\00168ec12dda389c_000510.jpg,bedroom,00168ec12dda389c,510,8.509,1280,720
train,d:\smartnest.ai\smartnest_media_dataset\data\media_dataset\frames\RealEstate10K_frames\images\train\00168ec12dda389c_000540.jpg,bedroom,00168ec12dda389c,540,9.009,1280,720
train,d:\smartnest.ai\smartnest_media_dataset\data\media_dataset\frames\RealEstate10K_frames\images\train\00168ec12dda389c_000570.jpg,bedroom,00168ec12dda389c,570,9.510,1280,720
train,d:\smartnest.ai\smartnest_media_dataset\data\media_dataset\frames\RealEstate10K_frames\images\train\00168ec12dda389c_000600.jpg,bedroom,00168ec12dda389c,600,10.010,1280,720
train,d:\smartnest.ai\smartnest_media_dataset\data\media_dataset\frames\RealEstate10K_frames\images\train\00168ec12dda389c_000630.jpg,bedroom,00168ec12dda389c,630,10.511,1280,720
train,d:\smartnest.ai\smartnest_media_dataset\data\media_dataset\frames\RealEstate10K_frames\images\train\00168ec12dda389c_000660.jpg,bedroom,00168ec12dda389c,660,11.011,1280,720
train,d:\smartnest.ai\smartnest_media_dataset\data\media_dataset\frames\RealEstate10K_frames\images\train\00168ec12dda389c_000690.jpg,bedroom,00168ec12dda389c,690,11.512,1280,720
train,d:\smartnest.ai\smartnest_media_dataset\data\media_dataset\frames\RealEstate10K_frames\images\train\00168ec12dda389c_000720.jpg,bedroom,00168ec12dda389c,720,12.012,1280,720
train,d:\smartnest.ai\smartnest_media_dataset\data\media_dataset\frames\RealEstate10K_frames\images\train\00168ec12dda389c_000750.jpg,bedroom,00168ec12dda389c,750,12.513,1280,720
train,d:\smartnest.ai\smartnest_media_dataset\data\media_dataset\frames\RealEstate10K_frames\images\train\00168ec12dda389c_000780.jpg,bedroom,00168ec12dda389c,780,13.013,1280,720
train,d:\smartnest.ai\smartnest_media_dataset\data\media_dataset\frames\RealEstate10K_frames\images\train\00168ec12dda389c_000810.jpg,bedroom,00168ec12dda389c,810,13.514,1280,720
train,d:\smartnest.ai\smartnest_media_dataset\data\media_dataset\frames\RealEstate10K_frames\images\train\00168ec12dda389c_000840.jpg,bedroom,00168ec12dda389c,840,14.014,1280,720
train,d:\smartnest.ai\smartnest_media_dataset\data\media_dataset\frames\RealEstate10K_frames\images\train\0016d89da2d78196_000000.jpg,kitchen,0016d89da2d78196,0,0.000,1280,720
train,d:\smartnest.ai\smartnest_media_dataset\data\media_dataset\frames\RealEstate10K_frames\images\train\0016d89da2d78196_000015.jpg,kitchen,0016d89da2d78196,15,0.498,1280,720
train,d:\smartnest.ai\smartnest_media_dataset\data\media_dataset\frames\RealEstate10K_frames\images\train\0016d89da2d78196_000030.jpg,bedroom,0016d89da2d78196,30,0.996,1280,720
train,d:\smartnest.ai\smartnest_media_dataset\data\media_dataset\frames\RealEstate10K_frames\images\train\0016d89da2d78196_000045.jpg,bedroom,0016d89da2d78196,45,1.494,1280,720
train,d:\smartnest.ai\smartnest_media_dataset\data\media_dataset\frames\RealEstate10K_frames\images\train\0016d89da2d78196_000060.jpg,kitchen,0016d89da2d78196,60,1.992,1280,720
train,d:\smartnest.ai\smartnest_media_dataset\data\media_dataset\frames\RealEstate10K_frames\images\train\0016d89da2d78196_000075.jpg,bedroom,0016d89da2d78196,75,2.491,1280,720
train,d:\smartnest.ai\smartnest_media_dataset\data\media_dataset\frames\RealEstate10K_frames\images\train\0016d89da2d78196_000090.jpg,bedroom,0016d89da2d78196,90,2.989,1280,720
train,d:\smartnest.ai\smartnest_media_dataset\data\media_dataset\frames\RealEstate10K_frames\images\train\0016d89da2d78196_000105.jpg,bedroom,0016d89da2d78196,105,3.487,1280,720
train,d:\smartnest.ai\smartnest_media_dataset\data\media_dataset\frames\RealEstate10K_frames\images\train\0016d89da2d78196_000120.jpg,bedroom,0016d89da2d78196,120,3.985,1280,720
train,d:\smartnest.ai\smartnest_media_dataset\data\media_dataset\frames\RealEstate10K_frames\images\train\0016d89da2d78196_000135.jpg,balcony,0016d89da2d78196,135,4.483,1280,720
train,d:\smartnest.ai\smartnest_media_dataset\data\media_dataset\frames\RealEstate10K_frames\images\train\0016d89da2d78196_000150.jpg,balcony,0016d89da2d78196,150,4.981,1280,720
train,d:\smartnest.ai\smartnest_media_dataset\data\media_dataset\frames\RealEstate10K_frames\images\train\0016d89da2d78196_000165.jpg,balcony,0016d89da2d78196,165,5.479,1280,720
train,d:\smartnest.ai\smartnest_media_dataset\data\media_dataset\frames\RealEstate10K_frames\images\train\0016d89da2d78196_000180.jpg,balcony,0016d89da2d78196,180,5.977,1280,720
train,d:\smartnest.ai\smartnest_media_dataset\data\media_dataset\frames\RealEstate10K_frames\images\train\0016d89da2d78196_000195.jpg,balcony,0016d89da2d78196,195,6.475,1280,720
train,d:\smartnest.ai\smartnest_media_dataset\data\media_dataset\frames\RealEstate10K_frames\images\train\0016d89da2d78196_000210.jpg,balcony,0016d89da2d78196,210,6.974,1280,720
test,d:\smartnest.ai\smartnest_media_dataset\data\media_dataset\frames\RealEstate10K_frames\images\test\00182dd4c74ab052_000000.jpg,bedroom,00182dd4c74ab052,0,0.000,1280,720
test,d:\smartnest.ai\smartnest_media_dataset\data\media_dataset\frames\RealEstate10K_frames\images\test\00182dd4c74ab052_000030.jpg,bedroom,00182dd4c74ab052,30,0.500,1280,720
test,d:\smartnest.ai\smartnest_media_dataset\data\media_dataset\frames\RealEstate10K_frames\images\test\00182dd4c74ab052_000060.jpg,bedroom,00182dd4c74ab052,60,1.000,1280,720
test,d:\smartnest.ai\smartnest_media_dataset\data\media_dataset\frames\RealEstate10K_frames\images\test\00182dd4c74ab052_000090.jpg,balcony,00182dd4c74ab052,90,1.499,1280,720
test,d:\smartnest.ai\smartnest_media_dataset\data\media_dataset\frames\RealEstate10K_frames\images\test\00182dd4c74ab052_000120.jpg,balcony,00182dd4c74ab052,120,1.999,1280,720
test,d:\smartnest.ai\smartnest_media_dataset\data\media_dataset\frames\RealEstate10K_frames\images\test\00182dd4c74ab052_000150.jpg,balcony,00182dd4c74ab052,150,2.499,1280,720
test,d:\smartnest.ai\smartnest_media_dataset\data\media_dataset\frames\RealEstate10K_frames\images\test\00182dd4c74ab052_000180.jpg,balcony,00182dd4c74ab052,180,2.999,1280,720
test,d:\smartnest.ai\smartnest_media_dataset\data\media_dataset\frames\RealEstate10K_frames\images\test\00182dd4c74ab052_000210.jpg,balcony,00182dd4c74ab052,210,3.498,1280,720
test,d:\smartnest.ai\smartnest_media_dataset\data\media_dataset\frames\RealEstate10K_frames\images\test\00182dd4c74ab052_000240.jpg,balcony,00182dd4c74ab052,240,3.998,1280,720
test,d:\smartnest.ai\smartnest_media_dataset\data\media_dataset\frames\RealEstate10K_frames\images\test\00182dd4c74ab052_000270.jpg,balcony,00182dd4c74ab052,270,4.498,1280,720
test,d:\smartnest.ai\smartnest_media_dataset\data\media_dataset\frames\RealEstate10K_frames\images\test\00182dd4c74ab052_000300.jpg,bedroom,00182dd4c74ab052,300,4.998,1280,720
test,d:\smartnest.ai\smartnest_media_dataset\data\media_dataset\frames\RealEstate10K_frames\images\test\00182dd4c74ab052_000330.jpg,bedroom,00182dd4c74ab052,330,5.497,1280,720
test,d:\smartnest.ai\smartnest_media_dataset\data\media_dataset\frames\RealEstate10K_frames\images\test\00182dd4c74ab052_000360.jpg,balcony,00182dd4c74ab052,360,5.997,1280,720
test,d:\smartnest.ai\smartnest_media_dataset\data\media_dataset\frames\RealEstate10K_frames\images\test\00182dd4c74ab052_000390.jpg,balcony,00182dd4c74ab052,390,6.497,1280,720
test,d:\smartnest.ai\smartnest_media_dataset\data\media_dataset\frames\RealEstate10K_frames\images\test\00182dd4c74ab052_000420.jpg,balcony,00182dd4c74ab052,420,6.997,1280,720
test,d:\smartnest.ai\smartnest_media_dataset\data\media_dataset\frames\RealEstate10K_frames\images\test\00182dd4c74ab052_000450.jpg,bedroom,00182dd4c74ab052,450,7.496,1280,720
test,d:\smartnest.ai\smartnest_media_dataset\data\media_dataset\frames\RealEstate10K_frames\images\test\00182dd4c74ab052_000480.jpg,bedroom,00182dd4c74ab052,480,7.996,1280,720
test,d:\smartnest.ai\smartnest_media_dataset\data\media_dataset\frames\RealEstate10K_frames\images\test\00182dd4c74ab052_000510.jpg,bedroom,00182dd4c74ab052,510,8.496,1280,720
test,d:\smartnest.ai\smartnest_media_dataset\data\media_dataset\frames\RealEstate10K_frames\images\test\00182dd4c74ab052_000540.jpg,bedroom,00182dd4c74ab052,540,8.996,1280,720
test,d:\smartnest.ai\smartnest_media_dataset\data\media_dataset\frames\RealEstate10K_frames\images\test\00182dd4c74ab052_000570.jpg,bedroom,00182dd4c74ab052,570,9.495,1280,720
test,d:\smartnest.ai\smartnest_media_dataset\data\media_dataset\frames\RealEstate10K_frames\images\test\00182dd4c74ab052_000600.jpg,bedroom,00182dd4c74ab052,600,9.995,1280,720
test,d:\smartnest.ai\smartnest_media_dataset\data\media_dataset\frames\RealEstate10K_frames\images\test\00182dd4c74ab052_000630.jpg,bedroom,00182dd4c74ab052,630,10.495,1280,720
test,d:\smartnest.ai\smartnest_media_dataset\data\media_dataset\frames\RealEstate10K_frames\images\test\00182dd4c74ab052_000660.jpg,bedroom,00182dd4c74ab052,660,10.995,1280,720
test,d:\smartnest.ai\smartnest_media_dataset\data\media_dataset\frames\RealEstate10K_frames\images\test\00182dd4c74ab052_000690.jpg,bedroom,00182dd4c74ab052,690,11.494,1280,720
test,d:\smartnest.ai\smartnest_media_dataset\data\media_dataset\frames\RealEstate10K_frames\images\test\001c43a59a9e0b16_000000.jpg,balcony,001c43a59a9e0b16,0,0.000,1280,720
test,d:\smartnest.ai\smartnest_media_dataset\data\media_dataset\frames\RealEstate10K_frames\images\test\001c43a59a9e0b16_000030.jpg,balcony,001c43a59a9e0b16,30,0.500,1280,720
test,d:\smartnest.ai\smartnest_media_dataset\data\media_dataset\frames\RealEstate10K_frames\images\test\001c43a59a9e0b16_000060.jpg,balcony,001c43a59a9e0b16,60,1.000,1280,720
test,d:\smartnest.ai\smartnest_media_dataset\data\media_dataset\frames\RealEstate10K_frames\images\test\001c43a59a9e0b16_000090.jpg,balcony,001c43a59a9e0b16,90,1.500,1280,720
test,d:\smartnest.ai\smartnest_media_dataset\data\media_dataset\frames\RealEstate10K_frames\images\test\001c43a59a9e0b16_000120.jpg,balcony,001c43a59a9e0b16,120,2.000,1280,720
test,d:\smartnest.ai\smartnest_media_dataset\data\media_dataset\frames\RealEstate10K_frames\images\test\001c43a59a9e0b16_000150.jpg,balcony,001c43a59a9e0b16,150,2.499,1280,720
test,d:\smartnest.ai\smartnest_media_dataset\data\media_dataset\frames\RealEstate10K_frames\images\test\001c43a59a9e0b16_000180.jpg,balcony,001c43a59a9e0b16,180,2.999,1280,720
test,d:\smartnest.ai\smartnest_media_dataset\data\media_dataset\frames\RealEstate10K_frames\images\test\001c43a59a9e0b16_000210.jpg,balcony,001c43a59a9e0b16,210,3.499,1280,720
test,d:\smartnest.ai\smartnest_media_dataset\data\media_dataset\frames\RealEstate10K_frames\images\test\001c43a59a9e0b16_000240.jpg,balcony,001c43a59a9e0b16,240,3.999,1280,720
test,d:\smartnest.ai\smartnest_media_dataset\data\media_dataset\frames\RealEstate10K_frames\images\test\001c43a59a9e0b16_000270.jpg,balcony,001c43a59a9e0b16,270,4.499,1280,720
test,d:\smartnest.ai\smartnest_media_dataset\data\media_dataset\frames\RealEstate10K_frames\images\test\001c43a59a9e0b16_000300.jpg,balcony,001c43a59a9e0b16,300,4.999,1280,720
test,d:\smartnest.ai\smartnest_media_dataset\data\media_dataset\frames\RealEstate10K_frames\images\test\001c43a59a9e0b16_000330.jpg,balcony,001c43a59a9e0b16,330,5.499,1280,720
test,d:\smartnest.ai\smartnest_media_dataset\data\media_dataset\frames\RealEstate10K_frames\images\test\001c43a59a9e0b16_000360.jpg,balcony,001c43a59a9e0b16,360,5.999,1280,720
test,d:\smartnest.ai\smartnest_media_dataset\data\media_dataset\frames\RealEstate10K_frames\images\test\001c43a59a9e0b16_000390.jpg,balcony,001c43a59a9e0b16,390,6.498,1280,720
train,d:\smartnest.ai\smartnest_media_dataset\data\media_dataset\frames\RealEstate10K_frames\images\train\001cf02b7625a4cc_000000.jpg,bathroom,001cf02b7625a4cc,0,0.000,1280,720
train,d:\smartnest.ai\smartnest_media_dataset\data\media_dataset\frames\RealEstate10K_frames\images\train\001cf02b7625a4cc_000015.jpg,bathroom,001cf02b7625a4cc,15,0.500,1280,720
train,d:\smartnest.ai\smartnest_media_dataset\data\media_dataset\frames\RealEstate10K_frames\images\train\001cf02b7625a4cc_000030.jpg,bathroom,001cf02b7625a4cc,30,1.000,1280,720
train,d:\smartnest.ai\smartnest_media_dataset\data\media_dataset\frames\RealEstate10K_frames\images\train\001cf02b7625a4cc_000045.jpg,bathroom,001cf02b7625a4cc,45,1.500,1280,720
train,d:\smartnest.ai\smartnest_media_dataset\data\media_dataset\frames\RealEstate10K_frames\images\train\001cf02b7625a4cc_000060.jpg,balcony,001cf02b7625a4cc,60,2.000,1280,720
train,d:\smartnest.ai\smartnest_media_dataset\data\media_dataset\frames\RealEstate10K_frames\images\train\001cf02b7625a4cc_000075.jpg,balcony,001cf02b7625a4cc,75,2.500,1280,720
train,d:\smartnest.ai\smartnest_media_dataset\data\media_dataset\frames\RealEstate10K_frames\images\train\001cf02b7625a4cc_000090.jpg,balcony,001cf02b7625a4cc,90,3.000,1280,720
train,d:\smartnest.ai\smartnest_media_dataset\data\media_dataset\frames\RealEstate10K_frames\images\train\001cf02b7625a4cc_000105.jpg,balcony,001cf02b7625a4cc,105,3.500,1280,720
train,d:\smartnest.ai\smartnest_media_dataset\data\media_dataset\frames\RealEstate10K_frames\images\train\001cf02b7625a4cc_000120.jpg,balcony,001cf02b7625a4cc,120,4.000,1280,720
train,d:\smartnest.ai\smartnest_media_dataset\data\media_dataset\frames\RealEstate10K_frames\images\train\001cf02b7625a4cc_000135.jpg,balcony,001cf02b7625a4cc,135,4.500,1280,720
train,d:\smartnest.ai\smartnest_media_dataset\data\media_dataset\frames\RealEstate10K_frames\images\train\001cf02b7625a4cc_000150.jpg,balcony,001cf02b7625a4cc,150,5.000,1280,720
train,d:\smartnest.ai\smartnest_media_dataset\data\media_dataset\frames\RealEstate10K_frames\images\train\001cf02b7625a4cc_000165.jpg,balcony,001cf02b7625a4cc,165,5.499,1280,720
train,d:\smartnest.ai\smartnest_media_dataset\data\media_dataset\frames\RealEstate10K_frames\images\train\001cf02b7625a4cc_000180.jpg,balcony,001cf02b7625a4cc,180,5.999,1280,720
train,d:\smartnest.ai\smartnest_media_dataset\data\media_dataset\frames\RealEstate10K_frames\images\train\001cf02b7625a4cc_000195.jpg,balcony,001cf02b7625a4cc,195,6.499,1280,720
train,d:\smartnest.ai\smartnest_media_dataset\data\media_dataset\frames\RealEstate10K_frames\images\train\001cf02b7625a4cc_000210.jpg,balcony,001cf02b7625a4cc,210,6.999,1280,720
train,d:\smartnest.ai\smartnest_media_dataset\data\media_dataset\frames\RealEstate10K_frames\images\train\001d2c4c4b356c43_000000.jpg,balcony,001d2c4c4b356c43,0,0.000,1280,720
train,d:\smartnest.ai\smartnest_media_dataset\data\media_dataset\frames\RealEstate10K_frames\images\train\001d2c4c4b356c43_000030.jpg,balcony,001d2c4c4b356c43,30,0.501,1280,720
train,d:\smartnest.ai\smartnest_media_dataset\data\media_dataset\frames\RealEstate10K_frames\images\train\001d2c4c4b356c43_000060.jpg,balcony,001d2c4c4b356c43,60,1.001,1280,720
train,d:\smartnest.ai\smartnest_media_dataset\data\media_dataset\frames\RealEstate10K_frames\images\train\001d2c4c4b356c43_000090.jpg,balcony,001d2c4c4b356c43,90,1.502,1280,720
train,d:\smartnest.ai\smartnest_media_dataset\data\media_dataset\frames\RealEstate10K_frames\images\train\001d2c4c4b356c43_000120.jpg,balcony,001d2c4c4b356c43,120,2.002,1280,720
train,d:\smartnest.ai\smartnest_media_dataset\data\media_dataset\frames\RealEstate10K_frames\images\train\001d2c4c4b356c43_000150.jpg,balcony,001d2c4c4b356c43,150,2.502,1280,720
train,d:\smartnest.ai\smartnest_media_dataset\data\media_dataset\frames\RealEstate10K_frames\images\train\001d2c4c4b356c43_000180.jpg,balcony,001d2c4c4b356c43,180,3.003,1280,720
train,d:\smartnest.ai\smartnest_media_dataset\data\media_dataset\frames\RealEstate10K_frames\images\train\001d2c4c4b356c43_000210.jpg,balcony,001d2c4c4b356c43,210,3.504,1280,720
train,d:\smartnest.ai\smartnest_media_dataset\data\media_dataset\frames\RealEstate10K_frames\images\train\001d2c4c4b356c43_000240.jpg,balcony,001d2c4c4b356c43,240,4.004,1280,720
train,d:\smartnest.ai\smartnest_media_dataset\data\media_dataset\frames\RealEstate10K_frames\images\train\001d2c4c4b356c43_000270.jpg,balcony,001d2c4c4b356c43,270,4.505,1280,720
train,d:\smartnest.ai\smartnest_media_dataset\data\media_dataset\frames\RealEstate10K_frames\images\train\001d2c4c4b356c43_000300.jpg,balcony,001d2c4c4b356c43,300,5.005,1280,720
train,d:\smartnest.ai\smartnest_media_dataset\data\media_dataset\frames\RealEstate10K_frames\images\train\001d2c4c4b356c43_000330.jpg,balcony,001d2c4c4b356c43,330,5.506,1280,720
test,d:\smartnest.ai\smartnest_media_dataset\data\media_dataset\frames\RealEstate10K_frames\images\test\001d7dab76c43f91_000000.jpg,bedroom,001d7dab76c43f91,0,0.000,1280,720
test,d:\smartnest.ai\smartnest_media_dataset\data\media_dataset\frames\RealEstate10K_frames\images\test\001d7dab76c43f91_000030.jpg,bedroom,001d7dab76c43f91,30,0.501,1280,720
test,d:\smartnest.ai\smartnest_media_dataset\data\media_dataset\frames\RealEstate10K_frames\images\test\001d7dab76c43f91_000060.jpg,bedroom,001d7dab76c43f91,60,1.001,1280,720
test,d:\smartnest.ai\smartnest_media_dataset\data\media_dataset\frames\RealEstate10K_frames\images\test\001d7dab76c43f91_000090.jpg,bedroom,001d7dab76c43f91,90,1.502,1280,720
test,d:\smartnest.ai\smartnest_media_dataset\data\media_dataset\frames\RealEstate10K_frames\images\test\001d7dab76c43f91_000120.jpg,bedroom,001d7dab76c43f91,120,2.002,1280,720
test,d:\smartnest.ai\smartnest_media_dataset\data\media_dataset\frames\RealEstate10K_frames\images\test\001d7dab76c43f91_000150.jpg,bedroom,001d7dab76c43f91,150,2.502,1280,720
test,d:\smartnest.ai\smartnest_media_dataset\data\media_dataset\frames\RealEstate10K_frames\images\test\001d7dab76c43f91_000180.jpg,bedroom,001d7dab76c43f91,180,3.003,1280,720
test,d:\smartnest.ai\smartnest_media_dataset\data\media_dataset\frames\RealEstate10K_frames\images\test\001d7dab76c43f91_000210.jpg,bedroom,001d7dab76c43f91,210,3.504,1280,720
test,d:\smartnest.ai\smartnest_media_dataset\data\media_dataset\frames\RealEstate10K_frames\images\test\001d7dab76c43f91_000240.jpg,bedroom,001d7dab76c43f91,240,4.004,1280,720
test,d:\smartnest.ai\smartnest_media_dataset\data\media_dataset\frames\RealEstate10K_frames\images\test\001d7dab76c43f91_000270.jpg,bedroom,001d7dab76c43f91,270,4.505,1280,720
test,d:\smartnest.ai\smartnest_media_dataset\data\media_dataset\frames\RealEstate10K_frames\images\test\001d7dab76c43f91_000300.jpg,bedroom,001d7dab76c43f91,300,5.005,1280,720
test,d:\smartnest.ai\smartnest_media_dataset\data\media_dataset\frames\RealEstate10K_frames\images\test\001d7dab76c43f91_000330.jpg,bedroom,001d7dab76c43f91,330,5.506,1280,720
test,d:\smartnest.ai\smartnest_media_dataset\data\media_dataset\frames\RealEstate10K_frames\images\test\001d7dab76c43f91_000360.jpg,bedroom,001d7dab76c43f91,360,6.006,1280,720
test,d:\smartnest.ai\smartnest_media_dataset\data\media_dataset\frames\RealEstate10K_frames\images\test\001d7dab76c43f91_000390.jpg,bedroom,001d7dab76c43f91,390,6.506,1280,720
test,d:\smartnest.ai\smartnest_media_dataset\data\media_dataset\frames\RealEstate10K_frames\images\test\001d7dab76c43f91_000420.jpg,bedroom,001d7dab76c43f91,420,7.007,1280,720
test,d:\smartnest.ai\smartnest_media_dataset\data\media_dataset\frames\RealEstate10K_frames\images\test\001d7dab76c43f91_000450.jpg,bedroom,001d7dab76c43f91,450,7.508,1280,720
test,d:\smartnest.ai\smartnest_media_dataset\data\media_dataset\frames\RealEstate10K_frames\images\test\001d7dab76c43f91_000480.jpg,bedroom,001d7dab76c43f91,480,8.008,1280,720
test,d:\smartnest.ai\smartnest_media_dataset\data\media_dataset\frames\RealEstate10K_frames\images\test\001d7dab76c43f91_000510.jpg,bedroom,001d7dab76c43f91,510,8.508,1280,720
test,d:\smartnest.ai\smartnest_media_dataset\data\media_dataset\frames\RealEstate10K_frames\images\test\001d7dab76c43f91_000540.jpg,bedroom,001d7dab76c43f91,540,9.009,1280,720
test,d:\smartnest.ai\smartnest_media_dataset\data\media_dataset\frames\RealEstate10K_frames\images\test\001d7dab76c43f91_000570.jpg,bedroom,001d7dab76c43f91,570,9.510,1280,720
train,d:\smartnest.ai\smartnest_media_dataset\data\media_dataset\frames\RealEstate10K_frames\images\train\0020e1f0ec424295_000000.jpg,balcony,0020e1f0ec424295,0,0.000,1280,720
train,d:\smartnest.ai\smartnest_media_dataset\data\media_dataset\frames\RealEstate10K_frames\images\train\0020e1f0ec424295_000015.jpg,balcony,0020e1f0ec424295,15,0.501,1280,720
train,d:\smartnest.ai\smartnest_media_dataset\data\media_dataset\frames\RealEstate10K_frames\images\train\0020e1f0ec424295_000030.jpg,balcony,0020e1f0ec424295,30,1.001,1280,720
train,d:\smartnest.ai\smartnest_media_dataset\data\media_dataset\frames\RealEstate10K_frames\images\train\0020e1f0ec424295_000045.jpg,balcony,0020e1f0ec424295,45,1.502,1280,720
train,d:\smartnest.ai\smartnest_media_dataset\data\media_dataset\frames\RealEstate10K_frames\images\train\0020e1f0ec424295_000060.jpg,balcony,0020e1f0ec424295,60,2.002,1280,720
train,d:\smartnest.ai\smartnest_media_dataset\data\media_dataset\frames\RealEstate10K_frames\images\train\0020e1f0ec424295_000075.jpg,balcony,0020e1f0ec424295,75,2.502,1280,720
train,d:\smartnest.ai\smartnest_media_dataset\data\media_dataset\frames\RealEstate10K_frames\images\train\0020e1f0ec424295_000090.jpg,balcony,0020e1f0ec424295,90,3.003,1280,720
train,d:\smartnest.ai\smartnest_media_dataset\data\media_dataset\frames\RealEstate10K_frames\images\train\0020e1f0ec424295_000105.jpg,balcony,0020e1f0ec424295,105,3.504,1280,720
train,d:\smartnest.ai\smartnest_media_dataset\data\media_dataset\frames\RealEstate10K_frames\images\train\0020e1f0ec424295_000120.jpg,balcony,0020e1f0ec424295,120,4.004,1280,720
train,d:\smartnest.ai\smartnest_media_dataset\data\media_dataset\frames\RealEstate10K_frames\images\train\0020e1f0ec424295_000135.jpg,balcony,0020e1f0ec424295,135,4.505,1280,720
train,d:\smartnest.ai\smartnest_media_dataset\data\media_dataset\frames\RealEstate10K_frames\images\train\0020e1f0ec424295_000150.jpg,balcony,0020e1f0ec424295,150,5.005,1280,720
train,d:\smartnest.ai\smartnest_media_dataset\data\media_dataset\frames\RealEstate10K_frames\images\train\0020e1f0ec424295_000165.jpg,balcony,0020e1f0ec424295,165,5.506,1280,720
train,d:\smartnest.ai\smartnest_media_dataset\data\media_dataset\frames\RealEstate10K_frames\images\train\0020e1f0ec424295_000180.jpg,balcony,0020e1f0ec424295,180,6.006,1280,720
train,d:\smartnest.ai\smartnest_media_dataset\data\media_dataset\frames\RealEstate10K_frames\images\train\0020e1f0ec424295_000195.jpg,balcony,0020e1f0ec424295,195,6.506,1280,720
train,d:\smartnest.ai\smartnest_media_dataset\data\media_dataset\frames\RealEstate10K_frames\images\train\0020e1f0ec424295_000210.jpg,balcony,0020e1f0ec424295,210,7.007,1280,720
train,d:\smartnest.ai\smartnest_media_dataset\data\media_dataset\frames\RealEstate10K_frames\images\train\0020e1f0ec424295_000225.jpg,balcony,0020e1f0ec424295,225,7.508,1280,720
train,d:\smartnest.ai\smartnest_media_dataset\data\media_dataset\frames\RealEstate10K_frames\images\train\0020e1f0ec424295_000240.jpg,balcony,0020e1f0ec424295,240,8.008,1280,720
train,d:\smartnest.ai\smartnest_media_dataset\data\media_dataset\frames\RealEstate10K_frames\images\train\0020e1f0ec424295_000255.jpg,balcony,0020e1f0ec424295,255,8.508,1280,720
train,d:\smartnest.ai\smartnest_media_dataset\data\media_dataset\frames\RealEstate10K_frames\images\train\0020e1f0ec424295_000270.jpg,balcony,0020e1f0ec424295,270,9.009,1280,720
test,d:\smartnest.ai\smartnest_media_dataset\data\media_dataset\frames\RealEstate10K_frames\images\test\00210fcc783d3fcf_000000.jpg,bedroom,00210fcc783d3fcf,0,0.000,1280,720
test,d:\smartnest.ai\smartnest_media_dataset\data\media_dataset\frames\RealEstate10K_frames\images\test\00210fcc783d3fcf_000015.jpg,bedroom,00210fcc783d3fcf,15,0.500,1280,720
test,d:\smartnest.ai\smartnest_media_dataset\data\media_dataset\frames\RealEstate10K_frames\images\test\00210fcc783d3fcf_000030.jpg,bedroom,00210fcc783d3fcf,30,1.001,1280,720
test,d:\smartnest.ai\smartnest_media_dataset\data\media_dataset\frames\RealEstate10K_frames\images\test\00210fcc783d3fcf_000045.jpg,bedroom,00210fcc783d3fcf,45,1.501,1280,720
test,d:\smartnest.ai\smartnest_media_dataset\data\media_dataset\frames\RealEstate10K_frames\images\test\00210fcc783d3fcf_000060.jpg,kitchen,00210fcc783d3fcf,60,2.002,1280,720
test,d:\smartnest.ai\smartnest_media_dataset\data\media_dataset\frames\RealEstate10K_frames\images\test\00210fcc783d3fcf_000075.jpg,kitchen,00210fcc783d3fcf,75,2.502,1280,720
test,d:\smartnest.ai\smartnest_media_dataset\data\media_dataset\frames\RealEstate10K_frames\images\test\00210fcc783d3fcf_000090.jpg,kitchen,00210fcc783d3fcf,90,3.003,1280,720
test,d:\smartnest.ai\smartnest_media_dataset\data\media_dataset\frames\RealEstate10K_frames\images\test\00210fcc783d3fcf_000105.jpg,kitchen,00210fcc783d3fcf,105,3.503,1280,720
test,d:\smartnest.ai\smartnest_media_dataset\data\media_dataset\frames\RealEstate10K_frames\images\test\00210fcc783d3fcf_000120.jpg,kitchen,00210fcc783d3fcf,120,4.004,1280,720
test,d:\smartnest.ai\smartnest_media_dataset\data\media_dataset\frames\RealEstate10K_frames\images\test\00210fcc783d3fcf_000135.jpg,kitchen,00210fcc783d3fcf,135,4.504,1280,720
test,d:\smartnest.ai\smartnest_media_dataset\data\media_dataset\frames\RealEstate10K_frames\images\test\00210fcc783d3fcf_000150.jpg,kitchen,00210fcc783d3fcf,150,5.005,1280,720
test,d:\smartnest.ai\smartnest_media_dataset\data\media_dataset\frames\RealEstate10K_frames\images\test\00210fcc783d3fcf_000165.jpg,kitchen,00210fcc783d3fcf,165,5.505,1280,720
test,d:\smartnest.ai\smartnest_media_dataset\data\media_dataset\frames\RealEstate10K_frames\images\test\00210fcc783d3fcf_000180.jpg,kitchen,00210fcc783d3fcf,180,6.006,1280,720
test,d:\smartnest.ai\smartnest_media_dataset\data\media_dataset\frames\RealEstate10K_frames\images\test\00210fcc783d3fcf_000195.jpg,kitchen,00210fcc783d3fcf,195,6.506,1280,720
test,d:\smartnest.ai\smartnest_media_dataset\data\media_dataset\frames\RealEstate10K_frames\images\test\00210fcc783d3fcf_000210.jpg,kitchen,00210fcc783d3fcf,210,7.007,1280,720
test,d:\smartnest.ai\smartnest_media_dataset\data\media_dataset\frames\RealEstate10K_frames\images\test\00210fcc783d3fcf_000225.jpg,kitchen,00210fcc783d3fcf,225,7.507,1280,720
test,d:\smartnest.ai\smartnest_media_dataset\data\media_dataset\frames\RealEstate10K_frames\images\test\00210fcc783d3fcf_000240.jpg,kitchen,00210fcc783d3fcf,240,8.008,1280,720
test,d:\smartnest.ai\smartnest_media_dataset\data\media_dataset\frames\RealEstate10K_frames\images\test\00210fcc783d3fcf_000255.jpg,kitchen,00210fcc783d3fcf,255,8.508,1280,720
test,d:\smartnest.ai\smartnest_media_dataset\data\media_dataset\frames\RealEstate10K_frames\images\test\00210fcc783d3fcf_000270.jpg,kitchen,00210fcc783d3fcf,270,9.009,1280,720
test,d:\smartnest.ai\smartnest_media_dataset\data\media_dataset\frames\RealEstate10K_frames\images\test\00210fcc783d3fcf_000285.jpg,kitchen,00210fcc783d3fcf,285,9.509,1280,720
test,d:\smartnest.ai\smartnest_media_dataset\data\media_dataset\frames\RealEstate10K_frames\images\test\00210fcc783d3fcf_000300.jpg,kitchen,00210fcc783d3fcf,300,10.010,1280,720
train,d:\smartnest.ai\smartnest_media_dataset\data\media_dataset\frames\RealEstate10K_frames\images\train\00236fcca80c95a0_000000.jpg,bathroom,00236fcca80c95a0,0,0.000,1280,720
train,d:\smartnest.ai\smartnest_media_dataset\data\media_dataset\frames\RealEstate10K_frames\images\train\00236fcca80c95a0_000015.jpg,bedroom,00236fcca80c95a0,15,0.500,1280,720
train,d:\smartnest.ai\smartnest_media_dataset\data\media_dataset\frames\RealEstate10K_frames\images\train\00236fcca80c95a0_000030.jpg,bathroom,00236fcca80c95a0,30,1.001,1280,720
train,d:\smartnest.ai\smartnest_media_dataset\data\media_dataset\frames\RealEstate10K_frames\images\train\00236fcca80c95a0_000045.jpg,bathroom,00236fcca80c95a0,45,1.501,1280,720
train,d:\smartnest.ai\smartnest_media_dataset\data\media_dataset\frames\RealEstate10K_frames\images\train\00236fcca80c95a0_000060.jpg,balcony,00236fcca80c95a0,60,2.002,1280,720
train,d:\smartnest.ai\smartnest_media_dataset\data\media_dataset\frames\RealEstate10K_frames\images\train\00236fcca80c95a0_000075.jpg,balcony,00236fcca80c95a0,75,2.502,1280,720
train,d:\smartnest.ai\smartnest_media_dataset\data\media_dataset\frames\RealEstate10K_frames\images\train\00236fcca80c95a0_000090.jpg,balcony,00236fcca80c95a0,90,3.003,1280,720
train,d:\smartnest.ai\smartnest_media_dataset\data\media_dataset\frames\RealEstate10K_frames\images\train\00236fcca80c95a0_000105.jpg,balcony,00236fcca80c95a0,105,3.503,1280,720
train,d:\smartnest.ai\smartnest_media_dataset\data\media_dataset\frames\RealEstate10K_frames\images\train\00236fcca80c95a0_000120.jpg,balcony,00236fcca80c95a0,120,4.004,1280,720
train,d:\smartnest.ai\smartnest_media_dataset\data\media_dataset\frames\RealEstate10K_frames\images\train\00236fcca80c95a0_000135.jpg,balcony,00236fcca80c95a0,135,4.504,1280,720
train,d:\smartnest.ai\smartnest_media_dataset\data\media_dataset\frames\RealEstate10K_frames\images\train\00236fcca80c95a0_000150.jpg,balcony,00236fcca80c95a0,150,5.004,1280,720
train,d:\smartnest.ai\smartnest_media_dataset\data\media_dataset\frames\RealEstate10K_frames\images\train\00236fcca80c95a0_000165.jpg,balcony,00236fcca80c95a0,165,5.505,1280,720
train,d:\smartnest.ai\smartnest_media_dataset\data\media_dataset\frames\RealEstate10K_frames\images\train\00236fcca80c95a0_000180.jpg,balcony,00236fcca80c95a0,180,6.005,1280,720
train,d:\smartnest.ai\smartnest_media_dataset\data\media_dataset\frames\RealEstate10K_frames\images\train\00236fcca80c95a0_000195.jpg,balcony,00236fcca80c95a0,195,6.506,1280,720
train,d:\smartnest.ai\smartnest_media_dataset\data\media_dataset\frames\RealEstate10K_frames\images\train\00236fcca80c95a0_000210.jpg,balcony,00236fcca80c95a0,210,7.006,1280,720
train,d:\smartnest.ai\smartnest_media_dataset\data\media_dataset\frames\RealEstate10K_frames\images\train\00236fcca80c95a0_000225.jpg,living,00236fcca80c95a0,225,7.507,1280,720
train,d:\smartnest.ai\smartnest_media_dataset\data\media_dataset\frames\RealEstate10K_frames\images\train\00236fcca80c95a0_000240.jpg,living,00236fcca80c95a0,240,8.007,1280,720
train,d:\smartnest.ai\smartnest_media_dataset\data\media_dataset\frames\RealEstate10K_frames\images\train\00236fcca80c95a0_000255.jpg,living,00236fcca80c95a0,255,8.508,1280,720
train,d:\smartnest.ai\smartnest_media_dataset\data\media_dataset\frames\RealEstate10K_frames\images\train\0023bb285c3d0e11_000000.jpg,kitchen,0023bb285c3d0e11,0,0.000,1280,720
train,d:\smartnest.ai\smartnest_media_dataset\data\media_dataset\frames\RealEstate10K_frames\images\train\0023bb285c3d0e11_000015.jpg,kitchen,0023bb285c3d0e11,15,0.500,1280,720
train,d:\smartnest.ai\smartnest_media_dataset\data\media_dataset\frames\RealEstate10K_frames\images\train\0023bb285c3d0e11_000030.jpg,kitchen,0023bb285c3d0e11,30,1.001,1280,720
train,d:\smartnest.ai\smartnest_media_dataset\data\media_dataset\frames\RealEstate10K_frames\images\train\0023bb285c3d0e11_000045.jpg,kitchen,0023bb285c3d0e11,45,1.501,1280,720
train,d:\smartnest.ai\smartnest_media_dataset\data\media_dataset\frames\RealEstate10K_frames\images\train\0023bb285c3d0e11_000060.jpg,kitchen,0023bb285c3d0e11,60,2.002,1280,720
train,d:\smartnest.ai\smartnest_media_dataset\data\media_dataset\frames\RealEstate10K_frames\images\train\0024e835f897f4f2_000000.jpg,balcony,0024e835f897f4f2,0,0.000,1280,720
train,d:\smartnest.ai\smartnest_media_dataset\data\media_dataset\frames\RealEstate10K_frames\images\train\0024e835f897f4f2_000012.jpg,balcony,0024e835f897f4f2,12,0.500,1280,720
train,d:\smartnest.ai\smartnest_media_dataset\data\media_dataset\frames\RealEstate10K_frames\images\train\0024e835f897f4f2_000024.jpg,balcony,0024e835f897f4f2,24,1.001,1280,720
train,d:\smartnest.ai\smartnest_media_dataset\data\media_dataset\frames\RealEstate10K_frames\images\train\0024e835f897f4f2_000036.jpg,balcony,0024e835f897f4f2,36,1.501,1280,720
train,d:\smartnest.ai\smartnest_media_dataset\data\media_dataset\frames\RealEstate10K_frames\images\train\0024e835f897f4f2_000048.jpg,balcony,0024e835f897f4f2,48,2.002,1280,720
train,d:\smartnest.ai\smartnest_media_dataset\data\media_dataset\frames\RealEstate10K_frames\images\train\0024e835f897f4f2_000060.jpg,balcony,0024e835f897f4f2,60,2.502,1280,720
train,d:\smartnest.ai\smartnest_media_dataset\data\media_dataset\frames\RealEstate10K_frames\images\train\0024e835f897f4f2_000072.jpg,balcony,0024e835f897f4f2,72,3.003,1280,720
train,d:\smartnest.ai\smartnest_media_dataset\data\media_dataset\frames\RealEstate10K_frames\images\train\0024e835f897f4f2_000084.jpg,balcony,0024e835f897f4f2,84,3.503,1280,720
train,d:\smartnest.ai\smartnest_media_dataset\data\media_dataset\frames\RealEstate10K_frames\images\train\0024e835f897f4f2_000096.jpg,balcony,0024e835f897f4f2,96,4.004,1280,720
train,d:\smartnest.ai\smartnest_media_dataset\data\media_dataset\frames\RealEstate10K_frames\images\train\0024e835f897f4f2_000108.jpg,balcony,0024e835f897f4f2,108,4.504,1280,720
train,d:\smartnest.ai\smartnest_media_dataset\data\media_dataset\frames\RealEstate10K_frames\images\train\0024e835f897f4f2_000120.jpg,balcony,0024e835f897f4f2,120,5.005,1280,720
train,d:\smartnest.ai\smartnest_media_dataset\data\media_dataset\frames\RealEstate10K_frames\images\train\002554f1f92ac083_000000.jpg,kitchen,002554f1f92ac083,0,0.000,1280,720
train,d:\smartnest.ai\smartnest_media_dataset\data\media_dataset\frames\RealEstate10K_frames\images\train\002554f1f92ac083_000015.jpg,kitchen,002554f1f92ac083,15,0.501,1280,720
train,d:\smartnest.ai\smartnest_media_dataset\data\media_dataset\frames\RealEstate10K_frames\images\train\002554f1f92ac083_000030.jpg,kitchen,002554f1f92ac083,30,1.001,1280,720
train,d:\smartnest.ai\smartnest_media_dataset\data\media_dataset\frames\RealEstate10K_frames\images\train\002554f1f92ac083_000045.jpg,kitchen,002554f1f92ac083,45,1.502,1280,720
train,d:\smartnest.ai\smartnest_media_dataset\data\media_dataset\frames\RealEstate10K_frames\images\train\002554f1f92ac083_000060.jpg,kitchen,002554f1f92ac083,60,2.002,1280,720
train,d:\smartnest.ai\smartnest_media_dataset\data\media_dataset\frames\RealEstate10K_frames\images\train\002554f1f92ac083_000075.jpg,kitchen,002554f1f92ac083,75,2.502,1280,720
train,d:\smartnest.ai\smartnest_media_dataset\data\media_dataset\frames\RealEstate10K_frames\images\train\002554f1f92ac083_000090.jpg,kitchen,002554f1f92ac083,90,3.003,1280,720
train,d:\smartnest.ai\smartnest_media_dataset\data\media_dataset\frames\RealEstate10K_frames\images\train\002554f1f92ac083_000105.jpg,kitchen,002554f1f92ac083,105,3.504,1280,720
train,d:\smartnest.ai\smartnest_media_dataset\data\media_dataset\frames\RealEstate10K_frames\images\train\002554f1f92ac083_000120.jpg,kitchen,002554f1f92ac083,120,4.004,1280,720
train,d:\smartnest.ai\smartnest_media_dataset\data\media_dataset\frames\RealEstate10K_frames\images\train\00259da07b0dba33_000000.jpg,kitchen,00259da07b0dba33,0,0.000,1280,720
train,d:\smartnest.ai\smartnest_media_dataset\data\media_dataset\frames\RealEstate10K_frames\images\train\00259da07b0dba33_000015.jpg,kitchen,00259da07b0dba33,15,0.501,1280,720
train,d:\smartnest.ai\smartnest_media_dataset\data\media_dataset\frames\RealEstate10K_frames\images\train\00259da07b0dba33_000030.jpg,kitchen,00259da07b0dba33,30,1.001,1280,720
train,d:\smartnest.ai\smartnest_media_dataset\data\media_dataset\frames\RealEstate10K_frames\images\train\00259da07b0dba33_000045.jpg,kitchen,00259da07b0dba33,45,1.502,1280,720
train,d:\smartnest.ai\smartnest_media_dataset\data\media_dataset\frames\RealEstate10K_frames\images\train\00259da07b0dba33_000060.jpg,kitchen,00259da07b0dba33,60,2.002,1280,720
train,d:\smartnest.ai\smartnest_media_dataset\data\media_dataset\frames\RealEstate10K_frames\images\train\00259da07b0dba33_000075.jpg,kitchen,00259da07b0dba33,75,2.502,1280,720
train,d:\smartnest.ai\smartnest_media_dataset\data\media_dataset\frames\RealEstate10K_frames\images\train\00259da07b0dba33_000090.jpg,kitchen,00259da07b0dba33,90,3.003,1280,720
train,d:\smartnest.ai\smartnest_media_dataset\data\media_dataset\frames\RealEstate10K_frames\images\train\00259da07b0dba33_000105.jpg,kitchen,00259da07b0dba33,105,3.504,1280,720
train,d:\smartnest.ai\smartnest_media_dataset\data\media_dataset\frames\RealEstate10K_frames\images\train\00259da07b0dba33_000120.jpg,kitchen,00259da07b0dba33,120,4.004,1280,720
train,d:\smartnest.ai\smartnest_media_dataset\data\media_dataset\frames\RealEstate10K_frames\images\train\00259da07b0dba33_000135.jpg,kitchen,00259da07b0dba33,135,4.505,1280,720
train,d:\smartnest.ai\smartnest_media_dataset\data\media_dataset\frames\RealEstate10K_frames\images\train\00259da07b0dba33_000150.jpg,kitchen,00259da07b0dba33,150,5.005,1280,720
train,d:\smartnest.ai\smartnest_media_dataset\data\media_dataset\frames\RealEstate10K_frames\images\train\00259da07b0dba33_000165.jpg,kitchen,00259da07b0dba33,165,5.506,1280,720
train,d:\smartnest.ai\smartnest_media_dataset\data\media_dataset\frames\RealEstate10K_frames\images\train\00259da07b0dba33_000180.jpg,kitchen,00259da07b0dba33,180,6.006,1280,720
train,d:\smartnest.ai\smartnest_media_dataset\data\media_dataset\frames\RealEstate10K_frames\images\train\00259da07b0dba33_000195.jpg,kitchen,00259da07b0dba33,195,6.506,1280,720
train,d:\smartnest.ai\smartnest_media_dataset\data\media_dataset\frames\RealEstate10K_frames\images\train\00259da07b0dba33_000210.jpg,kitchen,00259da07b0dba33,210,7.007,1280,720
train,d:\smartnest.ai\smartnest_media_dataset\data\media_dataset\frames\RealEstate10K_frames\images\train\00259da07b0dba33_000225.jpg,kitchen,00259da07b0dba33,225,7.508,1280,720
train,d:\smartnest.ai\smartnest_media_dataset\data\media_dataset\frames\RealEstate10K_frames\images\train\00259da07b0dba33_000240.jpg,kitchen,00259da07b0dba33,240,8.008,1280,720
train,d:\smartnest.ai\smartnest_media_dataset\data\media_dataset\frames\RealEstate10K_frames\images\train\00259da07b0dba33_000255.jpg,kitchen,00259da07b0dba33,255,8.508,1280,720
train,d:\smartnest.ai\smartnest_media_dataset\data\media_dataset\frames\RealEstate10K_frames\images\train\00259da07b0dba33_000270.jpg,kitchen,00259da07b0dba33,270,9.009,1280,720
train,d:\smartnest.ai\smartnest_media_dataset\data\media_dataset\frames\RealEstate10K_frames\images\train\00259da07b0dba33_000285.jpg,kitchen,00259da07b0dba33,285,9.510,1280,720
train,d:\smartnest.ai\smartnest_media_dataset\data\media_dataset\frames\RealEstate10K_frames\images\train\0027e46f749ac7ec_000000.jpg,bedroom,0027e46f749ac7ec,0,0.000,1280,720
train,d:\smartnest.ai\smartnest_media_dataset\data\media_dataset\frames\RealEstate10K_frames\images\train\0027e46f749ac7ec_000015.jpg,bedroom,0027e46f749ac7ec,15,0.499,1280,720
train,d:\smartnest.ai\smartnest_media_dataset\data\media_dataset\frames\RealEstate10K_frames\images\train\0027e46f749ac7ec_000030.jpg,bedroom,0027e46f749ac7ec,30,0.998,1280,720
train,d:\smartnest.ai\smartnest_media_dataset\data\media_dataset\frames\RealEstate10K_frames\images\train\0027e46f749ac7ec_000045.jpg,bedroom,0027e46f749ac7ec,45,1.497,1280,720
train,d:\smartnest.ai\smartnest_media_dataset\data\media_dataset\frames\RealEstate10K_frames\images\train\0027e46f749ac7ec_000060.jpg,bedroom,0027e46f749ac7ec,60,1.996,1280,720
train,d:\smartnest.ai\smartnest_media_dataset\data\media_dataset\frames\RealEstate10K_frames\images\train\0027e46f749ac7ec_000075.jpg,bedroom,0027e46f749ac7ec,75,2.495,1280,720
train,d:\smartnest.ai\smartnest_media_dataset\data\media_dataset\frames\RealEstate10K_frames\images\train\0027e46f749ac7ec_000090.jpg,bedroom,0027e46f749ac7ec,90,2.993,1280,720
train,d:\smartnest.ai\smartnest_media_dataset\data\media_dataset\frames\RealEstate10K_frames\images\train\0027e46f749ac7ec_000105.jpg,bedroom,0027e46f749ac7ec,105,3.492,1280,720
train,d:\smartnest.ai\smartnest_media_dataset\data\media_dataset\frames\RealEstate10K_frames\images\train\0027e46f749ac7ec_000120.jpg,bedroom,0027e46f749ac7ec,120,3.991,1280,720
train,d:\smartnest.ai\smartnest_media_dataset\data\media_dataset\frames\RealEstate10K_frames\images\train\0027e46f749ac7ec_000135.jpg,bedroom,0027e46f749ac7ec,135,4.490,1280,720
train,d:\smartnest.ai\smartnest_media_dataset\data\media_dataset\frames\RealEstate10K_frames\images\train\0027e46f749ac7ec_000150.jpg,bedroom,0027e46f749ac7ec,150,4.989,1280,720
train,d:\smartnest.ai\smartnest_media_dataset\data\media_dataset\frames\RealEstate10K_frames\images\train\0027e46f749ac7ec_000165.jpg,bedroom,0027e46f749ac7ec,165,5.488,1280,720
train,d:\smartnest.ai\smartnest_media_dataset\data\media_dataset\frames\RealEstate10K_frames\images\train\0027e46f749ac7ec_000180.jpg,bedroom,0027e46f749ac7ec,180,5.987,1280,720
train,d:\smartnest.ai\smartnest_media_dataset\data\media_dataset\frames\RealEstate10K_frames\images\train\0027e46f749ac7ec_000195.jpg,bedroom,0027e46f749ac7ec,195,6.486,1280,720
train,d:\smartnest.ai\smartnest_media_dataset\data\media_dataset\frames\RealEstate10K_frames\images\train\0027e46f749ac7ec_000210.jpg,bedroom,0027e46f749ac7ec,210,6.985,1280,720
train,d:\smartnest.ai\smartnest_media_dataset\data\media_dataset\frames\RealEstate10K_frames\images\train\0027e46f749ac7ec_000225.jpg,bedroom,0027e46f749ac7ec,225,7.484,1280,720
train,d:\smartnest.ai\smartnest_media_dataset\data\media_dataset\frames\RealEstate10K_frames\images\train\0027e46f749ac7ec_000240.jpg,bedroom,0027e46f749ac7ec,240,7.982,1280,720
train,d:\smartnest.ai\smartnest_media_dataset\data\media_dataset\frames\RealEstate10K_frames\images\train\0027e46f749ac7ec_000255.jpg,bedroom,0027e46f749ac7ec,255,8.481,1280,720
train,d:\smartnest.ai\smartnest_media_dataset\data\media_dataset\frames\RealEstate10K_frames\images\train\0027e46f749ac7ec_000270.jpg,bedroom,0027e46f749ac7ec,270,8.980,1280,720
train,d:\smartnest.ai\smartnest_media_dataset\data\media_dataset\frames\RealEstate10K_frames\images\train\0027e46f749ac7ec_000285.jpg,bedroom,0027e46f749ac7ec,285,9.479,1280,720
train,d:\smartnest.ai\smartnest_media_dataset\data\media_dataset\frames\RealEstate10K_frames\images\train\0027e46f749ac7ec_000300.jpg,bedroom,0027e46f749ac7ec,300,9.978,1280,720
train,d:\smartnest.ai\smartnest_media_dataset\data\media_dataset\frames\RealEstate10K_frames\images\train\0027e46f749ac7ec_000315.jpg,bedroom,0027e46f749ac7ec,315,10.477,1280,720
test,d:\smartnest.ai\smartnest_media_dataset\data\media_dataset\frames\RealEstate10K_frames\images\test\0029e9169a167c4f_000000.jpg,kitchen,0029e9169a167c4f,0,0.000,1280,720
test,d:\smartnest.ai\smartnest_media_dataset\data\media_dataset\frames\RealEstate10K_frames\images\test\0029e9169a167c4f_000015.jpg,kitchen,0029e9169a167c4f,15,0.501,1280,720
test,d:\smartnest.ai\smartnest_media_dataset\data\media_dataset\frames\RealEstate10K_frames\images\test\0029e9169a167c4f_000030.jpg,kitchen,0029e9169a167c4f,30,1.001,1280,720
test,d:\smartnest.ai\smartnest_media_dataset\data\media_dataset\frames\RealEstate10K_frames\images\test\0029e9169a167c4f_000045.jpg,kitchen,0029e9169a167c4f,45,1.502,1280,720
test,d:\smartnest.ai\smartnest_media_dataset\data\media_dataset\frames\RealEstate10K_frames\images\test\0029e9169a167c4f_000060.jpg,kitchen,0029e9169a167c4f,60,2.002,1280,720
test,d:\smartnest.ai\smartnest_media_dataset\data\media_dataset\frames\RealEstate10K_frames\images\test\0029e9169a167c4f_000075.jpg,kitchen,0029e9169a167c4f,75,2.502,1280,720
test,d:\smartnest.ai\smartnest_media_dataset\data\media_dataset\frames\RealEstate10K_frames\images\test\0029e9169a167c4f_000090.jpg,kitchen,0029e9169a167c4f,90,3.003,1280,720
test,d:\smartnest.ai\smartnest_media_dataset\data\media_dataset\frames\RealEstate10K_frames\images\test\0029e9169a167c4f_000105.jpg,kitchen,0029e9169a167c4f,105,3.504,1280,720
test,d:\smartnest.ai\smartnest_media_dataset\data\media_dataset\frames\RealEstate10K_frames\images\test\0029e9169a167c4f_000120.jpg,kitchen,0029e9169a167c4f,120,4.004,1280,720
test,d:\smartnest.ai\smartnest_media_dataset\data\media_dataset\frames\RealEstate10K_frames\images\test\0029e9169a167c4f_000135.jpg,kitchen,0029e9169a167c4f,135,4.505,1280,720
test,d:\smartnest.ai\smartnest_media_dataset\data\media_dataset\frames\RealEstate10K_frames\images\test\0029e9169a167c4f_000150.jpg,kitchen,0029e9169a167c4f,150,5.005,1280,720
test,d:\smartnest.ai\smartnest_media_dataset\data\media_dataset\frames\RealEstate10K_frames\images\test\0029e9169a167c4f_000165.jpg,kitchen,0029e9169a167c4f,165,5.506,1280,720
test,d:\smartnest.ai\smartnest_media_dataset\data\media_dataset\frames\RealEstate10K_frames\images\test\0029e9169a167c4f_000180.jpg,kitchen,0029e9169a167c4f,180,6.006,1280,720
test,d:\smartnest.ai\smartnest_media_dataset\data\media_dataset\frames\RealEstate10K_frames\images\test\0029e9169a167c4f_000195.jpg,kitchen,0029e9169a167c4f,195,6.506,1280,720
train,d:\smartnest.ai\smartnest_media_dataset\data\media_dataset\frames\RealEstate10K_frames\images\train\002a58afaeaf24c9_000000.jpg,bedroom,002a58afaeaf24c9,0,0.000,1280,720
train,d:\smartnest.ai\smartnest_media_dataset\data\media_dataset\frames\RealEstate10K_frames\images\train\002a58afaeaf24c9_000012.jpg,bedroom,002a58afaeaf24c9,12,0.501,1280,720
train,d:\smartnest.ai\smartnest_media_dataset\data\media_dataset\frames\RealEstate10K_frames\images\train\002a58afaeaf24c9_000024.jpg,bedroom,002a58afaeaf24c9,24,1.001,1280,720
train,d:\smartnest.ai\smartnest_media_dataset\data\media_dataset\frames\RealEstate10K_frames\images\train\002a58afaeaf24c9_000036.jpg,bedroom,002a58afaeaf24c9,36,1.502,1280,720
train,d:\smartnest.ai\smartnest_media_dataset\data\media_dataset\frames\RealEstate10K_frames\images\train\002a58afaeaf24c9_000048.jpg,bedroom,002a58afaeaf24c9,48,2.002,1280,720
train,d:\smartnest.ai\smartnest_media_dataset\data\media_dataset\frames\RealEstate10K_frames\images\train\002a58afaeaf24c9_000060.jpg,bedroom,002a58afaeaf24c9,60,2.503,1280,720
train,d:\smartnest.ai\smartnest_media_dataset\data\media_dataset\frames\RealEstate10K_frames\images\train\002a58afaeaf24c9_000072.jpg,bedroom,002a58afaeaf24c9,72,3.003,1280,720
train,d:\smartnest.ai\smartnest_media_dataset\data\media_dataset\frames\RealEstate10K_frames\images\train\002a58afaeaf24c9_000084.jpg,bedroom,002a58afaeaf24c9,84,3.504,1280,720
train,d:\smartnest.ai\smartnest_media_dataset\data\media_dataset\frames\RealEstate10K_frames\images\train\002a58afaeaf24c9_000096.jpg,bedroom,002a58afaeaf24c9,96,4.004,1280,720
train,d:\smartnest.ai\smartnest_media_dataset\data\media_dataset\frames\RealEstate10K_frames\images\train\002a58afaeaf24c9_000108.jpg,bedroom,002a58afaeaf24c9,108,4.505,1280,720
train,d:\smartnest.ai\smartnest_media_dataset\data\media_dataset\frames\RealEstate10K_frames\images\train\002a58afaeaf24c9_000120.jpg,bedroom,002a58afaeaf24c9,120,5.005,1280,720
train,d:\smartnest.ai\smartnest_media_dataset\data\media_dataset\frames\RealEstate10K_frames\images\train\002a58afaeaf24c9_000132.jpg,bedroom,002a58afaeaf24c9,132,5.506,1280,720
train,d:\smartnest.ai\smartnest_media_dataset\data\media_dataset\frames\RealEstate10K_frames\images\train\002a58afaeaf24c9_000144.jpg,bedroom,002a58afaeaf24c9,144,6.006,1280,720
train,d:\smartnest.ai\smartnest_media_dataset\data\media_dataset\frames\RealEstate10K_frames\images\train\002a58afaeaf24c9_000156.jpg,bedroom,002a58afaeaf24c9,156,6.507,1280,720
train,d:\smartnest.ai\smartnest_media_dataset\data\media_dataset\frames\RealEstate10K_frames\images\train\002a58afaeaf24c9_000168.jpg,bedroom,002a58afaeaf24c9,168,7.007,1280,720
train,d:\smartnest.ai\smartnest_media_dataset\data\media_dataset\frames\RealEstate10K_frames\images\train\002a58afaeaf24c9_000180.jpg,bedroom,002a58afaeaf24c9,180,7.508,1280,720
train,d:\smartnest.ai\smartnest_media_dataset\data\media_dataset\frames\RealEstate10K_frames\images\train\002a58afaeaf24c9_000192.jpg,bedroom,002a58afaeaf24c9,192,8.008,1280,720
train,d:\smartnest.ai\smartnest_media_dataset\data\media_dataset\frames\RealEstate10K_frames\images\train\002a58afaeaf24c9_000204.jpg,bedroom,002a58afaeaf24c9,204,8.509,1280,720
train,d:\smartnest.ai\smartnest_media_dataset\data\media_dataset\frames\RealEstate10K_frames\images\train\002a58afaeaf24c9_000216.jpg,bedroom,002a58afaeaf24c9,216,9.009,1280,720
train,d:\smartnest.ai\smartnest_media_dataset\data\media_dataset\frames\RealEstate10K_frames\images\train\002a58afaeaf24c9_000228.jpg,bedroom,002a58afaeaf24c9,228,9.510,1280,720
train,d:\smartnest.ai\smartnest_media_dataset\data\media_dataset\frames\RealEstate10K_frames\images\train\002a9cc50fe5b6c4_000000.jpg,bathroom,002a9cc50fe5b6c4,0,0.000,1280,720
train,d:\smartnest.ai\smartnest_media_dataset\data\media_dataset\frames\RealEstate10K_frames\images\train\002a9cc50fe5b6c4_000015.jpg,bathroom,002a9cc50fe5b6c4,15,0.500,1280,720
train,d:\smartnest.ai\smartnest_media_dataset\data\media_dataset\frames\RealEstate10K_frames\images\train\002a9cc50fe5b6c4_000030.jpg,bathroom,002a9cc50fe5b6c4,30,1.001,1280,720
train,d:\smartnest.ai\smartnest_media_dataset\data\media_dataset\frames\RealEstate10K_frames\images\train\002a9cc50fe5b6c4_000045.jpg,bedroom,002a9cc50fe5b6c4,45,1.501,1280,720
train,d:\smartnest.ai\smartnest_media_dataset\data\media_dataset\frames\RealEstate10K_frames\images\train\002a9cc50fe5b6c4_000060.jpg,bedroom,002a9cc50fe5b6c4,60,2.001,1280,720
train,d:\smartnest.ai\smartnest_media_dataset\data\media_dataset\frames\RealEstate10K_frames\images\train\002a9cc50fe5b6c4_000075.jpg,bedroom,002a9cc50fe5b6c4,75,2.502,1280,720
train,d:\smartnest.ai\smartnest_media_dataset\data\media_dataset\frames\RealEstate10K_frames\images\train\002a9cc50fe5b6c4_000090.jpg,bedroom,002a9cc50fe5b6c4,90,3.002,1280,720
train,d:\smartnest.ai\smartnest_media_dataset\data\media_dataset\frames\RealEstate10K_frames\images\train\002a9cc50fe5b6c4_000105.jpg,bedroom,002a9cc50fe5b6c4,105,3.502,1280,720
train,d:\smartnest.ai\smartnest_media_dataset\data\media_dataset\frames\RealEstate10K_frames\images\train\002bdb7ee61c492b_000000.jpg,bedroom,002bdb7ee61c492b,0,0.000,1280,720
train,d:\smartnest.ai\smartnest_media_dataset\data\media_dataset\frames\RealEstate10K_frames\images\train\002bdb7ee61c492b_000015.jpg,bedroom,002bdb7ee61c492b,15,0.500,1280,720
train,d:\smartnest.ai\smartnest_media_dataset\data\media_dataset\frames\RealEstate10K_frames\images\train\002bdb7ee61c492b_000030.jpg,bedroom,002bdb7ee61c492b,30,1.001,1280,720
train,d:\smartnest.ai\smartnest_media_dataset\data\media_dataset\frames\RealEstate10K_frames\images\train\002bdb7ee61c492b_000045.jpg,bedroom,002bdb7ee61c492b,45,1.501,1280,720
train,d:\smartnest.ai\smartnest_media_dataset\data\media_dataset\frames\RealEstate10K_frames\images\train\002bdb7ee61c492b_000060.jpg,bedroom,002bdb7ee61c492b,60,2.002,1280,720
train,d:\smartnest.ai\smartnest_media_dataset\data\media_dataset\frames\RealEstate10K_frames\images\train\002bdb7ee61c492b_000075.jpg,bedroom,002bdb7ee61c492b,75,2.502,1280,720
train,d:\smartnest.ai\smartnest_media_dataset\data\media_dataset\frames\RealEstate10K_frames\images\train\002bdb7ee61c492b_000090.jpg,bedroom,002bdb7ee61c492b,90,3.003,1280,720
train,d:\smartnest.ai\smartnest_media_dataset\data\media_dataset\frames\RealEstate10K_frames\images\train\002bdb7ee61c492b_000105.jpg,bedroom,002bdb7ee61c492b,105,3.503,1280,720
train,d:\smartnest.ai\smartnest_media_dataset\data\media_dataset\frames\RealEstate10K_frames\images\train\002bdb7ee61c492b_000120.jpg,bedroom,002bdb7ee61c492b,120,4.003,1280,720
train,d:\smartnest.ai\smartnest_media_dataset\data\media_dataset\frames\RealEstate10K_frames\images\train\002bdb7ee61c492b_000135.jpg,bedroom,002bdb7ee61c492b,135,4.504,1280,720
train,d:\smartnest.ai\smartnest_media_dataset\data\media_dataset\frames\RealEstate10K_frames\images\train\002bdb7ee61c492b_000150.jpg,bedroom,002bdb7ee61c492b,150,5.004,1280,720
train,d:\smartnest.ai\smartnest_media_dataset\data\media_dataset\frames\RealEstate10K_frames\images\train\002bdb7ee61c492b_000165.jpg,bedroom,002bdb7ee61c492b,165,5.505,1280,720
train,d:\smartnest.ai\smartnest_media_dataset\data\media_dataset\frames\RealEstate10K_frames\images\train\002bdb7ee61c492b_000180.jpg,bedroom,002bdb7ee61c492b,180,6.005,1280,720
train,d:\smartnest.ai\smartnest_media_dataset\data\media_dataset\frames\RealEstate10K_frames\images\train\002bdb7ee61c492b_000195.jpg,bedroom,002bdb7ee61c492b,195,6.506,1280,720
val,d:\smartnest.ai\smartnest_media_dataset\data\media_dataset\frames\RealEstate10K_frames\images\val\0032c663bb6d838e_000000.jpg,balcony,0032c663bb6d838e,0,0.000,1280,720
val,d:\smartnest.ai\smartnest_media_dataset\data\media_dataset\frames\RealEstate10K_frames\images\val\0032c663bb6d838e_000015.jpg,balcony,0032c663bb6d838e,15,0.501,1280,720
val,d:\smartnest.ai\smartnest_media_dataset\data\media_dataset\frames\RealEstate10K_frames\images\val\0032c663bb6d838e_000030.jpg,balcony,0032c663bb6d838e,30,1.001,1280,720
val,d:\smartnest.ai\smartnest_media_dataset\data\media_dataset\frames\RealEstate10K_frames\images\val\0032c663bb6d838e_000045.jpg,bedroom,0032c663bb6d838e,45,1.502,1280,720
val,d:\smartnest.ai\smartnest_media_dataset\data\media_dataset\frames\RealEstate10K_frames\images\val\0032c663bb6d838e_000060.jpg,balcony,0032c663bb6d838e,60,2.002,1280,720
val,d:\smartnest.ai\smartnest_media_dataset\data\media_dataset\frames\RealEstate10K_frames\images\val\0032c663bb6d838e_000075.jpg,balcony,0032c663bb6d838e,75,2.502,1280,720
val,d:\smartnest.ai\smartnest_media_dataset\data\media_dataset\frames\RealEstate10K_frames\images\val\0032c663bb6d838e_000090.jpg,balcony,0032c663bb6d838e,90,3.003,1280,720
val,d:\smartnest.ai\smartnest_media_dataset\data\media_dataset\frames\RealEstate10K_frames\images\val\00336b9590b313a2_000000.jpg,kitchen,00336b9590b313a2,0,0.000,1280,720
val,d:\smartnest.ai\smartnest_media_dataset\data\media_dataset\frames\RealEstate10K_frames\images\val\00336b9590b313a2_000015.jpg,bedroom,00336b9590b313a2,15,0.497,1280,720
val,d:\smartnest.ai\smartnest_media_dataset\data\media_dataset\frames\RealEstate10K_frames\images\val\00336b9590b313a2_000030.jpg,bedroom,00336b9590b313a2,30,0.993,1280,720
val,d:\smartnest.ai\smartnest_media_dataset\data\media_dataset\frames\RealEstate10K_frames\images\val\00336b9590b313a2_000045.jpg,bedroom,00336b9590b313a2,45,1.490,1280,720
val,d:\smartnest.ai\smartnest_media_dataset\data\media_dataset\frames\RealEstate10K_frames\images\val\00336b9590b313a2_000060.jpg,bedroom,00336b9590b313a2,60,1.987,1280,720
val,d:\smartnest.ai\smartnest_media_dataset\data\media_dataset\frames\RealEstate10K_frames\images\val\00336b9590b313a2_000075.jpg,bathroom,00336b9590b313a2,75,2.484,1280,720
val,d:\smartnest.ai\smartnest_media_dataset\data\media_dataset\frames\RealEstate10K_frames\images\val\00336b9590b313a2_000090.jpg,bathroom,00336b9590b313a2,90,2.980,1280,720
val,d:\smartnest.ai\smartnest_media_dataset\data\media_dataset\frames\RealEstate10K_frames\images\val\00336b9590b313a2_000105.jpg,bathroom,00336b9590b313a2,105,3.477,1280,720
val,d:\smartnest.ai\smartnest_media_dataset\data\media_dataset\frames\RealEstate10K_frames\images\val\00336b9590b313a2_000120.jpg,bathroom,00336b9590b313a2,120,3.974,1280,720
train,d:\smartnest.ai\smartnest_media_dataset\data\media_dataset\frames\RealEstate10K_frames\images\train\00336da5ecce4cb3_000000.jpg,bedroom,00336da5ecce4cb3,0,0.000,1280,720
train,d:\smartnest.ai\smartnest_media_dataset\data\media_dataset\frames\RealEstate10K_frames\images\train\00336da5ecce4cb3_000030.jpg,bedroom,00336da5ecce4cb3,30,0.501,1280,720
train,d:\smartnest.ai\smartnest_media_dataset\data\media_dataset\frames\RealEstate10K_frames\images\train\00336da5ecce4cb3_000060.jpg,bedroom,00336da5ecce4cb3,60,1.001,1280,720
train,d:\smartnest.ai\smartnest_media_dataset\data\media_dataset\frames\RealEstate10K_frames\images\train\00336da5ecce4cb3_000090.jpg,bedroom,00336da5ecce4cb3,90,1.502,1280,720
train,d:\smartnest.ai\smartnest_media_dataset\data\media_dataset\frames\RealEstate10K_frames\images\train\00336da5ecce4cb3_000120.jpg,bedroom,00336da5ecce4cb3,120,2.002,1280,720
train,d:\smartnest.ai\smartnest_media_dataset\data\media_dataset\frames\RealEstate10K_frames\images\train\00336da5ecce4cb3_000150.jpg,bedroom,00336da5ecce4cb3,150,2.503,1280,720
train,d:\smartnest.ai\smartnest_media_dataset\data\media_dataset\frames\RealEstate10K_frames\images\train\00336da5ecce4cb3_000180.jpg,bathroom,00336da5ecce4cb3,180,3.003,1280,720
train,d:\smartnest.ai\smartnest_media_dataset\data\media_dataset\frames\RealEstate10K_frames\images\train\00336da5ecce4cb3_000210.jpg,bedroom,00336da5ecce4cb3,210,3.504,1280,720
train,d:\smartnest.ai\smartnest_media_dataset\data\media_dataset\frames\RealEstate10K_frames\images\train\00336da5ecce4cb3_000240.jpg,bedroom,00336da5ecce4cb3,240,4.004,1280,720
train,d:\smartnest.ai\smartnest_media_dataset\data\media_dataset\frames\RealEstate10K_frames\images\train\00336da5ecce4cb3_000270.jpg,bedroom,00336da5ecce4cb3,270,4.505,1280,720
train,d:\smartnest.ai\smartnest_media_dataset\data\media_dataset\frames\RealEstate10K_frames\images\train\00336da5ecce4cb3_000300.jpg,bedroom,00336da5ecce4cb3,300,5.005,1280,720
train,d:\smartnest.ai\smartnest_media_dataset\data\media_dataset\frames\RealEstate10K_frames\images\train\00336da5ecce4cb3_000330.jpg,bedroom,00336da5ecce4cb3,330,5.506,1280,720
train,d:\smartnest.ai\smartnest_media_dataset\data\media_dataset\frames\RealEstate10K_frames\images\train\00336da5ecce4cb3_000360.jpg,bedroom,00336da5ecce4cb3,360,6.006,1280,720
train,d:\smartnest.ai\smartnest_media_dataset\data\media_dataset\frames\RealEstate10K_frames\images\train\00336da5ecce4cb3_000390.jpg,bedroom,00336da5ecce4cb3,390,6.507,1280,720
train,d:\smartnest.ai\smartnest_media_dataset\data\media_dataset\frames\RealEstate10K_frames\images\train\00336da5ecce4cb3_000420.jpg,bedroom,00336da5ecce4cb3,420,7.007,1280,720
train,d:\smartnest.ai\smartnest_media_dataset\data\media_dataset\frames\RealEstate10K_frames\images\train\00336da5ecce4cb3_000450.jpg,bedroom,00336da5ecce4cb3,450,7.508,1280,720
train,d:\smartnest.ai\smartnest_media_dataset\data\media_dataset\frames\RealEstate10K_frames\images\train\00336da5ecce4cb3_000480.jpg,bedroom,00336da5ecce4cb3,480,8.008,1280,720
train,d:\smartnest.ai\smartnest_media_dataset\data\media_dataset\frames\RealEstate10K_frames\images\train\00336da5ecce4cb3_000510.jpg,bedroom,00336da5ecce4cb3,510,8.509,1280,720
train,d:\smartnest.ai\smartnest_media_dataset\data\media_dataset\frames\RealEstate10K_frames\images\train\0033718a869b4d17_000000.jpg,kitchen,0033718a869b4d17,0,0.000,1280,720
train,d:\smartnest.ai\smartnest_media_dataset\data\media_dataset\frames\RealEstate10K_frames\images\train\0033718a869b4d17_000012.jpg,kitchen,0033718a869b4d17,12,0.500,1280,720
train,d:\smartnest.ai\smartnest_media_dataset\data\media_dataset\frames\RealEstate10K_frames\images\train\0033718a869b4d17_000024.jpg,kitchen,0033718a869b4d17,24,1.001,1280,720
train,d:\smartnest.ai\smartnest_media_dataset\data\media_dataset\frames\RealEstate10K_frames\images\train\0033718a869b4d17_000036.jpg,balcony,0033718a869b4d17,36,1.501,1280,720
train,d:\smartnest.ai\smartnest_media_dataset\data\media_dataset\frames\RealEstate10K_frames\images\train\0033718a869b4d17_000048.jpg,balcony,0033718a869b4d17,48,2.002,1280,720
train,d:\smartnest.ai\smartnest_media_dataset\data\media_dataset\frames\RealEstate10K_frames\images\train\0033718a869b4d17_000060.jpg,kitchen,0033718a869b4d17,60,2.502,1280,720
train,d:\smartnest.ai\smartnest_media_dataset\data\media_dataset\frames\RealEstate10K_frames\images\train\0033718a869b4d17_000072.jpg,kitchen,0033718a869b4d17,72,3.003,1280,720
train,d:\smartnest.ai\smartnest_media_dataset\data\media_dataset\frames\RealEstate10K_frames\images\train\0033718a869b4d17_000084.jpg,kitchen,0033718a869b4d17,84,3.503,1280,720
train,d:\smartnest.ai\smartnest_media_dataset\data\media_dataset\frames\RealEstate10K_frames\images\train\0033718a869b4d17_000096.jpg,kitchen,0033718a869b4d17,96,4.004,1280,720
train,d:\smartnest.ai\smartnest_media_dataset\data\media_dataset\frames\RealEstate10K_frames\images\train\0033718a869b4d17_000108.jpg,kitchen,0033718a869b4d17,108,4.504,1280,720
train,d:\smartnest.ai\smartnest_media_dataset\data\media_dataset\frames\RealEstate10K_frames\images\train\003908a8fa818d50_000000.jpg,balcony,003908a8fa818d50,0,0.000,1280,720
train,d:\smartnest.ai\smartnest_media_dataset\data\media_dataset\frames\RealEstate10K_frames\images\train\003908a8fa818d50_000015.jpg,balcony,003908a8fa818d50,15,0.500,1280,720
train,d:\smartnest.ai\smartnest_media_dataset\data\media_dataset\frames\RealEstate10K_frames\images\train\003908a8fa818d50_000030.jpg,balcony,003908a8fa818d50,30,1.001,1280,720
train,d:\smartnest.ai\smartnest_media_dataset\data\media_dataset\frames\RealEstate10K_frames\images\train\003908a8fa818d50_000045.jpg,kitchen,003908a8fa818d50,45,1.501,1280,720
train,d:\smartnest.ai\smartnest_media_dataset\data\media_dataset\frames\RealEstate10K_frames\images\train\003908a8fa818d50_000060.jpg,balcony,003908a8fa818d50,60,2.002,1280,720
train,d:\smartnest.ai\smartnest_media_dataset\data\media_dataset\frames\RealEstate10K_frames\images\train\003908a8fa818d50_000075.jpg,balcony,003908a8fa818d50,75,2.502,1280,720
train,d:\smartnest.ai\smartnest_media_dataset\data\media_dataset\frames\RealEstate10K_frames\images\train\003908a8fa818d50_000090.jpg,balcony,003908a8fa818d50,90,3.003,1280,720
train,d:\smartnest.ai\smartnest_media_dataset\data\media_dataset\frames\RealEstate10K_frames\images\train\003908a8fa818d50_000105.jpg,balcony,003908a8fa818d50,105,3.503,1280,720
train,d:\smartnest.ai\smartnest_media_dataset\data\media_dataset\frames\RealEstate10K_frames\images\train\003908a8fa818d50_000120.jpg,kitchen,003908a8fa818d50,120,4.004,1280,720
train,d:\smartnest.ai\smartnest_media_dataset\data\media_dataset\frames\RealEstate10K_frames\images\train\003908a8fa818d50_000135.jpg,kitchen,003908a8fa818d50,135,4.504,1280,720
train,d:\smartnest.ai\smartnest_media_dataset\data\media_dataset\frames\RealEstate10K_frames\images\train\003908a8fa818d50_000150.jpg,kitchen,003908a8fa818d50,150,5.005,1280,720
train,d:\smartnest.ai\smartnest_media_dataset\data\media_dataset\frames\RealEstate10K_frames\images\train\003908a8fa818d50_000165.jpg,kitchen,003908a8fa818d50,165,5.505,1280,720
train,d:\smartnest.ai\smartnest_media_dataset\data\media_dataset\frames\RealEstate10K_frames\images\train\003908a8fa818d50_000180.jpg,kitchen,003908a8fa818d50,180,6.005,1280,720
train,d:\smartnest.ai\smartnest_media_dataset\data\media_dataset\frames\RealEstate10K_frames\images\train\003908a8fa818d50_000195.jpg,kitchen,003908a8fa818d50,195,6.506,1280,720
train,d:\smartnest.ai\smartnest_media_dataset\data\media_dataset\frames\RealEstate10K_frames\images\train\003908a8fa818d50_000210.jpg,kitchen,003908a8fa818d50,210,7.006,1280,720
train,d:\smartnest.ai\smartnest_media_dataset\data\media_dataset\frames\RealEstate10K_frames\images\train\003908a8fa818d50_000225.jpg,kitchen,003908a8fa818d50,225,7.507,1280,720
train,d:\smartnest.ai\smartnest_media_dataset\data\media_dataset\frames\RealEstate10K_frames\images\train\003977c5456b561e_000000.jpg,bedroom,003977c5456b561e,0,0.000,640,360
train,d:\smartnest.ai\smartnest_media_dataset\data\media_dataset\frames\RealEstate10K_frames\images\train\003977c5456b561e_000015.jpg,bedroom,003977c5456b561e,15,0.500,640,360
train,d:\smartnest.ai\smartnest_media_dataset\data\media_dataset\frames\RealEstate10K_frames\images\train\003977c5456b561e_000030.jpg,bedroom,003977c5456b561e,30,1.001,640,360
train,d:\smartnest.ai\smartnest_media_dataset\data\media_dataset\frames\RealEstate10K_frames\images\train\003977c5456b561e_000045.jpg,bedroom,003977c5456b561e,45,1.501,640,360
train,d:\smartnest.ai\smartnest_media_dataset\data\media_dataset\frames\RealEstate10K_frames\images\train\003977c5456b561e_000060.jpg,bedroom,003977c5456b561e,60,2.002,640,360
train,d:\smartnest.ai\smartnest_media_dataset\data\media_dataset\frames\RealEstate10K_frames\images\train\003977c5456b561e_000075.jpg,bedroom,003977c5456b561e,75,2.502,640,360
train,d:\smartnest.ai\smartnest_media_dataset\data\media_dataset\frames\RealEstate10K_frames\images\train\003977c5456b561e_000090.jpg,bedroom,003977c5456b561e,90,3.003,640,360
train,d:\smartnest.ai\smartnest_media_dataset\data\media_dataset\frames\RealEstate10K_frames\images\train\003977c5456b561e_000105.jpg,bedroom,003977c5456b561e,105,3.503,640,360
train,d:\smartnest.ai\smartnest_media_dataset\data\media_dataset\frames\RealEstate10K_frames\images\train\003977c5456b561e_000120.jpg,bedroom,003977c5456b561e,120,4.004,640,360
train,d:\smartnest.ai\smartnest_media_dataset\data\media_dataset\frames\RealEstate10K_frames\images\train\003977c5456b561e_000135.jpg,bedroom,003977c5456b561e,135,4.504,640,360
train,d:\smartnest.ai\smartnest_media_dataset\data\media_dataset\frames\RealEstate10K_frames\images\train\003977c5456b561e_000150.jpg,bedroom,003977c5456b561e,150,5.005,640,360
train,d:\smartnest.ai\smartnest_media_dataset\data\media_dataset\frames\RealEstate10K_frames\images\train\003977c5456b561e_000165.jpg,bedroom,003977c5456b561e,165,5.505,640,360
train,d:\smartnest.ai\smartnest_media_dataset\data\media_dataset\frames\RealEstate10K_frames\images\train\003977c5456b561e_000180.jpg,bedroom,003977c5456b561e,180,6.006,640,360
train,d:\smartnest.ai\smartnest_media_dataset\data\media_dataset\frames\RealEstate10K_frames\images\train\00399697cc95c81e_000000.jpg,kitchen,00399697cc95c81e,0,0.000,1280,720
train,d:\smartnest.ai\smartnest_media_dataset\data\media_dataset\frames\RealEstate10K_frames\images\train\00399697cc95c81e_000015.jpg,living,00399697cc95c81e,15,0.500,1280,720
train,d:\smartnest.ai\smartnest_media_dataset\data\media_dataset\frames\RealEstate10K_frames\images\train\00399697cc95c81e_000030.jpg,living,00399697cc95c81e,30,1.001,1280,720
train,d:\smartnest.ai\smartnest_media_dataset\data\media_dataset\frames\RealEstate10K_frames\images\train\00399697cc95c81e_000045.jpg,living,00399697cc95c81e,45,1.501,1280,720
train,d:\smartnest.ai\smartnest_media_dataset\data\media_dataset\frames\RealEstate10K_frames\images\train\00399697cc95c81e_000060.jpg,living,00399697cc95c81e,60,2.002,1280,720
train,d:\smartnest.ai\smartnest_media_dataset\data\media_dataset\frames\RealEstate10K_frames\images\train\00399697cc95c81e_000075.jpg,living,00399697cc95c81e,75,2.502,1280,720
train,d:\smartnest.ai\smartnest_media_dataset\data\media_dataset\frames\RealEstate10K_frames\images\train\00399697cc95c81e_000090.jpg,living,00399697cc95c81e,90,3.003,1280,720
train,d:\smartnest.ai\smartnest_media_dataset\data\media_dataset\frames\RealEstate10K_frames\images\train\00399697cc95c81e_000105.jpg,living,00399697cc95c81e,105,3.503,1280,720
train,d:\smartnest.ai\smartnest_media_dataset\data\media_dataset\frames\RealEstate10K_frames\images\train\00399697cc95c81e_000120.jpg,living,00399697cc95c81e,120,4.004,1280,720
train,d:\smartnest.ai\smartnest_media_dataset\data\media_dataset\frames\RealEstate10K_frames\images\train\00399697cc95c81e_000135.jpg,balcony,00399697cc95c81e,135,4.504,1280,720
train,d:\smartnest.ai\smartnest_media_dataset\data\media_dataset\frames\RealEstate10K_frames\images\train\00399697cc95c81e_000150.jpg,balcony,00399697cc95c81e,150,5.005,1280,720
train,d:\smartnest.ai\smartnest_media_dataset\data\media_dataset\frames\RealEstate10K_frames\images\train\00399697cc95c81e_000165.jpg,balcony,00399697cc95c81e,165,5.505,1280,720
train,d:\smartnest.ai\smartnest_media_dataset\data\media_dataset\frames\RealEstate10K_frames\images\train\00399697cc95c81e_000180.jpg,balcony,00399697cc95c81e,180,6.006,1280,720
train,d:\smartnest.ai\smartnest_media_dataset\data\media_dataset\frames\RealEstate10K_frames\images\train\00399697cc95c81e_000195.jpg,balcony,00399697cc95c81e,195,6.506,1280,720
train,d:\smartnest.ai\smartnest_media_dataset\data\media_dataset\frames\RealEstate10K_frames\images\train\00399697cc95c81e_000210.jpg,living,00399697cc95c81e,210,7.006,1280,720
train,d:\smartnest.ai\smartnest_media_dataset\data\media_dataset\frames\RealEstate10K_frames\images\train\00399697cc95c81e_000225.jpg,living,00399697cc95c81e,225,7.507,1280,720
train,d:\smartnest.ai\smartnest_media_dataset\data\media_dataset\frames\RealEstate10K_frames\images\train\00399697cc95c81e_000240.jpg,balcony,00399697cc95c81e,240,8.007,1280,720
train,d:\smartnest.ai\smartnest_media_dataset\data\media_dataset\frames\RealEstate10K_frames\images\train\00399697cc95c81e_000255.jpg,balcony,00399697cc95c81e,255,8.508,1280,720
train,d:\smartnest.ai\smartnest_media_dataset\data\media_dataset\frames\RealEstate10K_frames\images\train\00399697cc95c81e_000270.jpg,balcony,00399697cc95c81e,270,9.008,1280,720
train,d:\smartnest.ai\smartnest_media_dataset\data\media_dataset\frames\RealEstate10K_frames\images\train\00399697cc95c81e_000285.jpg,balcony,00399697cc95c81e,285,9.509,1280,720
train,d:\smartnest.ai\smartnest_media_dataset\data\media_dataset\frames\RealEstate10K_frames\images\train\00399697cc95c81e_000300.jpg,balcony,00399697cc95c81e,300,10.009,1280,720
train,d:\smartnest.ai\smartnest_media_dataset\data\media_dataset\frames\RealEstate10K_frames\images\train\00399697cc95c81e_000315.jpg,balcony,00399697cc95c81e,315,10.510,1280,720
train,d:\smartnest.ai\smartnest_media_dataset\data\media_dataset\frames\RealEstate10K_frames\images\train\00399697cc95c81e_000330.jpg,balcony,00399697cc95c81e,330,11.010,1280,720
train,d:\smartnest.ai\smartnest_media_dataset\data\media_dataset\frames\RealEstate10K_frames\images\train\00399697cc95c81e_000345.jpg,balcony,00399697cc95c81e,345,11.511,1280,720
train,d:\smartnest.ai\smartnest_media_dataset\data\media_dataset\frames\RealEstate10K_frames\images\train\00399697cc95c81e_000360.jpg,balcony,00399697cc95c81e,360,12.011,1280,720
train,d:\smartnest.ai\smartnest_media_dataset\data\media_dataset\frames\RealEstate10K_frames\images\train\00399697cc95c81e_000375.jpg,balcony,00399697cc95c81e,375,12.512,1280,720
train,d:\smartnest.ai\smartnest_media_dataset\data\media_dataset\frames\RealEstate10K_frames\images\train\00399697cc95c81e_000390.jpg,balcony,00399697cc95c81e,390,13.012,1280,720
train,d:\smartnest.ai\smartnest_media_dataset\data\media_dataset\frames\RealEstate10K_frames\images\train\003a243e0d37b315_000000.jpg,bathroom,003a243e0d37b315,0,0.000,1280,720
train,d:\smartnest.ai\smartnest_media_dataset\data\media_dataset\frames\RealEstate10K_frames\images\train\003a243e0d37b315_000015.jpg,bedroom,003a243e0d37b315,15,0.500,1280,720
train,d:\smartnest.ai\smartnest_media_dataset\data\media_dataset\frames\RealEstate10K_frames\images\train\003a243e0d37b315_000030.jpg,bedroom,003a243e0d37b315,30,1.001,1280,720
train,d:\smartnest.ai\smartnest_media_dataset\data\media_dataset\frames\RealEstate10K_frames\images\train\003a243e0d37b315_000045.jpg,bedroom,003a243e0d37b315,45,1.501,1280,720
train,d:\smartnest.ai\smartnest_media_dataset\data\media_dataset\frames\RealEstate10K_frames\images\train\003a243e0d37b315_000060.jpg,bedroom,003a243e0d37b315,60,2.002,1280,720
train,d:\smartnest.ai\smartnest_media_dataset\data\media_dataset\frames\RealEstate10K_frames\images\train\003a243e0d37b315_000075.jpg,bedroom,003a243e0d37b315,75,2.502,1280,720
train,d:\smartnest.ai\smartnest_media_dataset\data\media_dataset\frames\RealEstate10K_frames\images\train\003a243e0d37b315_000090.jpg,bedroom,003a243e0d37b315,90,3.002,1280,720
train,d:\smartnest.ai\smartnest_media_dataset\data\media_dataset\frames\RealEstate10K_frames\images\train\003a243e0d37b315_000105.jpg,bedroom,003a243e0d37b315,105,3.503,1280,720
train,d:\smartnest.ai\smartnest_media_dataset\data\media_dataset\frames\RealEstate10K_frames\images\train\003a243e0d37b315_000120.jpg,bedroom,003a243e0d37b315,120,4.003,1280,720
train,d:\smartnest.ai\smartnest_media_dataset\data\media_dataset\frames\RealEstate10K_frames\images\train\003a243e0d37b315_000135.jpg,bedroom,003a243e0d37b315,135,4.504,1280,720
train,d:\smartnest.ai\smartnest_media_dataset\data\media_dataset\frames\RealEstate10K_frames\images\train\003a243e0d37b315_000150.jpg,bedroom,003a243e0d37b315,150,5.004,1280,720
train,d:\smartnest.ai\smartnest_media_dataset\data\media_dataset\frames\RealEstate10K_frames\images\train\003a243e0d37b315_000165.jpg,bedroom,003a243e0d37b315,165,5.504,1280,720
train,d:\smartnest.ai\smartnest_media_dataset\data\media_dataset\frames\RealEstate10K_frames\images\train\003a243e0d37b315_000180.jpg,bedroom,003a243e0d37b315,180,6.005,1280,720
train,d:\smartnest.ai\smartnest_media_dataset\data\media_dataset\frames\RealEstate10K_frames\images\train\003a243e0d37b315_000195.jpg,bedroom,003a243e0d37b315,195,6.505,1280,720
train,d:\smartnest.ai\smartnest_media_dataset\data\media_dataset\frames\RealEstate10K_frames\images\train\003a243e0d37b315_000210.jpg,bedroom,003a243e0d37b315,210,7.006,1280,720
train,d:\smartnest.ai\smartnest_media_dataset\data\media_dataset\frames\RealEstate10K_frames\images\train\003c67ed6be72aeb_000000.jpg,bedroom,003c67ed6be72aeb,0,0.000,1280,720
train,d:\smartnest.ai\smartnest_media_dataset\data\media_dataset\frames\RealEstate10K_frames\images\train\003c67ed6be72aeb_000015.jpg,bedroom,003c67ed6be72aeb,15,0.500,1280,720
train,d:\smartnest.ai\smartnest_media_dataset\data\media_dataset\frames\RealEstate10K_frames\images\train\003c67ed6be72aeb_000030.jpg,bedroom,003c67ed6be72aeb,30,1.001,1280,720
train,d:\smartnest.ai\smartnest_media_dataset\data\media_dataset\frames\RealEstate10K_frames\images\train\003c67ed6be72aeb_000045.jpg,bedroom,003c67ed6be72aeb,45,1.501,1280,720
train,d:\smartnest.ai\smartnest_media_dataset\data\media_dataset\frames\RealEstate10K_frames\images\train\003c67ed6be72aeb_000060.jpg,bedroom,003c67ed6be72aeb,60,2.002,1280,720
train,d:\smartnest.ai\smartnest_media_dataset\data\media_dataset\frames\RealEstate10K_frames\images\train\003c67ed6be72aeb_000075.jpg,bedroom,003c67ed6be72aeb,75,2.502,1280,720
train,d:\smartnest.ai\smartnest_media_dataset\data\media_dataset\frames\RealEstate10K_frames\images\train\003c67ed6be72aeb_000090.jpg,bedroom,003c67ed6be72aeb,90,3.003,1280,720
train,d:\smartnest.ai\smartnest_media_dataset\data\media_dataset\frames\RealEstate10K_frames\images\train\003c67ed6be72aeb_000105.jpg,bedroom,003c67ed6be72aeb,105,3.503,1280,720
train,d:\smartnest.ai\smartnest_media_dataset\data\media_dataset\frames\RealEstate10K_frames\images\train\003c67ed6be72aeb_000120.jpg,bedroom,003c67ed6be72aeb,120,4.004,1280,720
train,d:\smartnest.ai\smartnest_media_dataset\data\media_dataset\frames\RealEstate10K_frames\images\train\003c67ed6be72aeb_000135.jpg,bedroom,003c67ed6be72aeb,135,4.504,1280,720
train,d:\smartnest.ai\smartnest_media_dataset\data\media_dataset\frames\RealEstate10K_frames\images\train\003c67ed6be72aeb_000150.jpg,bedroom,003c67ed6be72aeb,150,5.005,1280,720
train,d:\smartnest.ai\smartnest_media_dataset\data\media_dataset\frames\RealEstate10K_frames\images\train\003c67ed6be72aeb_000165.jpg,bedroom,003c67ed6be72aeb,165,5.505,1280,720
train,d:\smartnest.ai\smartnest_media_dataset\data\media_dataset\frames\RealEstate10K_frames\images\train\003c67ed6be72aeb_000180.jpg,bedroom,003c67ed6be72aeb,180,6.006,1280,720
train,d:\smartnest.ai\smartnest_media_dataset\data\media_dataset\frames\RealEstate10K_frames\images\train\003c67ed6be72aeb_000195.jpg,bedroom,003c67ed6be72aeb,195,6.506,1280,720
train,d:\smartnest.ai\smartnest_media_dataset\data\media_dataset\frames\RealEstate10K_frames\images\train\003d2563b3c1023e_000000.jpg,bedroom,003d2563b3c1023e,0,0.000,1280,720
train,d:\smartnest.ai\smartnest_media_dataset\data\media_dataset\frames\RealEstate10K_frames\images\train\003d2563b3c1023e_000015.jpg,bedroom,003d2563b3c1023e,15,0.500,1280,720
train,d:\smartnest.ai\smartnest_media_dataset\data\media_dataset\frames\RealEstate10K_frames\images\train\003d2563b3c1023e_000030.jpg,bedroom,003d2563b3c1023e,30,1.001,1280,720
train,d:\smartnest.ai\smartnest_media_dataset\data\media_dataset\frames\RealEstate10K_frames\images\train\003d2563b3c1023e_000045.jpg,bedroom,003d2563b3c1023e,45,1.501,1280,720
train,d:\smartnest.ai\smartnest_media_dataset\data\media_dataset\frames\RealEstate10K_frames\images\train\003d2563b3c1023e_000060.jpg,bedroom,003d2563b3c1023e,60,2.002,1280,720
train,d:\smartnest.ai\smartnest_media_dataset\data\media_dataset\frames\RealEstate10K_frames\images\train\003d2563b3c1023e_000075.jpg,bedroom,003d2563b3c1023e,75,2.502,1280,720
train,d:\smartnest.ai\smartnest_media_dataset\data\media_dataset\frames\RealEstate10K_frames\images\train\003d2563b3c1023e_000090.jpg,bedroom,003d2563b3c1023e,90,3.003,1280,720
train,d:\smartnest.ai\smartnest_media_dataset\data\media_dataset\frames\RealEstate10K_frames\images\train\003d2563b3c1023e_000105.jpg,bedroom,003d2563b3c1023e,105,3.503,1280,720
train,d:\smartnest.ai\smartnest_media_dataset\data\media_dataset\frames\RealEstate10K_frames\images\train\003d2563b3c1023e_000120.jpg,bedroom,003d2563b3c1023e,120,4.004,1280,720
train,d:\smartnest.ai\smartnest_media_dataset\data\media_dataset\frames\RealEstate10K_frames\images\train\003d2563b3c1023e_000135.jpg,bedroom,003d2563b3c1023e,135,4.504,1280,720
train,d:\smartnest.ai\smartnest_media_dataset\data\media_dataset\frames\RealEstate10K_frames\images\train\003d2563b3c1023e_000150.jpg,bedroom,003d2563b3c1023e,150,5.004,1280,720
train,d:\smartnest.ai\smartnest_media_dataset\data\media_dataset\frames\RealEstate10K_frames\images\train\003d2563b3c1023e_000165.jpg,bedroom,003d2563b3c1023e,165,5.505,1280,720
train,d:\smartnest.ai\smartnest_media_dataset\data\media_dataset\frames\RealEstate10K_frames\images\train\003d2563b3c1023e_000180.jpg,bedroom,003d2563b3c1023e,180,6.005,1280,720
train,d:\smartnest.ai\smartnest_media_dataset\data\media_dataset\frames\RealEstate10K_frames\images\train\003d2563b3c1023e_000195.jpg,bedroom,003d2563b3c1023e,195,6.506,1280,720
train,d:\smartnest.ai\smartnest_media_dataset\data\media_dataset\frames\RealEstate10K_frames\images\train\003d2563b3c1023e_000210.jpg,bedroom,003d2563b3c1023e,210,7.006,1280,720
train,d:\smartnest.ai\smartnest_media_dataset\data\media_dataset\frames\RealEstate10K_frames\images\train\00407b3f1bad1493_000000.jpg,bedroom,00407b3f1bad1493,0,0.000,1280,720
train,d:\smartnest.ai\smartnest_media_dataset\data\media_dataset\frames\RealEstate10K_frames\images\train\00407b3f1bad1493_000015.jpg,bedroom,00407b3f1bad1493,15,0.500,1280,720
train,d:\smartnest.ai\smartnest_media_dataset\data\media_dataset\frames\RealEstate10K_frames\images\train\00407b3f1bad1493_000030.jpg,bedroom,00407b3f1bad1493,30,1.001,1280,720
train,d:\smartnest.ai\smartnest_media_dataset\data\media_dataset\frames\RealEstate10K_frames\images\train\00407b3f1bad1493_000045.jpg,bedroom,00407b3f1bad1493,45,1.501,1280,720
train,d:\smartnest.ai\smartnest_media_dataset\data\media_dataset\frames\RealEstate10K_frames\images\train\00407b3f1bad1493_000060.jpg,bedroom,00407b3f1bad1493,60,2.002,1280,720
train,d:\smartnest.ai\smartnest_media_dataset\data\media_dataset\frames\RealEstate10K_frames\images\train\00407b3f1bad1493_000075.jpg,bedroom,00407b3f1bad1493,75,2.502,1280,720
train,d:\smartnest.ai\smartnest_media_dataset\data\media_dataset\frames\RealEstate10K_frames\images\train\00407b3f1bad1493_000090.jpg,bedroom,00407b3f1bad1493,90,3.003,1280,720
train,d:\smartnest.ai\smartnest_media_dataset\data\media_dataset\frames\RealEstate10K_frames\images\train\00407b3f1bad1493_000105.jpg,bedroom,00407b3f1bad1493,105,3.503,1280,720
train,d:\smartnest.ai\smartnest_media_dataset\data\media_dataset\frames\RealEstate10K_frames\images\train\00407b3f1bad1493_000120.jpg,bedroom,00407b3f1bad1493,120,4.003,1280,720
train,d:\smartnest.ai\smartnest_media_dataset\data\media_dataset\frames\RealEstate10K_frames\images\train\00407b3f1bad1493_000135.jpg,bedroom,00407b3f1bad1493,135,4.504,1280,720
train,d:\smartnest.ai\smartnest_media_dataset\data\media_dataset\frames\RealEstate10K_frames\images\train\00407b3f1bad1493_000150.jpg,bedroom,00407b3f1bad1493,150,5.004,1280,720
train,d:\smartnest.ai\smartnest_media_dataset\data\media_dataset\frames\RealEstate10K_frames\images\train\00407b3f1bad1493_000165.jpg,bedroom,00407b3f1bad1493,165,5.505,1280,720
train,d:\smartnest.ai\smartnest_media_dataset\data\media_dataset\frames\RealEstate10K_frames\images\train\00407b3f1bad1493_000180.jpg,bedroom,00407b3f1bad1493,180,6.005,1280,720
train,d:\smartnest.ai\smartnest_media_dataset\data\media_dataset\frames\RealEstate10K_frames\images\train\00407b3f1bad1493_000195.jpg,bedroom,00407b3f1bad1493,195,6.506,1280,720
val,d:\smartnest.ai\smartnest_media_dataset\data\media_dataset\frames\RealEstate10K_frames\images\val\00409fffa8d6f559_000000.jpg,bedroom,00409fffa8d6f559,0,0.000,1280,720
val,d:\smartnest.ai\smartnest_media_dataset\data\media_dataset\frames\RealEstate10K_frames\images\val\00409fffa8d6f559_000015.jpg,bedroom,00409fffa8d6f559,15,0.500,1280,720
val,d:\smartnest.ai\smartnest_media_dataset\data\media_dataset\frames\RealEstate10K_frames\images\val\00409fffa8d6f559_000030.jpg,balcony,00409fffa8d6f559,30,1.001,1280,720
val,d:\smartnest.ai\smartnest_media_dataset\data\media_dataset\frames\RealEstate10K_frames\images\val\00409fffa8d6f559_000045.jpg,balcony,00409fffa8d6f559,45,1.501,1280,720
val,d:\smartnest.ai\smartnest_media_dataset\data\media_dataset\frames\RealEstate10K_frames\images\val\00409fffa8d6f559_000060.jpg,balcony,00409fffa8d6f559,60,2.002,1280,720
val,d:\smartnest.ai\smartnest_media_dataset\data\media_dataset\frames\RealEstate10K_frames\images\val\00409fffa8d6f559_000075.jpg,balcony,00409fffa8d6f559,75,2.502,1280,720
val,d:\smartnest.ai\smartnest_media_dataset\data\media_dataset\frames\RealEstate10K_frames\images\val\00409fffa8d6f559_000090.jpg,balcony,00409fffa8d6f559,90,3.003,1280,720
val,d:\smartnest.ai\smartnest_media_dataset\data\media_dataset\frames\RealEstate10K_frames\images\val\00409fffa8d6f559_000105.jpg,balcony,00409fffa8d6f559,105,3.503,1280,720
val,d:\smartnest.ai\smartnest_media_dataset\data\media_dataset\frames\RealEstate10K_frames\images\val\00409fffa8d6f559_000120.jpg,balcony,00409fffa8d6f559,120,4.003,1280,720
val,d:\smartnest.ai\smartnest_media_dataset\data\media_dataset\frames\RealEstate10K_frames\images\val\00409fffa8d6f559_000135.jpg,balcony,00409fffa8d6f559,135,4.504,1280,720
train,d:\smartnest.ai\smartnest_media_dataset\data\media_dataset\frames\RealEstate10K_frames\images\train\0040ff89cd583609_000000.jpg,bedroom,0040ff89cd583609,0,0.000,1280,720
train,d:\smartnest.ai\smartnest_media_dataset\data\media_dataset\frames\RealEstate10K_frames\images\train\0040ff89cd583609_000030.jpg,bedroom,0040ff89cd583609,30,0.500,1280,720
train,d:\smartnest.ai\smartnest_media_dataset\data\media_dataset\frames\RealEstate10K_frames\images\train\0040ff89cd583609_000060.jpg,bedroom,0040ff89cd583609,60,1.001,1280,720
train,d:\smartnest.ai\smartnest_media_dataset\data\media_dataset\frames\RealEstate10K_frames\images\train\0040ff89cd583609_000090.jpg,bedroom,0040ff89cd583609,90,1.501,1280,720
train,d:\smartnest.ai\smartnest_media_dataset\data\media_dataset\frames\RealEstate10K_frames\images\train\0040ff89cd583609_000120.jpg,bathroom,0040ff89cd583609,120,2.002,1280,720
train,d:\smartnest.ai\smartnest_media_dataset\data\media_dataset\frames\RealEstate10K_frames\images\train\0040ff89cd583609_000150.jpg,bathroom,0040ff89cd583609,150,2.502,1280,720
train,d:\smartnest.ai\smartnest_media_dataset\data\media_dataset\frames\RealEstate10K_frames\images\train\0040ff89cd583609_000180.jpg,bathroom,0040ff89cd583609,180,3.003,1280,720
train,d:\smartnest.ai\smartnest_media_dataset\data\media_dataset\frames\RealEstate10K_frames\images\train\0040ff89cd583609_000210.jpg,bathroom,0040ff89cd583609,210,3.503,1280,720
train,d:\smartnest.ai\smartnest_media_dataset\data\media_dataset\frames\RealEstate10K_frames\images\train\0040ff89cd583609_000240.jpg,bathroom,0040ff89cd583609,240,4.004,1280,720
train,d:\smartnest.ai\smartnest_media_dataset\data\media_dataset\frames\RealEstate10K_frames\images\train\0040ff89cd583609_000270.jpg,bathroom,0040ff89cd583609,270,4.504,1280,720
train,d:\smartnest.ai\smartnest_media_dataset\data\media_dataset\frames\RealEstate10K_frames\images\train\0040ff89cd583609_000300.jpg,bathroom,0040ff89cd583609,300,5.004,1280,720
train,d:\smartnest.ai\smartnest_media_dataset\data\media_dataset\frames\RealEstate10K_frames\images\train\0040ff89cd583609_000330.jpg,bathroom,0040ff89cd583609,330,5.505,1280,720
train,d:\smartnest.ai\smartnest_media_dataset\data\media_dataset\frames\RealEstate10K_frames\images\train\0040ff89cd583609_000360.jpg,bathroom,0040ff89cd583609,360,6.005,1280,720
train,d:\smartnest.ai\smartnest_media_dataset\data\media_dataset\frames\RealEstate10K_frames\images\train\0040ff89cd583609_000390.jpg,bathroom,0040ff89cd583609,390,6.506,1280,720
train,d:\smartnest.ai\smartnest_media_dataset\data\media_dataset\frames\RealEstate10K_frames\images\train\0040ff89cd583609_000420.jpg,bathroom,0040ff89cd583609,420,7.006,1280,720
train,d:\smartnest.ai\smartnest_media_dataset\data\media_dataset\frames\RealEstate10K_frames\images\train\0040ff89cd583609_000450.jpg,bathroom,0040ff89cd583609,450,7.507,1280,720
train,d:\smartnest.ai\smartnest_media_dataset\data\media_dataset\frames\RealEstate10K_frames\images\train\0040ff89cd583609_000480.jpg,bathroom,0040ff89cd583609,480,8.007,1280,720
train,d:\smartnest.ai\smartnest_media_dataset\data\media_dataset\frames\RealEstate10K_frames\images\train\0040ff89cd583609_000510.jpg,bathroom,0040ff89cd583609,510,8.508,1280,720
train,d:\smartnest.ai\smartnest_media_dataset\data\media_dataset\frames\RealEstate10K_frames\images\train\0040ff89cd583609_000540.jpg,bathroom,0040ff89cd583609,540,9.008,1280,720
train,d:\smartnest.ai\smartnest_media_dataset\data\media_dataset\frames\RealEstate10K_frames\images\train\0040ff89cd583609_000570.jpg,bathroom,0040ff89cd583609,570,9.508,1280,720
train,d:\smartnest.ai\smartnest_media_dataset\data\media_dataset\frames\RealEstate10K_frames\images\train\0040ff89cd583609_000600.jpg,bathroom,0040ff89cd583609,600,10.009,1280,720
train,d:\smartnest.ai\smartnest_media_dataset\data\media_dataset\frames\RealEstate10K_frames\images\train\0040ff89cd583609_000630.jpg,bathroom,0040ff89cd583609,630,10.509,1280,720
train,d:\smartnest.ai\smartnest_media_dataset\data\media_dataset\frames\RealEstate10K_frames\images\train\0040ff89cd583609_000660.jpg,bathroom,0040ff89cd583609,660,11.010,1280,720
train,d:\smartnest.ai\smartnest_media_dataset\data\media_dataset\frames\RealEstate10K_frames\images\train\0040ff89cd583609_000690.jpg,bathroom,0040ff89cd583609,690,11.510,1280,720
train,d:\smartnest.ai\smartnest_media_dataset\data\media_dataset\frames\RealEstate10K_frames\images\train\00415ec2f505e8c3_000000.jpg,bedroom,00415ec2f505e8c3,0,0.000,1280,720
train,d:\smartnest.ai\smartnest_media_dataset\data\media_dataset\frames\RealEstate10K_frames\images\train\00415ec2f505e8c3_000015.jpg,balcony,00415ec2f505e8c3,15,0.500,1280,720
train,d:\smartnest.ai\smartnest_media_dataset\data\media_dataset\frames\RealEstate10K_frames\images\train\00415ec2f505e8c3_000030.jpg,bedroom,00415ec2f505e8c3,30,1.001,1280,720
train,d:\smartnest.ai\smartnest_media_dataset\data\media_dataset\frames\RealEstate10K_frames\images\train\00415ec2f505e8c3_000045.jpg,bedroom,00415ec2f505e8c3,45,1.501,1280,720
train,d:\smartnest.ai\smartnest_media_dataset\data\media_dataset\frames\RealEstate10K_frames\images\train\00415ec2f505e8c3_000060.jpg,kitchen,00415ec2f505e8c3,60,2.002,1280,720
train,d:\smartnest.ai\smartnest_media_dataset\data\media_dataset\frames\RealEstate10K_frames\images\train\00415ec2f505e8c3_000075.jpg,kitchen,00415ec2f505e8c3,75,2.502,1280,720
train,d:\smartnest.ai\smartnest_media_dataset\data\media_dataset\frames\RealEstate10K_frames\images\train\00415ec2f505e8c3_000090.jpg,kitchen,00415ec2f505e8c3,90,3.003,1280,720
train,d:\smartnest.ai\smartnest_media_dataset\data\media_dataset\frames\RealEstate10K_frames\images\train\00415ec2f505e8c3_000105.jpg,kitchen,00415ec2f505e8c3,105,3.503,1280,720
train,d:\smartnest.ai\smartnest_media_dataset\data\media_dataset\frames\RealEstate10K_frames\images\train\00415ec2f505e8c3_000120.jpg,kitchen,00415ec2f505e8c3,120,4.004,1280,720
train,d:\smartnest.ai\smartnest_media_dataset\data\media_dataset\frames\RealEstate10K_frames\images\train\00415ec2f505e8c3_000135.jpg,kitchen,00415ec2f505e8c3,135,4.504,1280,720
train,d:\smartnest.ai\smartnest_media_dataset\data\media_dataset\frames\RealEstate10K_frames\images\train\00415ec2f505e8c3_000150.jpg,kitchen,00415ec2f505e8c3,150,5.005,1280,720
train,d:\smartnest.ai\smartnest_media_dataset\data\media_dataset\frames\RealEstate10K_frames\images\train\00415ec2f505e8c3_000165.jpg,kitchen,00415ec2f505e8c3,165,5.505,1280,720
train,d:\smartnest.ai\smartnest_media_dataset\data\media_dataset\frames\RealEstate10K_frames\images\train\00415ec2f505e8c3_000180.jpg,kitchen,00415ec2f505e8c3,180,6.006,1280,720
train,d:\smartnest.ai\smartnest_media_dataset\data\media_dataset\frames\RealEstate10K_frames\images\train\00415ec2f505e8c3_000195.jpg,kitchen,00415ec2f505e8c3,195,6.506,1280,720
train,d:\smartnest.ai\smartnest_media_dataset\data\media_dataset\frames\RealEstate10K_frames\images\train\00415ec2f505e8c3_000210.jpg,kitchen,00415ec2f505e8c3,210,7.007,1280,720
train,d:\smartnest.ai\smartnest_media_dataset\data\media_dataset\frames\RealEstate10K_frames\images\train\00415ec2f505e8c3_000225.jpg,kitchen,00415ec2f505e8c3,225,7.507,1280,720
train,d:\smartnest.ai\smartnest_media_dataset\data\media_dataset\frames\RealEstate10K_frames\images\train\00415ec2f505e8c3_000240.jpg,kitchen,00415ec2f505e8c3,240,8.008,1280,720
train,d:\smartnest.ai\smartnest_media_dataset\data\media_dataset\frames\RealEstate10K_frames\images\train\00415ec2f505e8c3_000255.jpg,kitchen,00415ec2f505e8c3,255,8.508,1280,720
train,d:\smartnest.ai\smartnest_media_dataset\data\media_dataset\frames\RealEstate10K_frames\images\train\00415ec2f505e8c3_000270.jpg,kitchen,00415ec2f505e8c3,270,9.009,1280,720
train,d:\smartnest.ai\smartnest_media_dataset\data\media_dataset\frames\RealEstate10K_frames\images\train\00415ec2f505e8c3_000285.jpg,kitchen,00415ec2f505e8c3,285,9.509,1280,720
train,d:\smartnest.ai\smartnest_media_dataset\data\media_dataset\frames\RealEstate10K_frames\images\train\00415ec2f505e8c3_000300.jpg,kitchen,00415ec2f505e8c3,300,10.010,1280,720
train,d:\smartnest.ai\smartnest_media_dataset\data\media_dataset\frames\RealEstate10K_frames\images\train\00415ec2f505e8c3_000315.jpg,kitchen,00415ec2f505e8c3,315,10.510,1280,720
train,d:\smartnest.ai\smartnest_media_dataset\data\media_dataset\frames\RealEstate10K_frames\images\train\00415ec2f505e8c3_000330.jpg,kitchen,00415ec2f505e8c3,330,11.011,1280,720
train,d:\smartnest.ai\smartnest_media_dataset\data\media_dataset\frames\RealEstate10K_frames\images\train\00418328841b51e6_000000.jpg,bedroom,00418328841b51e6,0,0.000,1280,720
train,d:\smartnest.ai\smartnest_media_dataset\data\media_dataset\frames\RealEstate10K_frames\images\train\00418328841b51e6_000015.jpg,bedroom,00418328841b51e6,15,0.500,1280,720
train,d:\smartnest.ai\smartnest_media_dataset\data\media_dataset\frames\RealEstate10K_frames\images\train\00418328841b51e6_000030.jpg,bedroom,00418328841b51e6,30,1.001,1280,720
train,d:\smartnest.ai\smartnest_media_dataset\data\media_dataset\frames\RealEstate10K_frames\images\train\00418328841b51e6_000045.jpg,bedroom,00418328841b51e6,45,1.501,1280,720
train,d:\smartnest.ai\smartnest_media_dataset\data\media_dataset\frames\RealEstate10K_frames\images\train\00418328841b51e6_000060.jpg,bedroom,00418328841b51e6,60,2.002,1280,720
train,d:\smartnest.ai\smartnest_media_dataset\data\media_dataset\frames\RealEstate10K_frames\images\train\00418328841b51e6_000075.jpg,bedroom,00418328841b51e6,75,2.502,1280,720
train,d:\smartnest.ai\smartnest_media_dataset\data\media_dataset\frames\RealEstate10K_frames\images\train\00418328841b51e6_000090.jpg,bedroom,00418328841b51e6,90,3.003,1280,720
train,d:\smartnest.ai\smartnest_media_dataset\data\media_dataset\frames\RealEstate10K_frames\images\train\00418328841b51e6_000105.jpg,bedroom,00418328841b51e6,105,3.503,1280,720
train,d:\smartnest.ai\smartnest_media_dataset\data\media_dataset\frames\RealEstate10K_frames\images\train\00418328841b51e6_000120.jpg,bedroom,00418328841b51e6,120,4.004,1280,720
train,d:\smartnest.ai\smartnest_media_dataset\data\media_dataset\frames\RealEstate10K_frames\images\train\00418328841b51e6_000135.jpg,bedroom,00418328841b51e6,135,4.504,1280,720
train,d:\smartnest.ai\smartnest_media_dataset\data\media_dataset\frames\RealEstate10K_frames\images\train\00418328841b51e6_000150.jpg,bedroom,00418328841b51e6,150,5.004,1280,720
train,d:\smartnest.ai\smartnest_media_dataset\data\media_dataset\frames\RealEstate10K_frames\images\train\00418328841b51e6_000165.jpg,bedroom,00418328841b51e6,165,5.505,1280,720
train,d:\smartnest.ai\smartnest_media_dataset\data\media_dataset\frames\RealEstate10K_frames\images\train\00418328841b51e6_000180.jpg,bedroom,00418328841b51e6,180,6.005,1280,720
train,d:\smartnest.ai\smartnest_media_dataset\data\media_dataset\frames\RealEstate10K_frames\images\train\00419dfa0b973e11_000000.jpg,bedroom,00419dfa0b973e11,0,0.000,1280,720
train,d:\smartnest.ai\smartnest_media_dataset\data\media_dataset\frames\RealEstate10K_frames\images\train\00419dfa0b973e11_000030.jpg,bedroom,00419dfa0b973e11,30,0.501,1280,720
train,d:\smartnest.ai\smartnest_media_dataset\data\media_dataset\frames\RealEstate10K_frames\images\train\00419dfa0b973e11_000060.jpg,bedroom,00419dfa0b973e11,60,1.001,1280,720
train,d:\smartnest.ai\smartnest_media_dataset\data\media_dataset\frames\RealEstate10K_frames\images\train\00419dfa0b973e11_000090.jpg,bedroom,00419dfa0b973e11,90,1.502,1280,720
train,d:\smartnest.ai\smartnest_media_dataset\data\media_dataset\frames\RealEstate10K_frames\images\train\00419dfa0b973e11_000120.jpg,bedroom,00419dfa0b973e11,120,2.002,1280,720
train,d:\smartnest.ai\smartnest_media_dataset\data\media_dataset\frames\RealEstate10K_frames\images\train\00419dfa0b973e11_000150.jpg,bedroom,00419dfa0b973e11,150,2.502,1280,720
train,d:\smartnest.ai\smartnest_media_dataset\data\media_dataset\frames\RealEstate10K_frames\images\train\00419dfa0b973e11_000180.jpg,bedroom,00419dfa0b973e11,180,3.003,1280,720
val,d:\smartnest.ai\smartnest_media_dataset\data\media_dataset\frames\RealEstate10K_frames\images\val\0045483c1473d6a7_000000.jpg,bedroom,0045483c1473d6a7,0,0.000,1280,720
val,d:\smartnest.ai\smartnest_media_dataset\data\media_dataset\frames\RealEstate10K_frames\images\val\0045483c1473d6a7_000012.jpg,bedroom,0045483c1473d6a7,12,0.500,1280,720
val,d:\smartnest.ai\smartnest_media_dataset\data\media_dataset\frames\RealEstate10K_frames\images\val\0045483c1473d6a7_000024.jpg,bedroom,0045483c1473d6a7,24,1.001,1280,720
val,d:\smartnest.ai\smartnest_media_dataset\data\media_dataset\frames\RealEstate10K_frames\images\val\0045483c1473d6a7_000036.jpg,bedroom,0045483c1473d6a7,36,1.501,1280,720
val,d:\smartnest.ai\smartnest_media_dataset\data\media_dataset\frames\RealEstate10K_frames\images\val\0045483c1473d6a7_000048.jpg,bedroom,0045483c1473d6a7,48,2.002,1280,720
val,d:\smartnest.ai\smartnest_media_dataset\data\media_dataset\frames\RealEstate10K_frames\images\val\0045483c1473d6a7_000060.jpg,bedroom,0045483c1473d6a7,60,2.502,1280,720
val,d:\smartnest.ai\smartnest_media_dataset\data\media_dataset\frames\RealEstate10K_frames\images\val\0045483c1473d6a7_000072.jpg,kitchen,0045483c1473d6a7,72,3.003,1280,720
val,d:\smartnest.ai\smartnest_media_dataset\data\media_dataset\frames\RealEstate10K_frames\images\val\0045483c1473d6a7_000084.jpg,kitchen,0045483c1473d6a7,84,3.503,1280,720
val,d:\smartnest.ai\smartnest_media_dataset\data\media_dataset\frames\RealEstate10K_frames\images\val\0045483c1473d6a7_000096.jpg,bedroom,0045483c1473d6a7,96,4.004,1280,720
val,d:\smartnest.ai\smartnest_media_dataset\data\media_dataset\frames\RealEstate10K_frames\images\val\0045483c1473d6a7_000108.jpg,kitchen,0045483c1473d6a7,108,4.504,1280,720
val,d:\smartnest.ai\smartnest_media_dataset\data\media_dataset\frames\RealEstate10K_frames\images\val\0045483c1473d6a7_000120.jpg,kitchen,0045483c1473d6a7,120,5.005,1280,720
val,d:\smartnest.ai\smartnest_media_dataset\data\media_dataset\frames\RealEstate10K_frames\images\val\0045483c1473d6a7_000132.jpg,kitchen,0045483c1473d6a7,132,5.505,1280,720
val,d:\smartnest.ai\smartnest_media_dataset\data\media_dataset\frames\RealEstate10K_frames\images\val\0045483c1473d6a7_000144.jpg,kitchen,0045483c1473d6a7,144,6.006,1280,720
val,d:\smartnest.ai\smartnest_media_dataset\data\media_dataset\frames\RealEstate10K_frames\images\val\0045483c1473d6a7_000156.jpg,kitchen,0045483c1473d6a7,156,6.506,1280,720
val,d:\smartnest.ai\smartnest_media_dataset\data\media_dataset\frames\RealEstate10K_frames\images\val\0045483c1473d6a7_000168.jpg,bedroom,0045483c1473d6a7,168,7.007,1280,720
val,d:\smartnest.ai\smartnest_media_dataset\data\media_dataset\frames\RealEstate10K_frames\images\val\0045483c1473d6a7_000180.jpg,bedroom,0045483c1473d6a7,180,7.507,1280,720
test,d:\smartnest.ai\smartnest_media_dataset\data\media_dataset\frames\RealEstate10K_frames\images\test\00454b8bf9209de8_000000.jpg,bedroom,00454b8bf9209de8,0,0.000,1280,720
test,d:\smartnest.ai\smartnest_media_dataset\data\media_dataset\frames\RealEstate10K_frames\images\test\00454b8bf9209de8_000015.jpg,bedroom,00454b8bf9209de8,15,0.500,1280,720
test,d:\smartnest.ai\smartnest_media_dataset\data\media_dataset\frames\RealEstate10K_frames\images\test\00454b8bf9209de8_000030.jpg,bedroom,00454b8bf9209de8,30,1.001,1280,720
test,d:\smartnest.ai\smartnest_media_dataset\data\media_dataset\frames\RealEstate10K_frames\images\test\00454b8bf9209de8_000045.jpg,bedroom,00454b8bf9209de8,45,1.501,1280,720
test,d:\smartnest.ai\smartnest_media_dataset\data\media_dataset\frames\RealEstate10K_frames\images\test\00454b8bf9209de8_000060.jpg,bedroom,00454b8bf9209de8,60,2.002,1280,720
test,d:\smartnest.ai\smartnest_media_dataset\data\media_dataset\frames\RealEstate10K_frames\images\test\00454b8bf9209de8_000075.jpg,bedroom,00454b8bf9209de8,75,2.502,1280,720
test,d:\smartnest.ai\smartnest_media_dataset\data\media_dataset\frames\RealEstate10K_frames\images\test\00454b8bf9209de8_000090.jpg,bedroom,00454b8bf9209de8,90,3.003,1280,720
test,d:\smartnest.ai\smartnest_media_dataset\data\media_dataset\frames\RealEstate10K_frames\images\test\00454b8bf9209de8_000105.jpg,bedroom,00454b8bf9209de8,105,3.503,1280,720
test,d:\smartnest.ai\smartnest_media_dataset\data\media_dataset\frames\RealEstate10K_frames\images\test\00454b8bf9209de8_000120.jpg,bedroom,00454b8bf9209de8,120,4.004,1280,720
test,d:\smartnest.ai\smartnest_media_dataset\data\media_dataset\frames\RealEstate10K_frames\images\test\00454b8bf9209de8_000135.jpg,bedroom,00454b8bf9209de8,135,4.504,1280,720
test,d:\smartnest.ai\smartnest_media_dataset\data\media_dataset\frames\RealEstate10K_frames\images\test\00454b8bf9209de8_000150.jpg,bedroom,00454b8bf9209de8,150,5.005,1280,720
test,d:\smartnest.ai\smartnest_media_dataset\data\media_dataset\frames\RealEstate10K_frames\images\test\00454b8bf9209de8_000165.jpg,bedroom,00454b8bf9209de8,165,5.505,1280,720
test,d:\smartnest.ai\smartnest_media_dataset\data\media_dataset\frames\RealEstate10K_frames\images\test\00454b8bf9209de8_000180.jpg,bedroom,00454b8bf9209de8,180,6.006,1280,720
test,d:\smartnest.ai\smartnest_media_dataset\data\media_dataset\frames\RealEstate10K_frames\images\test\00454b8bf9209de8_000195.jpg,bedroom,00454b8bf9209de8,195,6.506,1280,720
test,d:\smartnest.ai\smartnest_media_dataset\data\media_dataset\frames\RealEstate10K_frames\images\test\00454b8bf9209de8_000210.jpg,bedroom,00454b8bf9209de8,210,7.007,1280,720
test,d:\smartnest.ai\smartnest_media_dataset\data\media_dataset\frames\RealEstate10K_frames\images\test\00454b8bf9209de8_000225.jpg,bedroom,00454b8bf9209de8,225,7.507,1280,720
test,d:\smartnest.ai\smartnest_media_dataset\data\media_dataset\frames\RealEstate10K_frames\images\test\00454b8bf9209de8_000240.jpg,bedroom,00454b8bf9209de8,240,8.007,1280,720
test,d:\smartnest.ai\smartnest_media_dataset\data\media_dataset\frames\RealEstate10K_frames\images\test\00454b8bf9209de8_000255.jpg,bedroom,00454b8bf9209de8,255,8.508,1280,720
test,d:\smartnest.ai\smartnest_media_dataset\data\media_dataset\frames\RealEstate10K_frames\images\test\00454b8bf9209de8_000270.jpg,bedroom,00454b8bf9209de8,270,9.008,1280,720
test,d:\smartnest.ai\smartnest_media_dataset\data\media_dataset\frames\RealEstate10K_frames\images\test\00454b8bf9209de8_000285.jpg,bedroom,00454b8bf9209de8,285,9.509,1280,720
test,d:\smartnest.ai\smartnest_media_dataset\data\media_dataset\frames\RealEstate10K_frames\images\test\00454b8bf9209de8_000300.jpg,bedroom,00454b8bf9209de8,300,10.009,1280,720
test,d:\smartnest.ai\smartnest_media_dataset\data\media_dataset\frames\RealEstate10K_frames\images\test\00454b8bf9209de8_000315.jpg,bedroom,00454b8bf9209de8,315,10.510,1280,720
test,d:\smartnest.ai\smartnest_media_dataset\data\media_dataset\frames\RealEstate10K_frames\images\test\00454b8bf9209de8_000330.jpg,bedroom,00454b8bf9209de8,330,11.010,1280,720
train,d:\smartnest.ai\smartnest_media_dataset\data\media_dataset\frames\RealEstate10K_frames\images\train\004673337d29eb87_000000.jpg,bathroom,004673337d29eb87,0,0.000,1280,720
train,d:\smartnest.ai\smartnest_media_dataset\data\media_dataset\frames\RealEstate10K_frames\images\train\004673337d29eb87_000015.jpg,bathroom,004673337d29eb87,15,0.500,1280,720
train,d:\smartnest.ai\smartnest_media_dataset\data\media_dataset\frames\RealEstate10K_frames\images\train\004673337d29eb87_000030.jpg,bathroom,004673337d29eb87,30,1.001,1280,720
train,d:\smartnest.ai\smartnest_media_dataset\data\media_dataset\frames\RealEstate10K_frames\images\train\004673337d29eb87_000045.jpg,bathroom,004673337d29eb87,45,1.501,1280,720
train,d:\smartnest.ai\smartnest_media_dataset\data\media_dataset\frames\RealEstate10K_frames\images\train\004673337d29eb87_000060.jpg,bathroom,004673337d29eb87,60,2.002,1280,720
train,d:\smartnest.ai\smartnest_media_dataset\data\media_dataset\frames\RealEstate10K_frames\images\train\004673337d29eb87_000075.jpg,bathroom,004673337d29eb87,75,2.502,1280,720
train,d:\smartnest.ai\smartnest_media_dataset\data\media_dataset\frames\RealEstate10K_frames\images\train\004673337d29eb87_000090.jpg,bathroom,004673337d29eb87,90,3.003,1280,720
train,d:\smartnest.ai\smartnest_media_dataset\data\media_dataset\frames\RealEstate10K_frames\images\train\004673337d29eb87_000105.jpg,bathroom,004673337d29eb87,105,3.503,1280,720
train,d:\smartnest.ai\smartnest_media_dataset\data\media_dataset\frames\RealEstate10K_frames\images\train\004673337d29eb87_000120.jpg,bathroom,004673337d29eb87,120,4.003,1280,720
train,d:\smartnest.ai\smartnest_media_dataset\data\media_dataset\frames\RealEstate10K_frames\images\train\004673337d29eb87_000135.jpg,bathroom,004673337d29eb87,135,4.504,1280,720
train,d:\smartnest.ai\smartnest_media_dataset\data\media_dataset\frames\RealEstate10K_frames\images\train\004673337d29eb87_000150.jpg,bathroom,004673337d29eb87,150,5.004,1280,720
test,d:\smartnest.ai\smartnest_media_dataset\data\media_dataset\frames\RealEstate10K_frames\images\test\00469966d50c2b97_000000.jpg,bathroom,00469966d50c2b97,0,0.000,1280,720
test,d:\smartnest.ai\smartnest_media_dataset\data\media_dataset\frames\RealEstate10K_frames\images\test\00469966d50c2b97_000015.jpg,kitchen,00469966d50c2b97,15,0.500,1280,720
test,d:\smartnest.ai\smartnest_media_dataset\data\media_dataset\frames\RealEstate10K_frames\images\test\00469966d50c2b97_000030.jpg,bathroom,00469966d50c2b97,30,1.001,1280,720
test,d:\smartnest.ai\smartnest_media_dataset\data\media_dataset\frames\RealEstate10K_frames\images\test\00469966d50c2b97_000045.jpg,bedroom,00469966d50c2b97,45,1.501,1280,720
test,d:\smartnest.ai\smartnest_media_dataset\data\media_dataset\frames\RealEstate10K_frames\images\test\00469966d50c2b97_000060.jpg,bedroom,00469966d50c2b97,60,2.002,1280,720
test,d:\smartnest.ai\smartnest_media_dataset\data\media_dataset\frames\RealEstate10K_frames\images\test\00469966d50c2b97_000075.jpg,bedroom,00469966d50c2b97,75,2.502,1280,720
test,d:\smartnest.ai\smartnest_media_dataset\data\media_dataset\frames\RealEstate10K_frames\images\test\00469966d50c2b97_000090.jpg,bathroom,00469966d50c2b97,90,3.003,1280,720
test,d:\smartnest.ai\smartnest_media_dataset\data\media_dataset\frames\RealEstate10K_frames\images\test\00469966d50c2b97_000105.jpg,bedroom,00469966d50c2b97,105,3.503,1280,720
test,d:\smartnest.ai\smartnest_media_dataset\data\media_dataset\frames\RealEstate10K_frames\images\test\00469966d50c2b97_000120.jpg,bedroom,00469966d50c2b97,120,4.004,1280,720
test,d:\smartnest.ai\smartnest_media_dataset\data\media_dataset\frames\RealEstate10K_frames\images\test\00469966d50c2b97_000135.jpg,bedroom,00469966d50c2b97,135,4.504,1280,720
test,d:\smartnest.ai\smartnest_media_dataset\data\media_dataset\frames\RealEstate10K_frames\images\test\00469966d50c2b97_000150.jpg,bedroom,00469966d50c2b97,150,5.005,1280,720
test,d:\smartnest.ai\smartnest_media_dataset\data\media_dataset\frames\RealEstate10K_frames\images\test\00469966d50c2b97_000165.jpg,bedroom,00469966d50c2b97,165,5.505,1280,720
test,d:\smartnest.ai\smartnest_media_dataset\data\media_dataset\frames\RealEstate10K_frames\images\test\00469966d50c2b97_000180.jpg,bedroom,00469966d50c2b97,180,6.006,1280,720
test,d:\smartnest.ai\smartnest_media_dataset\data\media_dataset\frames\RealEstate10K_frames\images\test\00469966d50c2b97_000195.jpg,bathroom,00469966d50c2b97,195,6.506,1280,720
test,d:\smartnest.ai\smartnest_media_dataset\data\media_dataset\frames\RealEstate10K_frames\images\test\00469966d50c2b97_000210.jpg,bathroom,00469966d50c2b97,210,7.007,1280,720
test,d:\smartnest.ai\smartnest_media_dataset\data\media_dataset\frames\RealEstate10K_frames\images\test\00469966d50c2b97_000225.jpg,bathroom,00469966d50c2b97,225,7.507,1280,720
test,d:\smartnest.ai\smartnest_media_dataset\data\media_dataset\frames\RealEstate10K_frames\images\test\00469966d50c2b97_000240.jpg,bathroom,00469966d50c2b97,240,8.008,1280,720
test,d:\smartnest.ai\smartnest_media_dataset\data\media_dataset\frames\RealEstate10K_frames\images\test\00469966d50c2b97_000255.jpg,bathroom,00469966d50c2b97,255,8.508,1280,720
train,d:\smartnest.ai\smartnest_media_dataset\data\media_dataset\frames\RealEstate10K_frames\images\train\0048fce686bb184d_000000.jpg,bathroom,0048fce686bb184d,0,0.000,1280,720
train,d:\smartnest.ai\smartnest_media_dataset\data\media_dataset\frames\RealEstate10K_frames\images\train\0048fce686bb184d_000030.jpg,bathroom,0048fce686bb184d,30,0.501,1280,720
train,d:\smartnest.ai\smartnest_media_dataset\data\media_dataset\frames\RealEstate10K_frames\images\train\0048fce686bb184d_000060.jpg,bathroom,0048fce686bb184d,60,1.001,1280,720
train,d:\smartnest.ai\smartnest_media_dataset\data\media_dataset\frames\RealEstate10K_frames\images\train\0048fce686bb184d_000090.jpg,bathroom,0048fce686bb184d,90,1.502,1280,720
train,d:\smartnest.ai\smartnest_media_dataset\data\media_dataset\frames\RealEstate10K_frames\images\train\0048fce686bb184d_000120.jpg,bathroom,0048fce686bb184d,120,2.002,1280,720
train,d:\smartnest.ai\smartnest_media_dataset\data\media_dataset\frames\RealEstate10K_frames\images\train\0048fce686bb184d_000150.jpg,bathroom,0048fce686bb184d,150,2.503,1280,720
train,d:\smartnest.ai\smartnest_media_dataset\data\media_dataset\frames\RealEstate10K_frames\images\train\0048fce686bb184d_000180.jpg,bathroom,0048fce686bb184d,180,3.003,1280,720
train,d:\smartnest.ai\smartnest_media_dataset\data\media_dataset\frames\RealEstate10K_frames\images\train\0048fce686bb184d_000210.jpg,bathroom,0048fce686bb184d,210,3.504,1280,720
train,d:\smartnest.ai\smartnest_media_dataset\data\media_dataset\frames\RealEstate10K_frames\images\train\0048fce686bb184d_000240.jpg,bedroom,0048fce686bb184d,240,4.004,1280,720
train,d:\smartnest.ai\smartnest_media_dataset\data\media_dataset\frames\RealEstate10K_frames\images\train\0048fce686bb184d_000270.jpg,bedroom,0048fce686bb184d,270,4.505,1280,720
train,d:\smartnest.ai\smartnest_media_dataset\data\media_dataset\frames\RealEstate10K_frames\images\train\0048fce686bb184d_000300.jpg,bedroom,0048fce686bb184d,300,5.005,1280,720
train,d:\smartnest.ai\smartnest_media_dataset\data\media_dataset\frames\RealEstate10K_frames\images\train\0048fce686bb184d_000330.jpg,bedroom,0048fce686bb184d,330,5.506,1280,720
train,d:\smartnest.ai\smartnest_media_dataset\data\media_dataset\frames\RealEstate10K_frames\images\train\0048fce686bb184d_000360.jpg,bedroom,0048fce686bb184d,360,6.006,1280,720
train,d:\smartnest.ai\smartnest_media_dataset\data\media_dataset\frames\RealEstate10K_frames\images\train\0048fce686bb184d_000390.jpg,bedroom,0048fce686bb184d,390,6.507,1280,720
train,d:\smartnest.ai\smartnest_media_dataset\data\media_dataset\frames\RealEstate10K_frames\images\train\0048fce686bb184d_000420.jpg,bedroom,0048fce686bb184d,420,7.007,1280,720
train,d:\smartnest.ai\smartnest_media_dataset\data\media_dataset\frames\RealEstate10K_frames\images\train\0048fce686bb184d_000450.jpg,bedroom,0048fce686bb184d,450,7.508,1280,720
train,d:\smartnest.ai\smartnest_media_dataset\data\media_dataset\frames\RealEstate10K_frames\images\train\0048fce686bb184d_000480.jpg,bedroom,0048fce686bb184d,480,8.008,1280,720
train,d:\smartnest.ai\smartnest_media_dataset\data\media_dataset\frames\RealEstate10K_frames\images\train\0048fce686bb184d_000510.jpg,bedroom,0048fce686bb184d,510,8.509,1280,720
train,d:\smartnest.ai\smartnest_media_dataset\data\media_dataset\frames\RealEstate10K_frames\images\train\0048fce686bb184d_000540.jpg,bedroom,0048fce686bb184d,540,9.009,1280,720
train,d:\smartnest.ai\smartnest_media_dataset\data\media_dataset\frames\RealEstate10K_frames\images\train\0049c83bad21bbdf_000000.jpg,bedroom,0049c83bad21bbdf,0,0.000,1280,720
train,d:\smartnest.ai\smartnest_media_dataset\data\media_dataset\frames\RealEstate10K_frames\images\train\0049c83bad21bbdf_000012.jpg,bedroom,0049c83bad21bbdf,12,0.500,1280,720
train,d:\smartnest.ai\smartnest_media_dataset\data\media_dataset\frames\RealEstate10K_frames\images\train\0049c83bad21bbdf_000024.jpg,bedroom,0049c83bad21bbdf,24,1.001,1280,720
train,d:\smartnest.ai\smartnest_media_dataset\data\media_dataset\frames\RealEstate10K_frames\images\train\0049c83bad21bbdf_000036.jpg,bedroom,0049c83bad21bbdf,36,1.501,1280,720
train,d:\smartnest.ai\smartnest_media_dataset\data\media_dataset\frames\RealEstate10K_frames\images\train\0049c83bad21bbdf_000048.jpg,bedroom,0049c83bad21bbdf,48,2.002,1280,720
train,d:\smartnest.ai\smartnest_media_dataset\data\media_dataset\frames\RealEstate10K_frames\images\train\0049c83bad21bbdf_000060.jpg,bedroom,0049c83bad21bbdf,60,2.502,1280,720
train,d:\smartnest.ai\smartnest_media_dataset\data\media_dataset\frames\RealEstate10K_frames\images\train\0049c83bad21bbdf_000072.jpg,bedroom,0049c83bad21bbdf,72,3.003,1280,720
train,d:\smartnest.ai\smartnest_media_dataset\data\media_dataset\frames\RealEstate10K_frames\images\train\0049c83bad21bbdf_000084.jpg,bedroom,0049c83bad21bbdf,84,3.503,1280,720
train,d:\smartnest.ai\smartnest_media_dataset\data\media_dataset\frames\RealEstate10K_frames\images\train\0049c83bad21bbdf_000096.jpg,bedroom,0049c83bad21bbdf,96,4.004,1280,720
train,d:\smartnest.ai\smartnest_media_dataset\data\media_dataset\frames\RealEstate10K_frames\images\train\0049c83bad21bbdf_000108.jpg,bedroom,0049c83bad21bbdf,108,4.504,1280,720
train,d:\smartnest.ai\smartnest_media_dataset\data\media_dataset\frames\RealEstate10K_frames\images\train\0049c83bad21bbdf_000120.jpg,bedroom,0049c83bad21bbdf,120,5.005,1280,720
test,d:\smartnest.ai\smartnest_media_dataset\data\media_dataset\frames\RealEstate10K_frames\images\test\004a40da569ee807_000000.jpg,bedroom,004a40da569ee807,0,0.000,1280,720
test,d:\smartnest.ai\smartnest_media_dataset\data\media_dataset\frames\RealEstate10K_frames\images\test\004a40da569ee807_000015.jpg,bedroom,004a40da569ee807,15,0.497,1280,720
test,d:\smartnest.ai\smartnest_media_dataset\data\media_dataset\frames\RealEstate10K_frames\images\test\004a40da569ee807_000030.jpg,bedroom,004a40da569ee807,30,0.994,1280,720
test,d:\smartnest.ai\smartnest_media_dataset\data\media_dataset\frames\RealEstate10K_frames\images\test\004a40da569ee807_000045.jpg,bedroom,004a40da569ee807,45,1.492,1280,720
test,d:\smartnest.ai\smartnest_media_dataset\data\media_dataset\frames\RealEstate10K_frames\images\test\004a40da569ee807_000060.jpg,bedroom,004a40da569ee807,60,1.989,1280,720
test,d:\smartnest.ai\smartnest_media_dataset\data\media_dataset\frames\RealEstate10K_frames\images\test\004a40da569ee807_000075.jpg,bedroom,004a40da569ee807,75,2.486,1280,720
test,d:\smartnest.ai\smartnest_media_dataset\data\media_dataset\frames\RealEstate10K_frames\images\test\004a40da569ee807_000090.jpg,bedroom,004a40da569ee807,90,2.983,1280,720
test,d:\smartnest.ai\smartnest_media_dataset\data\media_dataset\frames\RealEstate10K_frames\images\test\004a40da569ee807_000105.jpg,bedroom,004a40da569ee807,105,3.480,1280,720
test,d:\smartnest.ai\smartnest_media_dataset\data\media_dataset\frames\RealEstate10K_frames\images\test\004a40da569ee807_000120.jpg,bedroom,004a40da569ee807,120,3.977,1280,720
test,d:\smartnest.ai\smartnest_media_dataset\data\media_dataset\frames\RealEstate10K_frames\images\test\004a40da569ee807_000135.jpg,bedroom,004a40da569ee807,135,4.475,1280,720
test,d:\smartnest.ai\smartnest_media_dataset\data\media_dataset\frames\RealEstate10K_frames\images\test\004a40da569ee807_000150.jpg,bedroom,004a40da569ee807,150,4.972,1280,720
train,d:\smartnest.ai\smartnest_media_dataset\data\media_dataset\frames\RealEstate10K_frames\images\train\004afb07c2352370_000000.jpg,bedroom,004afb07c2352370,0,0.000,1280,720
train,d:\smartnest.ai\smartnest_media_dataset\data\media_dataset\frames\RealEstate10K_frames\images\train\004afb07c2352370_000015.jpg,bedroom,004afb07c2352370,15,0.501,1280,720
train,d:\smartnest.ai\smartnest_media_dataset\data\media_dataset\frames\RealEstate10K_frames\images\train\004afb07c2352370_000030.jpg,bedroom,004afb07c2352370,30,1.001,1280,720
train,d:\smartnest.ai\smartnest_media_dataset\data\media_dataset\frames\RealEstate10K_frames\images\train\004afb07c2352370_000045.jpg,bedroom,004afb07c2352370,45,1.502,1280,720
train,d:\smartnest.ai\smartnest_media_dataset\data\media_dataset\frames\RealEstate10K_frames\images\train\004afb07c2352370_000060.jpg,bedroom,004afb07c2352370,60,2.002,1280,720
train,d:\smartnest.ai\smartnest_media_dataset\data\media_dataset\frames\RealEstate10K_frames\images\train\004afb07c2352370_000075.jpg,bedroom,004afb07c2352370,75,2.502,1280,720
train,d:\smartnest.ai\smartnest_media_dataset\data\media_dataset\frames\RealEstate10K_frames\images\train\004afb07c2352370_000090.jpg,bedroom,004afb07c2352370,90,3.003,1280,720
train,d:\smartnest.ai\smartnest_media_dataset\data\media_dataset\frames\RealEstate10K_frames\images\train\004afb07c2352370_000105.jpg,bedroom,004afb07c2352370,105,3.504,1280,720
train,d:\smartnest.ai\smartnest_media_dataset\data\media_dataset\frames\RealEstate10K_frames\images\train\004afb07c2352370_000120.jpg,bedroom,004afb07c2352370,120,4.004,1280,720
train,d:\smartnest.ai\smartnest_media_dataset\data\media_dataset\frames\RealEstate10K_frames\images\train\004bd1e952dc1df8_000000.jpg,bedroom,004bd1e952dc1df8,0,0.000,1280,720
train,d:\smartnest.ai\smartnest_media_dataset\data\media_dataset\frames\RealEstate10K_frames\images\train\004bd1e952dc1df8_000030.jpg,bedroom,004bd1e952dc1df8,30,0.500,1280,720
train,d:\smartnest.ai\smartnest_media_dataset\data\media_dataset\frames\RealEstate10K_frames\images\train\004bd1e952dc1df8_000060.jpg,bedroom,004bd1e952dc1df8,60,1.001,1280,720
train,d:\smartnest.ai\smartnest_media_dataset\data\media_dataset\frames\RealEstate10K_frames\images\train\004bd1e952dc1df8_000090.jpg,bedroom,004bd1e952dc1df8,90,1.501,1280,720
train,d:\smartnest.ai\smartnest_media_dataset\data\media_dataset\frames\RealEstate10K_frames\images\train\004bd1e952dc1df8_000120.jpg,bedroom,004bd1e952dc1df8,120,2.002,1280,720
train,d:\smartnest.ai\smartnest_media_dataset\data\media_dataset\frames\RealEstate10K_frames\images\train\004bd1e952dc1df8_000150.jpg,bedroom,004bd1e952dc1df8,150,2.502,1280,720
train,d:\smartnest.ai\smartnest_media_dataset\data\media_dataset\frames\RealEstate10K_frames\images\train\004bd1e952dc1df8_000180.jpg,bedroom,004bd1e952dc1df8,180,3.003,1280,720
train,d:\smartnest.ai\smartnest_media_dataset\data\media_dataset\frames\RealEstate10K_frames\images\train\004bd1e952dc1df8_000210.jpg,bedroom,004bd1e952dc1df8,210,3.503,1280,720
train,d:\smartnest.ai\smartnest_media_dataset\data\media_dataset\frames\RealEstate10K_frames\images\train\004bd1e952dc1df8_000240.jpg,bathroom,004bd1e952dc1df8,240,4.004,1280,720
train,d:\smartnest.ai\smartnest_media_dataset\data\media_dataset\frames\RealEstate10K_frames\images\train\004bd1e952dc1df8_000270.jpg,bathroom,004bd1e952dc1df8,270,4.504,1280,720
train,d:\smartnest.ai\smartnest_media_dataset\data\media_dataset\frames\RealEstate10K_frames\images\train\004bd1e952dc1df8_000300.jpg,bathroom,004bd1e952dc1df8,300,5.005,1280,720
train,d:\smartnest.ai\smartnest_media_dataset\data\media_dataset\frames\RealEstate10K_frames\images\train\004bd1e952dc1df8_000330.jpg,bathroom,004bd1e952dc1df8,330,5.505,1280,720
train,d:\smartnest.ai\smartnest_media_dataset\data\media_dataset\frames\RealEstate10K_frames\images\train\004bd1e952dc1df8_000360.jpg,bathroom,004bd1e952dc1df8,360,6.006,1280,720
train,d:\smartnest.ai\smartnest_media_dataset\data\media_dataset\frames\RealEstate10K_frames\images\train\004bd1e952dc1df8_000390.jpg,bathroom,004bd1e952dc1df8,390,6.506,1280,720
train,d:\smartnest.ai\smartnest_media_dataset\data\media_dataset\frames\RealEstate10K_frames\images\train\004bd1e952dc1df8_000420.jpg,bathroom,004bd1e952dc1df8,420,7.007,1280,720
train,d:\smartnest.ai\smartnest_media_dataset\data\media_dataset\frames\RealEstate10K_frames\images\train\004bd1e952dc1df8_000450.jpg,bathroom,004bd1e952dc1df8,450,7.507,1280,720
train,d:\smartnest.ai\smartnest_media_dataset\data\media_dataset\frames\RealEstate10K_frames\images\train\004bd1e952dc1df8_000480.jpg,bathroom,004bd1e952dc1df8,480,8.008,1280,720
train,d:\smartnest.ai\smartnest_media_dataset\data\media_dataset\frames\RealEstate10K_frames\images\train\004bd1e952dc1df8_000510.jpg,bathroom,004bd1e952dc1df8,510,8.508,1280,720
train,d:\smartnest.ai\smartnest_media_dataset\data\media_dataset\frames\RealEstate10K_frames\images\train\004bd1e952dc1df8_000540.jpg,bathroom,004bd1e952dc1df8,540,9.009,1280,720
train,d:\smartnest.ai\smartnest_media_dataset\data\media_dataset\frames\RealEstate10K_frames\images\train\004bd1e952dc1df8_000570.jpg,bathroom,004bd1e952dc1df8,570,9.509,1280,720
train,d:\smartnest.ai\smartnest_media_dataset\data\media_dataset\frames\RealEstate10K_frames\images\train\004bd1e952dc1df8_000600.jpg,bathroom,004bd1e952dc1df8,600,10.010,1280,720
train,d:\smartnest.ai\smartnest_media_dataset\data\media_dataset\frames\RealEstate10K_frames\images\train\004bd1e952dc1df8_000630.jpg,bathroom,004bd1e952dc1df8,630,10.510,1280,720
train,d:\smartnest.ai\smartnest_media_dataset\data\media_dataset\frames\RealEstate10K_frames\images\train\004bd1e952dc1df8_000660.jpg,bathroom,004bd1e952dc1df8,660,11.011,1280,720
train,d:\smartnest.ai\smartnest_media_dataset\data\media_dataset\frames\RealEstate10K_frames\images\train\004bd1e952dc1df8_000690.jpg,bathroom,004bd1e952dc1df8,690,11.511,1280,720
train,d:\smartnest.ai\smartnest_media_dataset\data\media_dataset\frames\RealEstate10K_frames\images\train\004bd1e952dc1df8_000720.jpg,bathroom,004bd1e952dc1df8,720,12.012,1280,720
train,d:\smartnest.ai\smartnest_media_dataset\data\media_dataset\frames\RealEstate10K_frames\images\train\004c65679ce85f03_000000.jpg,bedroom,004c65679ce85f03,0,0.000,1280,720
train,d:\smartnest.ai\smartnest_media_dataset\data\media_dataset\frames\RealEstate10K_frames\images\train\004c65679ce85f03_000015.jpg,bedroom,004c65679ce85f03,15,0.500,1280,720
train,d:\smartnest.ai\smartnest_media_dataset\data\media_dataset\frames\RealEstate10K_frames\images\train\004c65679ce85f03_000030.jpg,bathroom,004c65679ce85f03,30,1.001,1280,720
train,d:\smartnest.ai\smartnest_media_dataset\data\media_dataset\frames\RealEstate10K_frames\images\train\004c65679ce85f03_000045.jpg,bedroom,004c65679ce85f03,45,1.501,1280,720
train,d:\smartnest.ai\smartnest_media_dataset\data\media_dataset\frames\RealEstate10K_frames\images\train\004c65679ce85f03_000060.jpg,bedroom,004c65679ce85f03,60,2.002,1280,720
train,d:\smartnest.ai\smartnest_media_dataset\data\media_dataset\frames\RealEstate10K_frames\images\train\004c65679ce85f03_000075.jpg,bedroom,004c65679ce85f03,75,2.502,1280,720
train,d:\smartnest.ai\smartnest_media_dataset\data\media_dataset\frames\RealEstate10K_frames\images\train\004c65679ce85f03_000090.jpg,bedroom,004c65679ce85f03,90,3.003,1280,720
train,d:\smartnest.ai\smartnest_media_dataset\data\media_dataset\frames\RealEstate10K_frames\images\train\004c65679ce85f03_000105.jpg,bedroom,004c65679ce85f03,105,3.503,1280,720
train,d:\smartnest.ai\smartnest_media_dataset\data\media_dataset\frames\RealEstate10K_frames\images\train\004c65679ce85f03_000120.jpg,bedroom,004c65679ce85f03,120,4.004,1280,720
train,d:\smartnest.ai\smartnest_media_dataset\data\media_dataset\frames\RealEstate10K_frames\images\train\004c65679ce85f03_000135.jpg,bedroom,004c65679ce85f03,135,4.504,1280,720
train,d:\smartnest.ai\smartnest_media_dataset\data\media_dataset\frames\RealEstate10K_frames\images\train\004c65679ce85f03_000150.jpg,bedroom,004c65679ce85f03,150,5.005,1280,720
train,d:\smartnest.ai\smartnest_media_dataset\data\media_dataset\frames\RealEstate10K_frames\images\train\004c65679ce85f03_000165.jpg,bedroom,004c65679ce85f03,165,5.505,1280,720
train,d:\smartnest.ai\smartnest_media_dataset\data\media_dataset\frames\RealEstate10K_frames\images\train\004c65679ce85f03_000180.jpg,bedroom,004c65679ce85f03,180,6.005,1280,720
train,d:\smartnest.ai\smartnest_media_dataset\data\media_dataset\frames\RealEstate10K_frames\images\train\004c65679ce85f03_000195.jpg,bedroom,004c65679ce85f03,195,6.506,1280,720
train,d:\smartnest.ai\smartnest_media_dataset\data\media_dataset\frames\RealEstate10K_frames\images\train\004d2899ce6cfd7e_000000.jpg,bathroom,004d2899ce6cfd7e,0,0.000,1280,720
train,d:\smartnest.ai\smartnest_media_dataset\data\media_dataset\frames\RealEstate10K_frames\images\train\004d2899ce6cfd7e_000015.jpg,bathroom,004d2899ce6cfd7e,15,0.500,1280,720
train,d:\smartnest.ai\smartnest_media_dataset\data\media_dataset\frames\RealEstate10K_frames\images\train\004d2899ce6cfd7e_000030.jpg,bathroom,004d2899ce6cfd7e,30,1.001,1280,720
train,d:\smartnest.ai\smartnest_media_dataset\data\media_dataset\frames\RealEstate10K_frames\images\train\004d2899ce6cfd7e_000045.jpg,bathroom,004d2899ce6cfd7e,45,1.501,1280,720
train,d:\smartnest.ai\smartnest_media_dataset\data\media_dataset\frames\RealEstate10K_frames\images\train\004d2899ce6cfd7e_000060.jpg,bathroom,004d2899ce6cfd7e,60,2.002,1280,720
train,d:\smartnest.ai\smartnest_media_dataset\data\media_dataset\frames\RealEstate10K_frames\images\train\004d2899ce6cfd7e_000075.jpg,bathroom,004d2899ce6cfd7e,75,2.502,1280,720
train,d:\smartnest.ai\smartnest_media_dataset\data\media_dataset\frames\RealEstate10K_frames\images\train\004d2899ce6cfd7e_000090.jpg,bathroom,004d2899ce6cfd7e,90,3.003,1280,720
train,d:\smartnest.ai\smartnest_media_dataset\data\media_dataset\frames\RealEstate10K_frames\images\train\004d2899ce6cfd7e_000105.jpg,bathroom,004d2899ce6cfd7e,105,3.503,1280,720
train,d:\smartnest.ai\smartnest_media_dataset\data\media_dataset\frames\RealEstate10K_frames\images\train\004d2899ce6cfd7e_000120.jpg,bathroom,004d2899ce6cfd7e,120,4.004,1280,720
train,d:\smartnest.ai\smartnest_media_dataset\data\media_dataset\frames\RealEstate10K_frames\images\train\004d2899ce6cfd7e_000135.jpg,kitchen,004d2899ce6cfd7e,135,4.504,1280,720
train,d:\smartnest.ai\smartnest_media_dataset\data\media_dataset\frames\RealEstate10K_frames\images\train\004d2899ce6cfd7e_000150.jpg,bedroom,004d2899ce6cfd7e,150,5.005,1280,720
train,d:\smartnest.ai\smartnest_media_dataset\data\media_dataset\frames\RealEstate10K_frames\images\train\004d2899ce6cfd7e_000165.jpg,bedroom,004d2899ce6cfd7e,165,5.505,1280,720
train,d:\smartnest.ai\smartnest_media_dataset\data\media_dataset\frames\RealEstate10K_frames\images\train\004d2899ce6cfd7e_000180.jpg,bedroom,004d2899ce6cfd7e,180,6.006,1280,720
train,d:\smartnest.ai\smartnest_media_dataset\data\media_dataset\frames\RealEstate10K_frames\images\train\004d2899ce6cfd7e_000195.jpg,bedroom,004d2899ce6cfd7e,195,6.506,1280,720
train,d:\smartnest.ai\smartnest_media_dataset\data\media_dataset\frames\RealEstate10K_frames\images\train\004d2899ce6cfd7e_000210.jpg,bedroom,004d2899ce6cfd7e,210,7.007,1280,720
train,d:\smartnest.ai\smartnest_media_dataset\data\media_dataset\frames\RealEstate10K_frames\images\train\004d2899ce6cfd7e_000225.jpg,bedroom,004d2899ce6cfd7e,225,7.507,1280,720
train,d:\smartnest.ai\smartnest_media_dataset\data\media_dataset\frames\RealEstate10K_frames\images\train\004d2899ce6cfd7e_000240.jpg,bedroom,004d2899ce6cfd7e,240,8.008,1280,720
train,d:\smartnest.ai\smartnest_media_dataset\data\media_dataset\frames\RealEstate10K_frames\images\train\004d2899ce6cfd7e_000255.jpg,bedroom,004d2899ce6cfd7e,255,8.508,1280,720
train,d:\smartnest.ai\smartnest_media_dataset\data\media_dataset\frames\RealEstate10K_frames\images\train\004d2899ce6cfd7e_000270.jpg,bedroom,004d2899ce6cfd7e,270,9.009,1280,720
train,d:\smartnest.ai\smartnest_media_dataset\data\media_dataset\frames\RealEstate10K_frames\images\train\004d2899ce6cfd7e_000285.jpg,bedroom,004d2899ce6cfd7e,285,9.509,1280,720
train,d:\smartnest.ai\smartnest_media_dataset\data\media_dataset\frames\RealEstate10K_frames\images\train\004d2899ce6cfd7e_000300.jpg,bedroom,004d2899ce6cfd7e,300,10.009,1280,720
train,d:\smartnest.ai\smartnest_media_dataset\data\media_dataset\frames\RealEstate10K_frames\images\train\004d2899ce6cfd7e_000315.jpg,bedroom,004d2899ce6cfd7e,315,10.510,1280,720
train,d:\smartnest.ai\smartnest_media_dataset\data\media_dataset\frames\RealEstate10K_frames\images\train\004d2899ce6cfd7e_000330.jpg,bedroom,004d2899ce6cfd7e,330,11.010,1280,720
train,d:\smartnest.ai\smartnest_media_dataset\data\media_dataset\frames\RealEstate10K_frames\images\train\004d2899ce6cfd7e_000345.jpg,kitchen,004d2899ce6cfd7e,345,11.511,1280,720
train,d:\smartnest.ai\smartnest_media_dataset\data\media_dataset\frames\RealEstate10K_frames\images\train\004d9274e286b4df_000000.jpg,kitchen,004d9274e286b4df,0,0.000,1280,720
train,d:\smartnest.ai\smartnest_media_dataset\data\media_dataset\frames\RealEstate10K_frames\images\train\004d9274e286b4df_000015.jpg,kitchen,004d9274e286b4df,15,0.498,1280,720
train,d:\smartnest.ai\smartnest_media_dataset\data\media_dataset\frames\RealEstate10K_frames\images\train\004d9274e286b4df_000030.jpg,kitchen,004d9274e286b4df,30,0.996,1280,720
train,d:\smartnest.ai\smartnest_media_dataset\data\media_dataset\frames\RealEstate10K_frames\images\train\004d9274e286b4df_000045.jpg,kitchen,004d9274e286b4df,45,1.494,1280,720
train,d:\smartnest.ai\smartnest_media_dataset\data\media_dataset\frames\RealEstate10K_frames\images\train\004d9274e286b4df_000060.jpg,kitchen,004d9274e286b4df,60,1.992,1280,720
train,d:\smartnest.ai\smartnest_media_dataset\data\media_dataset\frames\RealEstate10K_frames\images\train\004d9274e286b4df_000075.jpg,kitchen,004d9274e286b4df,75,2.490,1280,720
train,d:\smartnest.ai\smartnest_media_dataset\data\media_dataset\frames\RealEstate10K_frames\images\train\004d9274e286b4df_000090.jpg,kitchen,004d9274e286b4df,90,2.988,1280,720
train,d:\smartnest.ai\smartnest_media_dataset\data\media_dataset\frames\RealEstate10K_frames\images\train\004d9274e286b4df_000105.jpg,kitchen,004d9274e286b4df,105,3.486,1280,720
train,d:\smartnest.ai\smartnest_media_dataset\data\media_dataset\frames\RealEstate10K_frames\images\train\004d9274e286b4df_000120.jpg,kitchen,004d9274e286b4df,120,3.984,1280,720
train,d:\smartnest.ai\smartnest_media_dataset\data\media_dataset\frames\RealEstate10K_frames\images\train\004d9274e286b4df_000135.jpg,kitchen,004d9274e286b4df,135,4.482,1280,720
train,d:\smartnest.ai\smartnest_media_dataset\data\media_dataset\frames\RealEstate10K_frames\images\train\004d9274e286b4df_000150.jpg,kitchen,004d9274e286b4df,150,4.980,1280,720
train,d:\smartnest.ai\smartnest_media_dataset\data\media_dataset\frames\RealEstate10K_frames\images\train\004d9274e286b4df_000165.jpg,kitchen,004d9274e286b4df,165,5.478,1280,720
train,d:\smartnest.ai\smartnest_media_dataset\data\media_dataset\frames\RealEstate10K_frames\images\train\004d9274e286b4df_000180.jpg,kitchen,004d9274e286b4df,180,5.976,1280,720
train,d:\smartnest.ai\smartnest_media_dataset\data\media_dataset\frames\RealEstate10K_frames\images\train\004d9274e286b4df_000195.jpg,kitchen,004d9274e286b4df,195,6.474,1280,720
train,d:\smartnest.ai\smartnest_media_dataset\data\media_dataset\frames\RealEstate10K_frames\images\train\004daabedd090309_000000.jpg,bedroom,004daabedd090309,0,0.000,1280,720
train,d:\smartnest.ai\smartnest_media_dataset\data\media_dataset\frames\RealEstate10K_frames\images\train\004daabedd090309_000030.jpg,bedroom,004daabedd090309,30,0.500,1280,720
train,d:\smartnest.ai\smartnest_media_dataset\data\media_dataset\frames\RealEstate10K_frames\images\train\004daabedd090309_000060.jpg,bedroom,004daabedd090309,60,1.001,1280,720
train,d:\smartnest.ai\smartnest_media_dataset\data\media_dataset\frames\RealEstate10K_frames\images\train\004daabedd090309_000090.jpg,bedroom,004daabedd090309,90,1.501,1280,720
train,d:\smartnest.ai\smartnest_media_dataset\data\media_dataset\frames\RealEstate10K_frames\images\train\004daabedd090309_000120.jpg,bedroom,004daabedd090309,120,2.002,1280,720
train,d:\smartnest.ai\smartnest_media_dataset\data\media_dataset\frames\RealEstate10K_frames\images\train\004daabedd090309_000150.jpg,bedroom,004daabedd090309,150,2.502,1280,720
train,d:\smartnest.ai\smartnest_media_dataset\data\media_dataset\frames\RealEstate10K_frames\images\train\004daabedd090309_000180.jpg,bedroom,004daabedd090309,180,3.003,1280,720
train,d:\smartnest.ai\smartnest_media_dataset\data\media_dataset\frames\RealEstate10K_frames\images\train\004daabedd090309_000210.jpg,bathroom,004daabedd090309,210,3.503,1280,720
train,d:\smartnest.ai\smartnest_media_dataset\data\media_dataset\frames\RealEstate10K_frames\images\train\004daabedd090309_000240.jpg,bedroom,004daabedd090309,240,4.004,1280,720
train,d:\smartnest.ai\smartnest_media_dataset\data\media_dataset\frames\RealEstate10K_frames\images\train\004daabedd090309_000270.jpg,bedroom,004daabedd090309,270,4.504,1280,720
train,d:\smartnest.ai\smartnest_media_dataset\data\media_dataset\frames\RealEstate10K_frames\images\train\004daabedd090309_000300.jpg,bedroom,004daabedd090309,300,5.005,1280,720
train,d:\smartnest.ai\smartnest_media_dataset\data\media_dataset\frames\RealEstate10K_frames\images\train\004daabedd090309_000330.jpg,bedroom,004daabedd090309,330,5.505,1280,720
train,d:\smartnest.ai\smartnest_media_dataset\data\media_dataset\frames\RealEstate10K_frames\images\train\004daabedd090309_000360.jpg,bedroom,004daabedd090309,360,6.006,1280,720
train,d:\smartnest.ai\smartnest_media_dataset\data\media_dataset\frames\RealEstate10K_frames\images\train\004daabedd090309_000390.jpg,bedroom,004daabedd090309,390,6.506,1280,720
train,d:\smartnest.ai\smartnest_media_dataset\data\media_dataset\frames\RealEstate10K_frames\images\train\004daabedd090309_000420.jpg,bedroom,004daabedd090309,420,7.007,1280,720
train,d:\smartnest.ai\smartnest_media_dataset\data\media_dataset\frames\RealEstate10K_frames\images\train\004daabedd090309_000450.jpg,bedroom,004daabedd090309,450,7.507,1280,720
train,d:\smartnest.ai\smartnest_media_dataset\data\media_dataset\frames\RealEstate10K_frames\images\train\004daabedd090309_000480.jpg,bedroom,004daabedd090309,480,8.008,1280,720
train,d:\smartnest.ai\smartnest_media_dataset\data\media_dataset\frames\RealEstate10K_frames\images\train\004daabedd090309_000510.jpg,bedroom,004daabedd090309,510,8.508,1280,720
train,d:\smartnest.ai\smartnest_media_dataset\data\media_dataset\frames\RealEstate10K_frames\images\train\004daabedd090309_000540.jpg,bedroom,004daabedd090309,540,9.009,1280,720
train,d:\smartnest.ai\smartnest_media_dataset\data\media_dataset\frames\RealEstate10K_frames\images\train\004ed278c2b168f1_000000.jpg,living,004ed278c2b168f1,0,0.000,1280,720
train,d:\smartnest.ai\smartnest_media_dataset\data\media_dataset\frames\RealEstate10K_frames\images\train\004ed278c2b168f1_000030.jpg,living,004ed278c2b168f1,30,0.501,1280,720
train,d:\smartnest.ai\smartnest_media_dataset\data\media_dataset\frames\RealEstate10K_frames\images\train\004ed278c2b168f1_000060.jpg,living,004ed278c2b168f1,60,1.001,1280,720
train,d:\smartnest.ai\smartnest_media_dataset\data\media_dataset\frames\RealEstate10K_frames\images\train\004ed278c2b168f1_000090.jpg,living,004ed278c2b168f1,90,1.502,1280,720
train,d:\smartnest.ai\smartnest_media_dataset\data\media_dataset\frames\RealEstate10K_frames\images\train\004ed278c2b168f1_000120.jpg,living,004ed278c2b168f1,120,2.002,1280,720
train,d:\smartnest.ai\smartnest_media_dataset\data\media_dataset\frames\RealEstate10K_frames\images\train\004ed278c2b168f1_000150.jpg,living,004ed278c2b168f1,150,2.503,1280,720
train,d:\smartnest.ai\smartnest_media_dataset\data\media_dataset\frames\RealEstate10K_frames\images\train\004ed278c2b168f1_000180.jpg,living,004ed278c2b168f1,180,3.003,1280,720
train,d:\smartnest.ai\smartnest_media_dataset\data\media_dataset\frames\RealEstate10K_frames\images\train\004ed278c2b168f1_000210.jpg,living,004ed278c2b168f1,210,3.504,1280,720
train,d:\smartnest.ai\smartnest_media_dataset\data\media_dataset\frames\RealEstate10K_frames\images\train\004ed278c2b168f1_000240.jpg,living,004ed278c2b168f1,240,4.004,1280,720
train,d:\smartnest.ai\smartnest_media_dataset\data\media_dataset\frames\RealEstate10K_frames\images\train\004ed278c2b168f1_000270.jpg,living,004ed278c2b168f1,270,4.505,1280,720
train,d:\smartnest.ai\smartnest_media_dataset\data\media_dataset\frames\RealEstate10K_frames\images\train\004ed278c2b168f1_000300.jpg,living,004ed278c2b168f1,300,5.005,1280,720
train,d:\smartnest.ai\smartnest_media_dataset\data\media_dataset\frames\RealEstate10K_frames\images\train\004ed278c2b168f1_000330.jpg,living,004ed278c2b168f1,330,5.506,1280,720
test,d:\smartnest.ai\smartnest_media_dataset\data\media_dataset\frames\RealEstate10K_frames\images\test\004f2522f3d42f94_000000.jpg,bedroom,004f2522f3d42f94,0,0.000,1280,720
test,d:\smartnest.ai\smartnest_media_dataset\data\media_dataset\frames\RealEstate10K_frames\images\test\004f2522f3d42f94_000030.jpg,bedroom,004f2522f3d42f94,30,0.501,1280,720
test,d:\smartnest.ai\smartnest_media_dataset\data\media_dataset\frames\RealEstate10K_frames\images\test\004f2522f3d42f94_000060.jpg,bedroom,004f2522f3d42f94,60,1.001,1280,720
test,d:\smartnest.ai\smartnest_media_dataset\data\media_dataset\frames\RealEstate10K_frames\images\test\004f2522f3d42f94_000090.jpg,bedroom,004f2522f3d42f94,90,1.502,1280,720
test,d:\smartnest.ai\smartnest_media_dataset\data\media_dataset\frames\RealEstate10K_frames\images\test\004f2522f3d42f94_000120.jpg,bedroom,004f2522f3d42f94,120,2.002,1280,720
test,d:\smartnest.ai\smartnest_media_dataset\data\media_dataset\frames\RealEstate10K_frames\images\test\004f2522f3d42f94_000150.jpg,kitchen,004f2522f3d42f94,150,2.503,1280,720
test,d:\smartnest.ai\smartnest_media_dataset\data\media_dataset\frames\RealEstate10K_frames\images\test\004f2522f3d42f94_000180.jpg,kitchen,004f2522f3d42f94,180,3.003,1280,720
test,d:\smartnest.ai\smartnest_media_dataset\data\media_dataset\frames\RealEstate10K_frames\images\test\004f2522f3d42f94_000210.jpg,bedroom,004f2522f3d42f94,210,3.504,1280,720
test,d:\smartnest.ai\smartnest_media_dataset\data\media_dataset\frames\RealEstate10K_frames\images\test\004f2522f3d42f94_000240.jpg,bedroom,004f2522f3d42f94,240,4.004,1280,720
test,d:\smartnest.ai\smartnest_media_dataset\data\media_dataset\frames\RealEstate10K_frames\images\test\004f2522f3d42f94_000270.jpg,bedroom,004f2522f3d42f94,270,4.505,1280,720
test,d:\smartnest.ai\smartnest_media_dataset\data\media_dataset\frames\RealEstate10K_frames\images\test\004f2522f3d42f94_000300.jpg,bedroom,004f2522f3d42f94,300,5.005,1280,720
test,d:\smartnest.ai\smartnest_media_dataset\data\media_dataset\frames\RealEstate10K_frames\images\test\004f2522f3d42f94_000330.jpg,bedroom,004f2522f3d42f94,330,5.506,1280,720
test,d:\smartnest.ai\smartnest_media_dataset\data\media_dataset\frames\RealEstate10K_frames\images\test\004f2522f3d42f94_000360.jpg,bathroom,004f2522f3d42f94,360,6.006,1280,720
test,d:\smartnest.ai\smartnest_media_dataset\data\media_dataset\frames\RealEstate10K_frames\images\test\004f2522f3d42f94_000390.jpg,bathroom,004f2522f3d42f94,390,6.507,1280,720
test,d:\smartnest.ai\smartnest_media_dataset\data\media_dataset\frames\RealEstate10K_frames\images\test\004f2522f3d42f94_000420.jpg,bathroom,004f2522f3d42f94,420,7.007,1280,720
test,d:\smartnest.ai\smartnest_media_dataset\data\media_dataset\frames\RealEstate10K_frames\images\test\004f2522f3d42f94_000450.jpg,bathroom,004f2522f3d42f94,450,7.508,1280,720
test,d:\smartnest.ai\smartnest_media_dataset\data\media_dataset\frames\RealEstate10K_frames\images\test\004f2522f3d42f94_000480.jpg,bathroom,004f2522f3d42f94,480,8.008,1280,720
test,d:\smartnest.ai\smartnest_media_dataset\data\media_dataset\frames\RealEstate10K_frames\images\test\004f2522f3d42f94_000510.jpg,bathroom,004f2522f3d42f94,510,8.509,1280,720
test,d:\smartnest.ai\smartnest_media_dataset\data\media_dataset\frames\RealEstate10K_frames\images\test\004f2522f3d42f94_000540.jpg,bathroom,004f2522f3d42f94,540,9.009,1280,720
test,d:\smartnest.ai\smartnest_media_dataset\data\media_dataset\frames\RealEstate10K_frames\images\test\004f2522f3d42f94_000570.jpg,bathroom,004f2522f3d42f94,570,9.510,1280,720
test,d:\smartnest.ai\smartnest_media_dataset\data\media_dataset\frames\RealEstate10K_frames\images\test\004f2522f3d42f94_000600.jpg,bathroom,004f2522f3d42f94,600,10.010,1280,720
test,d:\smartnest.ai\smartnest_media_dataset\data\media_dataset\frames\RealEstate10K_frames\images\test\004f2522f3d42f94_000630.jpg,bathroom,004f2522f3d42f94,630,10.511,1280,720
val,d:\smartnest.ai\smartnest_media_dataset\data\media_dataset\frames\RealEstate10K_frames\images\val\004f7056eddd68b8_000000.jpg,bedroom,004f7056eddd68b8,0,0.000,1280,720
val,d:\smartnest.ai\smartnest_media_dataset\data\media_dataset\frames\RealEstate10K_frames\images\val\004f7056eddd68b8_000015.jpg,bedroom,004f7056eddd68b8,15,0.499,1280,720
val,d:\smartnest.ai\smartnest_media_dataset\data\media_dataset\frames\RealEstate10K_frames\images\val\004f7056eddd68b8_000030.jpg,bedroom,004f7056eddd68b8,30,0.998,1280,720
val,d:\smartnest.ai\smartnest_media_dataset\data\media_dataset\frames\RealEstate10K_frames\images\val\004f7056eddd68b8_000045.jpg,bedroom,004f7056eddd68b8,45,1.497,1280,720
val,d:\smartnest.ai\smartnest_media_dataset\data\media_dataset\frames\RealEstate10K_frames\images\val\004f7056eddd68b8_000060.jpg,bedroom,004f7056eddd68b8,60,1.996,1280,720
val,d:\smartnest.ai\smartnest_media_dataset\data\media_dataset\frames\RealEstate10K_frames\images\val\004f7056eddd68b8_000075.jpg,bedroom,004f7056eddd68b8,75,2.495,1280,720
val,d:\smartnest.ai\smartnest_media_dataset\data\media_dataset\frames\RealEstate10K_frames\images\val\004f7056eddd68b8_000090.jpg,bedroom,004f7056eddd68b8,90,2.994,1280,720
val,d:\smartnest.ai\smartnest_media_dataset\data\media_dataset\frames\RealEstate10K_frames\images\val\004f7056eddd68b8_000105.jpg,bedroom,004f7056eddd68b8,105,3.493,1280,720
val,d:\smartnest.ai\smartnest_media_dataset\data\media_dataset\frames\RealEstate10K_frames\images\val\004f7056eddd68b8_000120.jpg,bedroom,004f7056eddd68b8,120,3.992,1280,720
val,d:\smartnest.ai\smartnest_media_dataset\data\media_dataset\frames\RealEstate10K_frames\images\val\004f7056eddd68b8_000135.jpg,bedroom,004f7056eddd68b8,135,4.491,1280,720
val,d:\smartnest.ai\smartnest_media_dataset\data\media_dataset\frames\RealEstate10K_frames\images\val\004f7056eddd68b8_000150.jpg,bedroom,004f7056eddd68b8,150,4.990,1280,720
val,d:\smartnest.ai\smartnest_media_dataset\data\media_dataset\frames\RealEstate10K_frames\images\val\004f7056eddd68b8_000165.jpg,bedroom,004f7056eddd68b8,165,5.489,1280,720
val,d:\smartnest.ai\smartnest_media_dataset\data\media_dataset\frames\RealEstate10K_frames\images\val\004f7056eddd68b8_000180.jpg,bedroom,004f7056eddd68b8,180,5.988,1280,720
val,d:\smartnest.ai\smartnest_media_dataset\data\media_dataset\frames\RealEstate10K_frames\images\val\004f7056eddd68b8_000195.jpg,bedroom,004f7056eddd68b8,195,6.487,1280,720
val,d:\smartnest.ai\smartnest_media_dataset\data\media_dataset\frames\RealEstate10K_frames\images\val\004f7056eddd68b8_000210.jpg,bedroom,004f7056eddd68b8,210,6.986,1280,720
val,d:\smartnest.ai\smartnest_media_dataset\data\media_dataset\frames\RealEstate10K_frames\images\val\004f7056eddd68b8_000225.jpg,bedroom,004f7056eddd68b8,225,7.485,1280,720
val,d:\smartnest.ai\smartnest_media_dataset\data\media_dataset\frames\RealEstate10K_frames\images\val\004f7056eddd68b8_000240.jpg,bedroom,004f7056eddd68b8,240,7.984,1280,720
val,d:\smartnest.ai\smartnest_media_dataset\data\media_dataset\frames\RealEstate10K_frames\images\val\004f7056eddd68b8_000255.jpg,bedroom,004f7056eddd68b8,255,8.483,1280,720
val,d:\smartnest.ai\smartnest_media_dataset\data\media_dataset\frames\RealEstate10K_frames\images\val\004f7056eddd68b8_000270.jpg,bedroom,004f7056eddd68b8,270,8.982,1280,720
val,d:\smartnest.ai\smartnest_media_dataset\data\media_dataset\frames\RealEstate10K_frames\images\val\004f7056eddd68b8_000285.jpg,bedroom,004f7056eddd68b8,285,9.482,1280,720
val,d:\smartnest.ai\smartnest_media_dataset\data\media_dataset\frames\RealEstate10K_frames\images\val\004f7056eddd68b8_000300.jpg,bedroom,004f7056eddd68b8,300,9.981,1280,720
val,d:\smartnest.ai\smartnest_media_dataset\data\media_dataset\frames\RealEstate10K_frames\images\val\004f7056eddd68b8_000315.jpg,bedroom,004f7056eddd68b8,315,10.480,1280,720
val,d:\smartnest.ai\smartnest_media_dataset\data\media_dataset\frames\RealEstate10K_frames\images\val\004f7056eddd68b8_000330.jpg,bedroom,004f7056eddd68b8,330,10.979,1280,720
train,d:\smartnest.ai\smartnest_media_dataset\data\media_dataset\frames\RealEstate10K_frames\images\train\00513a2e0e404c0e_000000.jpg,bedroom,00513a2e0e404c0e,0,0.000,1280,720
train,d:\smartnest.ai\smartnest_media_dataset\data\media_dataset\frames\RealEstate10K_frames\images\train\00513a2e0e404c0e_000030.jpg,bedroom,00513a2e0e404c0e,30,0.500,1280,720
train,d:\smartnest.ai\smartnest_media_dataset\data\media_dataset\frames\RealEstate10K_frames\images\train\00513a2e0e404c0e_000060.jpg,bedroom,00513a2e0e404c0e,60,1.001,1280,720
train,d:\smartnest.ai\smartnest_media_dataset\data\media_dataset\frames\RealEstate10K_frames\images\train\00513a2e0e404c0e_000090.jpg,bedroom,00513a2e0e404c0e,90,1.501,1280,720
train,d:\smartnest.ai\smartnest_media_dataset\data\media_dataset\frames\RealEstate10K_frames\images\train\00513a2e0e404c0e_000120.jpg,bedroom,00513a2e0e404c0e,120,2.002,1280,720
train,d:\smartnest.ai\smartnest_media_dataset\data\media_dataset\frames\RealEstate10K_frames\images\train\00513a2e0e404c0e_000150.jpg,bedroom,00513a2e0e404c0e,150,2.502,1280,720
train,d:\smartnest.ai\smartnest_media_dataset\data\media_dataset\frames\RealEstate10K_frames\images\train\00513a2e0e404c0e_000180.jpg,bedroom,00513a2e0e404c0e,180,3.003,1280,720
train,d:\smartnest.ai\smartnest_media_dataset\data\media_dataset\frames\RealEstate10K_frames\images\train\00513a2e0e404c0e_000210.jpg,bedroom,00513a2e0e404c0e,210,3.503,1280,720
train,d:\smartnest.ai\smartnest_media_dataset\data\media_dataset\frames\RealEstate10K_frames\images\train\00513a2e0e404c0e_000240.jpg,bedroom,00513a2e0e404c0e,240,4.004,1280,720
train,d:\smartnest.ai\smartnest_media_dataset\data\media_dataset\frames\RealEstate10K_frames\images\train\00513a2e0e404c0e_000270.jpg,bedroom,00513a2e0e404c0e,270,4.504,1280,720
train,d:\smartnest.ai\smartnest_media_dataset\data\media_dataset\frames\RealEstate10K_frames\images\train\00513a2e0e404c0e_000300.jpg,bedroom,00513a2e0e404c0e,300,5.005,1280,720
train,d:\smartnest.ai\smartnest_media_dataset\data\media_dataset\frames\RealEstate10K_frames\images\train\00513a2e0e404c0e_000330.jpg,bedroom,00513a2e0e404c0e,330,5.505,1280,720
train,d:\smartnest.ai\smartnest_media_dataset\data\media_dataset\frames\RealEstate10K_frames\images\train\00513a2e0e404c0e_000360.jpg,bedroom,00513a2e0e404c0e,360,6.006,1280,720
train,d:\smartnest.ai\smartnest_media_dataset\data\media_dataset\frames\RealEstate10K_frames\images\train\00513a2e0e404c0e_000390.jpg,bedroom,00513a2e0e404c0e,390,6.506,1280,720
train,d:\smartnest.ai\smartnest_media_dataset\data\media_dataset\frames\RealEstate10K_frames\images\train\00513a2e0e404c0e_000420.jpg,bedroom,00513a2e0e404c0e,420,7.007,1280,720
train,d:\smartnest.ai\smartnest_media_dataset\data\media_dataset\frames\RealEstate10K_frames\images\train\00513a2e0e404c0e_000450.jpg,bedroom,00513a2e0e404c0e,450,7.507,1280,720
train,d:\smartnest.ai\smartnest_media_dataset\data\media_dataset\frames\RealEstate10K_frames\images\train\00513a2e0e404c0e_000480.jpg,bedroom,00513a2e0e404c0e,480,8.008,1280,720
train,d:\smartnest.ai\smartnest_media_dataset\data\media_dataset\frames\RealEstate10K_frames\images\train\00513a2e0e404c0e_000510.jpg,bedroom,00513a2e0e404c0e,510,8.508,1280,720
train,d:\smartnest.ai\smartnest_media_dataset\data\media_dataset\frames\RealEstate10K_frames\images\train\00513a2e0e404c0e_000540.jpg,bedroom,00513a2e0e404c0e,540,9.009,1280,720
train,d:\smartnest.ai\smartnest_media_dataset\data\media_dataset\frames\RealEstate10K_frames\images\train\00513a2e0e404c0e_000570.jpg,bedroom,00513a2e0e404c0e,570,9.509,1280,720
train,d:\smartnest.ai\smartnest_media_dataset\data\media_dataset\frames\RealEstate10K_frames\images\train\00513a2e0e404c0e_000600.jpg,bedroom,00513a2e0e404c0e,600,10.010,1280,720
train,d:\smartnest.ai\smartnest_media_dataset\data\media_dataset\frames\RealEstate10K_frames\images\train\00513a2e0e404c0e_000630.jpg,bedroom,00513a2e0e404c0e,630,10.510,1280,720
train,d:\smartnest.ai\smartnest_media_dataset\data\media_dataset\frames\RealEstate10K_frames\images\train\00513a2e0e404c0e_000660.jpg,bedroom,00513a2e0e404c0e,660,11.011,1280,720
train,d:\smartnest.ai\smartnest_media_dataset\data\media_dataset\frames\RealEstate10K_frames\images\train\00513a2e0e404c0e_000690.jpg,bedroom,00513a2e0e404c0e,690,11.511,1280,720
train,d:\smartnest.ai\smartnest_media_dataset\data\media_dataset\frames\RealEstate10K_frames\images\train\00513a2e0e404c0e_000720.jpg,bedroom,00513a2e0e404c0e,720,12.012,1280,720
train,d:\smartnest.ai\smartnest_media_dataset\data\media_dataset\frames\RealEstate10K_frames\images\train\00513a2e0e404c0e_000750.jpg,bedroom,00513a2e0e404c0e,750,12.512,1280,720
train,d:\smartnest.ai\smartnest_media_dataset\data\media_dataset\frames\RealEstate10K_frames\images\train\00513a2e0e404c0e_000780.jpg,bedroom,00513a2e0e404c0e,780,13.013,1280,720
train,d:\smartnest.ai\smartnest_media_dataset\data\media_dataset\frames\RealEstate10K_frames\images\train\0051ae563152ac76_000000.jpg,bathroom,0051ae563152ac76,0,0.000,1280,720
train,d:\smartnest.ai\smartnest_media_dataset\data\media_dataset\frames\RealEstate10K_frames\images\train\0051ae563152ac76_000015.jpg,balcony,0051ae563152ac76,15,0.500,1280,720
train,d:\smartnest.ai\smartnest_media_dataset\data\media_dataset\frames\RealEstate10K_frames\images\train\0051ae563152ac76_000030.jpg,living,0051ae563152ac76,30,1.001,1280,720
train,d:\smartnest.ai\smartnest_media_dataset\data\media_dataset\frames\RealEstate10K_frames\images\train\0051ae563152ac76_000045.jpg,living,0051ae563152ac76,45,1.501,1280,720
train,d:\smartnest.ai\smartnest_media_dataset\data\media_dataset\frames\RealEstate10K_frames\images\train\0051ae563152ac76_000060.jpg,living,0051ae563152ac76,60,2.002,1280,720
train,d:\smartnest.ai\smartnest_media_dataset\data\media_dataset\frames\RealEstate10K_frames\images\train\0051ae563152ac76_000075.jpg,living,0051ae563152ac76,75,2.502,1280,720
train,d:\smartnest.ai\smartnest_media_dataset\data\media_dataset\frames\RealEstate10K_frames\images\train\0051ae563152ac76_000090.jpg,living,0051ae563152ac76,90,3.003,1280,720
train,d:\smartnest.ai\smartnest_media_dataset\data\media_dataset\frames\RealEstate10K_frames\images\train\0051ae563152ac76_000105.jpg,living,0051ae563152ac76,105,3.503,1280,720
train,d:\smartnest.ai\smartnest_media_dataset\data\media_dataset\frames\RealEstate10K_frames\images\train\0051ae563152ac76_000120.jpg,living,0051ae563152ac76,120,4.004,1280,720
train,d:\smartnest.ai\smartnest_media_dataset\data\media_dataset\frames\RealEstate10K_frames\images\train\0051ae563152ac76_000135.jpg,living,0051ae563152ac76,135,4.504,1280,720
train,d:\smartnest.ai\smartnest_media_dataset\data\media_dataset\frames\RealEstate10K_frames\images\train\0051ae563152ac76_000150.jpg,living,0051ae563152ac76,150,5.005,1280,720
train,d:\smartnest.ai\smartnest_media_dataset\data\media_dataset\frames\RealEstate10K_frames\images\train\0051ae563152ac76_000165.jpg,living,0051ae563152ac76,165,5.505,1280,720
train,d:\smartnest.ai\smartnest_media_dataset\data\media_dataset\frames\RealEstate10K_frames\images\train\0051ae563152ac76_000180.jpg,living,0051ae563152ac76,180,6.006,1280,720
train,d:\smartnest.ai\smartnest_media_dataset\data\media_dataset\frames\RealEstate10K_frames\images\train\0051ae563152ac76_000195.jpg,living,0051ae563152ac76,195,6.506,1280,720
train,d:\smartnest.ai\smartnest_media_dataset\data\media_dataset\frames\RealEstate10K_frames\images\train\0051d3a3ada580af_000000.jpg,kitchen,0051d3a3ada580af,0,0.000,1280,720
train,d:\smartnest.ai\smartnest_media_dataset\data\media_dataset\frames\RealEstate10K_frames\images\train\0051d3a3ada580af_000012.jpg,kitchen,0051d3a3ada580af,12,0.495,1280,720
train,d:\smartnest.ai\smartnest_media_dataset\data\media_dataset\frames\RealEstate10K_frames\images\train\0051d3a3ada580af_000024.jpg,kitchen,0051d3a3ada580af,24,0.991,1280,720
train,d:\smartnest.ai\smartnest_media_dataset\data\media_dataset\frames\RealEstate10K_frames\images\train\0051d3a3ada580af_000036.jpg,kitchen,0051d3a3ada580af,36,1.486,1280,720
train,d:\smartnest.ai\smartnest_media_dataset\data\media_dataset\frames\RealEstate10K_frames\images\train\0051d3a3ada580af_000048.jpg,kitchen,0051d3a3ada580af,48,1.982,1280,720
train,d:\smartnest.ai\smartnest_media_dataset\data\media_dataset\frames\RealEstate10K_frames\images\train\0051d3a3ada580af_000060.jpg,kitchen,0051d3a3ada580af,60,2.477,1280,720
train,d:\smartnest.ai\smartnest_media_dataset\data\media_dataset\frames\RealEstate10K_frames\images\train\0051d3a3ada580af_000072.jpg,kitchen,0051d3a3ada580af,72,2.973,1280,720
train,d:\smartnest.ai\smartnest_media_dataset\data\media_dataset\frames\RealEstate10K_frames\images\train\0051d3a3ada580af_000084.jpg,kitchen,0051d3a3ada580af,84,3.468,1280,720
train,d:\smartnest.ai\smartnest_media_dataset\data\media_dataset\frames\RealEstate10K_frames\images\train\0051d3a3ada580af_000096.jpg,kitchen,0051d3a3ada580af,96,3.964,1280,720
train,d:\smartnest.ai\smartnest_media_dataset\data\media_dataset\frames\RealEstate10K_frames\images\train\0051dfdcdc3050dc_000000.jpg,kitchen,0051dfdcdc3050dc,0,0.000,1280,720
train,d:\smartnest.ai\smartnest_media_dataset\data\media_dataset\frames\RealEstate10K_frames\images\train\0051dfdcdc3050dc_000015.jpg,kitchen,0051dfdcdc3050dc,15,0.501,1280,720
train,d:\smartnest.ai\smartnest_media_dataset\data\media_dataset\frames\RealEstate10K_frames\images\train\0051dfdcdc3050dc_000030.jpg,kitchen,0051dfdcdc3050dc,30,1.001,1280,720
train,d:\smartnest.ai\smartnest_media_dataset\data\media_dataset\frames\RealEstate10K_frames\images\train\0051dfdcdc3050dc_000045.jpg,kitchen,0051dfdcdc3050dc,45,1.502,1280,720
train,d:\smartnest.ai\smartnest_media_dataset\data\media_dataset\frames\RealEstate10K_frames\images\train\0051dfdcdc3050dc_000060.jpg,kitchen,0051dfdcdc3050dc,60,2.002,1280,720
train,d:\smartnest.ai\smartnest_media_dataset\data\media_dataset\frames\RealEstate10K_frames\images\train\0051dfdcdc3050dc_000075.jpg,kitchen,0051dfdcdc3050dc,75,2.502,1280,720
train,d:\smartnest.ai\smartnest_media_dataset\data\media_dataset\frames\RealEstate10K_frames\images\train\0051dfdcdc3050dc_000090.jpg,kitchen,0051dfdcdc3050dc,90,3.003,1280,720
train,d:\smartnest.ai\smartnest_media_dataset\data\media_dataset\frames\RealEstate10K_frames\images\train\00552c0c18b00e98_000000.jpg,balcony,00552c0c18b00e98,0,0.000,1280,720
train,d:\smartnest.ai\smartnest_media_dataset\data\media_dataset\frames\RealEstate10K_frames\images\train\00552c0c18b00e98_000015.jpg,kitchen,00552c0c18b00e98,15,0.499,1280,720
train,d:\smartnest.ai\smartnest_media_dataset\data\media_dataset\frames\RealEstate10K_frames\images\train\00552c0c18b00e98_000030.jpg,kitchen,00552c0c18b00e98,30,0.998,1280,720
train,d:\smartnest.ai\smartnest_media_dataset\data\media_dataset\frames\RealEstate10K_frames\images\train\00552c0c18b00e98_000045.jpg,bedroom,00552c0c18b00e98,45,1.497,1280,720
train,d:\smartnest.ai\smartnest_media_dataset\data\media_dataset\frames\RealEstate10K_frames\images\train\00552c0c18b00e98_000060.jpg,bedroom,00552c0c18b00e98,60,1.996,1280,720
train,d:\smartnest.ai\smartnest_media_dataset\data\media_dataset\frames\RealEstate10K_frames\images\train\00552c0c18b00e98_000075.jpg,bedroom,00552c0c18b00e98,75,2.496,1280,720
train,d:\smartnest.ai\smartnest_media_dataset\data\media_dataset\frames\RealEstate10K_frames\images\train\00552c0c18b00e98_000090.jpg,bedroom,00552c0c18b00e98,90,2.995,1280,720
train,d:\smartnest.ai\smartnest_media_dataset\data\media_dataset\frames\RealEstate10K_frames\images\train\00552c0c18b00e98_000105.jpg,bedroom,00552c0c18b00e98,105,3.494,1280,720
train,d:\smartnest.ai\smartnest_media_dataset\data\media_dataset\frames\RealEstate10K_frames\images\train\00552c0c18b00e98_000120.jpg,bedroom,00552c0c18b00e98,120,3.993,1280,720
train,d:\smartnest.ai\smartnest_media_dataset\data\media_dataset\frames\RealEstate10K_frames\images\train\00552c0c18b00e98_000135.jpg,bedroom,00552c0c18b00e98,135,4.492,1280,720
train,d:\smartnest.ai\smartnest_media_dataset\data\media_dataset\frames\RealEstate10K_frames\images\train\00552c0c18b00e98_000150.jpg,bedroom,00552c0c18b00e98,150,4.991,1280,720
train,d:\smartnest.ai\smartnest_media_dataset\data\media_dataset\frames\RealEstate10K_frames\images\train\00552c0c18b00e98_000165.jpg,bedroom,00552c0c18b00e98,165,5.490,1280,720
train,d:\smartnest.ai\smartnest_media_dataset\data\media_dataset\frames\RealEstate10K_frames\images\train\00552c0c18b00e98_000180.jpg,bedroom,00552c0c18b00e98,180,5.989,1280,720
train,d:\smartnest.ai\smartnest_media_dataset\data\media_dataset\frames\RealEstate10K_frames\images\train\00552c0c18b00e98_000195.jpg,bedroom,00552c0c18b00e98,195,6.488,1280,720
train,d:\smartnest.ai\smartnest_media_dataset\data\media_dataset\frames\RealEstate10K_frames\images\train\00552c0c18b00e98_000210.jpg,kitchen,00552c0c18b00e98,210,6.987,1280,720
train,d:\smartnest.ai\smartnest_media_dataset\data\media_dataset\frames\RealEstate10K_frames\images\train\00552c0c18b00e98_000225.jpg,bedroom,00552c0c18b00e98,225,7.487,1280,720
train,d:\smartnest.ai\smartnest_media_dataset\data\media_dataset\frames\RealEstate10K_frames\images\train\00552c0c18b00e98_000240.jpg,bedroom,00552c0c18b00e98,240,7.986,1280,720
train,d:\smartnest.ai\smartnest_media_dataset\data\media_dataset\frames\RealEstate10K_frames\images\train\00552c0c18b00e98_000255.jpg,bedroom,00552c0c18b00e98,255,8.485,1280,720
train,d:\smartnest.ai\smartnest_media_dataset\data\media_dataset\frames\RealEstate10K_frames\images\train\00552c0c18b00e98_000270.jpg,bedroom,00552c0c18b00e98,270,8.984,1280,720
train,d:\smartnest.ai\smartnest_media_dataset\data\media_dataset\frames\RealEstate10K_frames\images\train\00552c0c18b00e98_000285.jpg,bedroom,00552c0c18b00e98,285,9.483,1280,720
train,d:\smartnest.ai\smartnest_media_dataset\data\media_dataset\frames\RealEstate10K_frames\images\train\00552c0c18b00e98_000300.jpg,bedroom,00552c0c18b00e98,300,9.982,1280,720
train,d:\smartnest.ai\smartnest_media_dataset\data\media_dataset\frames\RealEstate10K_frames\images\train\00552c0c18b00e98_000315.jpg,bedroom,00552c0c18b00e98,315,10.481,1280,720
train,d:\smartnest.ai\smartnest_media_dataset\data\media_dataset\frames\RealEstate10K_frames\images\train\00552c0c18b00e98_000330.jpg,bedroom,00552c0c18b00e98,330,10.980,1280,720
train,d:\smartnest.ai\smartnest_media_dataset\data\media_dataset\frames\RealEstate10K_frames\images\train\00552c0c18b00e98_000345.jpg,bedroom,00552c0c18b00e98,345,11.479,1280,720
train,d:\smartnest.ai\smartnest_media_dataset\data\media_dataset\frames\RealEstate10K_frames\images\train\00552c0c18b00e98_000360.jpg,bedroom,00552c0c18b00e98,360,11.978,1280,720
train,d:\smartnest.ai\smartnest_media_dataset\data\media_dataset\frames\RealEstate10K_frames\images\train\00559a2a16636897_000000.jpg,kitchen,00559a2a16636897,0,0.000,1280,720
train,d:\smartnest.ai\smartnest_media_dataset\data\media_dataset\frames\RealEstate10K_frames\images\train\00559a2a16636897_000030.jpg,kitchen,00559a2a16636897,30,0.500,1280,720
train,d:\smartnest.ai\smartnest_media_dataset\data\media_dataset\frames\RealEstate10K_frames\images\train\00559a2a16636897_000060.jpg,kitchen,00559a2a16636897,60,1.001,1280,720
train,d:\smartnest.ai\smartnest_media_dataset\data\media_dataset\frames\RealEstate10K_frames\images\train\00559a2a16636897_000090.jpg,kitchen,00559a2a16636897,90,1.501,1280,720
train,d:\smartnest.ai\smartnest_media_dataset\data\media_dataset\frames\RealEstate10K_frames\images\train\00559a2a16636897_000120.jpg,kitchen,00559a2a16636897,120,2.002,1280,720
train,d:\smartnest.ai\smartnest_media_dataset\data\media_dataset\frames\RealEstate10K_frames\images\train\00559a2a16636897_000150.jpg,kitchen,00559a2a16636897,150,2.502,1280,720
train,d:\smartnest.ai\smartnest_media_dataset\data\media_dataset\frames\RealEstate10K_frames\images\train\00559a2a16636897_000180.jpg,kitchen,00559a2a16636897,180,3.003,1280,720
train,d:\smartnest.ai\smartnest_media_dataset\data\media_dataset\frames\RealEstate10K_frames\images\train\00559a2a16636897_000210.jpg,kitchen,00559a2a16636897,210,3.503,1280,720
train,d:\smartnest.ai\smartnest_media_dataset\data\media_dataset\frames\RealEstate10K_frames\images\train\00559a2a16636897_000240.jpg,kitchen,00559a2a16636897,240,4.004,1280,720
train,d:\smartnest.ai\smartnest_media_dataset\data\media_dataset\frames\RealEstate10K_frames\images\train\00559a2a16636897_000270.jpg,kitchen,00559a2a16636897,270,4.504,1280,720
train,d:\smartnest.ai\smartnest_media_dataset\data\media_dataset\frames\RealEstate10K_frames\images\train\00559a2a16636897_000300.jpg,kitchen,00559a2a16636897,300,5.005,1280,720
train,d:\smartnest.ai\smartnest_media_dataset\data\media_dataset\frames\RealEstate10K_frames\images\train\00559a2a16636897_000330.jpg,kitchen,00559a2a16636897,330,5.505,1280,720
train,d:\smartnest.ai\smartnest_media_dataset\data\media_dataset\frames\RealEstate10K_frames\images\train\00559a2a16636897_000360.jpg,kitchen,00559a2a16636897,360,6.006,1280,720
train,d:\smartnest.ai\smartnest_media_dataset\data\media_dataset\frames\RealEstate10K_frames\images\train\00560d9f99a6f200_000000.jpg,kitchen,00560d9f99a6f200,0,0.000,1280,720
train,d:\smartnest.ai\smartnest_media_dataset\data\media_dataset\frames\RealEstate10K_frames\images\train\00560d9f99a6f200_000015.jpg,kitchen,00560d9f99a6f200,15,0.501,1280,720
train,d:\smartnest.ai\smartnest_media_dataset\data\media_dataset\frames\RealEstate10K_frames\images\train\00560d9f99a6f200_000030.jpg,kitchen,00560d9f99a6f200,30,1.001,1280,720
train,d:\smartnest.ai\smartnest_media_dataset\data\media_dataset\frames\RealEstate10K_frames\images\train\00560d9f99a6f200_000045.jpg,kitchen,00560d9f99a6f200,45,1.502,1280,720
train,d:\smartnest.ai\smartnest_media_dataset\data\media_dataset\frames\RealEstate10K_frames\images\train\00560d9f99a6f200_000060.jpg,kitchen,00560d9f99a6f200,60,2.002,1280,720
train,d:\smartnest.ai\smartnest_media_dataset\data\media_dataset\frames\RealEstate10K_frames\images\train\00560d9f99a6f200_000075.jpg,kitchen,00560d9f99a6f200,75,2.502,1280,720
train,d:\smartnest.ai\smartnest_media_dataset\data\media_dataset\frames\RealEstate10K_frames\images\train\00560d9f99a6f200_000090.jpg,kitchen,00560d9f99a6f200,90,3.003,1280,720
train,d:\smartnest.ai\smartnest_media_dataset\data\media_dataset\frames\RealEstate10K_frames\images\train\00560d9f99a6f200_000105.jpg,kitchen,00560d9f99a6f200,105,3.504,1280,720
train,d:\smartnest.ai\smartnest_media_dataset\data\media_dataset\frames\RealEstate10K_frames\images\train\00560d9f99a6f200_000120.jpg,kitchen,00560d9f99a6f200,120,4.004,1280,720
train,d:\smartnest.ai\smartnest_media_dataset\data\media_dataset\frames\RealEstate10K_frames\images\train\00560d9f99a6f200_000135.jpg,kitchen,00560d9f99a6f200,135,4.505,1280,720
train,d:\smartnest.ai\smartnest_media_dataset\data\media_dataset\frames\RealEstate10K_frames\images\train\0056df7a0d0739e1_000000.jpg,bathroom,0056df7a0d0739e1,0,0.000,1280,720
train,d:\smartnest.ai\smartnest_media_dataset\data\media_dataset\frames\RealEstate10K_frames\images\train\0056df7a0d0739e1_000015.jpg,bathroom,0056df7a0d0739e1,15,0.500,1280,720
train,d:\smartnest.ai\smartnest_media_dataset\data\media_dataset\frames\RealEstate10K_frames\images\train\0056df7a0d0739e1_000030.jpg,bathroom,0056df7a0d0739e1,30,1.001,1280,720
train,d:\smartnest.ai\smartnest_media_dataset\data\media_dataset\frames\RealEstate10K_frames\images\train\0056df7a0d0739e1_000045.jpg,bathroom,0056df7a0d0739e1,45,1.501,1280,720
train,d:\smartnest.ai\smartnest_media_dataset\data\media_dataset\frames\RealEstate10K_frames\images\train\0056df7a0d0739e1_000060.jpg,bathroom,0056df7a0d0739e1,60,2.002,1280,720
train,d:\smartnest.ai\smartnest_media_dataset\data\media_dataset\frames\RealEstate10K_frames\images\train\0056df7a0d0739e1_000075.jpg,bedroom,0056df7a0d0739e1,75,2.502,1280,720
train,d:\smartnest.ai\smartnest_media_dataset\data\media_dataset\frames\RealEstate10K_frames\images\train\0056df7a0d0739e1_000090.jpg,bedroom,0056df7a0d0739e1,90,3.003,1280,720
train,d:\smartnest.ai\smartnest_media_dataset\data\media_dataset\frames\RealEstate10K_frames\images\train\0056df7a0d0739e1_000105.jpg,bedroom,0056df7a0d0739e1,105,3.503,1280,720
train,d:\smartnest.ai\smartnest_media_dataset\data\media_dataset\frames\RealEstate10K_frames\images\train\0056df7a0d0739e1_000120.jpg,bedroom,0056df7a0d0739e1,120,4.004,1280,720
train,d:\smartnest.ai\smartnest_media_dataset\data\media_dataset\frames\RealEstate10K_frames\images\train\0056df7a0d0739e1_000135.jpg,bedroom,0056df7a0d0739e1,135,4.504,1280,720
train,d:\smartnest.ai\smartnest_media_dataset\data\media_dataset\frames\RealEstate10K_frames\images\train\0056df7a0d0739e1_000150.jpg,bedroom,0056df7a0d0739e1,150,5.005,1280,720
train,d:\smartnest.ai\smartnest_media_dataset\data\media_dataset\frames\RealEstate10K_frames\images\train\0056df7a0d0739e1_000165.jpg,bedroom,0056df7a0d0739e1,165,5.505,1280,720
train,d:\smartnest.ai\smartnest_media_dataset\data\media_dataset\frames\RealEstate10K_frames\images\train\0056df7a0d0739e1_000180.jpg,bedroom,0056df7a0d0739e1,180,6.006,1280,720
train,d:\smartnest.ai\smartnest_media_dataset\data\media_dataset\frames\RealEstate10K_frames\images\train\0056df7a0d0739e1_000195.jpg,bedroom,0056df7a0d0739e1,195,6.506,1280,720
train,d:\smartnest.ai\smartnest_media_dataset\data\media_dataset\frames\RealEstate10K_frames\images\train\0056df7a0d0739e1_000210.jpg,bedroom,0056df7a0d0739e1,210,7.006,1280,720
train,d:\smartnest.ai\smartnest_media_dataset\data\media_dataset\frames\RealEstate10K_frames\images\train\0056df7a0d0739e1_000225.jpg,bedroom,0056df7a0d0739e1,225,7.507,1280,720
train,d:\smartnest.ai\smartnest_media_dataset\data\media_dataset\frames\RealEstate10K_frames\images\train\005758861029cf83_000000.jpg,bedroom,005758861029cf83,0,0.000,1280,720
train,d:\smartnest.ai\smartnest_media_dataset\data\media_dataset\frames\RealEstate10K_frames\images\train\005758861029cf83_000015.jpg,kitchen,005758861029cf83,15,0.497,1280,720
train,d:\smartnest.ai\smartnest_media_dataset\data\media_dataset\frames\RealEstate10K_frames\images\train\005758861029cf83_000030.jpg,kitchen,005758861029cf83,30,0.994,1280,720
train,d:\smartnest.ai\smartnest_media_dataset\data\media_dataset\frames\RealEstate10K_frames\images\train\005758861029cf83_000045.jpg,kitchen,005758861029cf83,45,1.491,1280,720
train,d:\smartnest.ai\smartnest_media_dataset\data\media_dataset\frames\RealEstate10K_frames\images\train\005758861029cf83_000060.jpg,kitchen,005758861029cf83,60,1.988,1280,720
train,d:\smartnest.ai\smartnest_media_dataset\data\media_dataset\frames\RealEstate10K_frames\images\train\005758861029cf83_000075.jpg,kitchen,005758861029cf83,75,2.485,1280,720
train,d:\smartnest.ai\smartnest_media_dataset\data\media_dataset\frames\RealEstate10K_frames\images\train\005758861029cf83_000090.jpg,kitchen,005758861029cf83,90,2.981,1280,720
train,d:\smartnest.ai\smartnest_media_dataset\data\media_dataset\frames\RealEstate10K_frames\images\train\005758861029cf83_000105.jpg,kitchen,005758861029cf83,105,3.478,1280,720
train,d:\smartnest.ai\smartnest_media_dataset\data\media_dataset\frames\RealEstate10K_frames\images\train\005758861029cf83_000120.jpg,kitchen,005758861029cf83,120,3.975,1280,720
train,d:\smartnest.ai\smartnest_media_dataset\data\media_dataset\frames\RealEstate10K_frames\images\train\005758861029cf83_000135.jpg,kitchen,005758861029cf83,135,4.472,1280,720
train,d:\smartnest.ai\smartnest_media_dataset\data\media_dataset\frames\RealEstate10K_frames\images\train\0059080010e0a279_000000.jpg,bathroom,0059080010e0a279,0,0.000,1280,720
train,d:\smartnest.ai\smartnest_media_dataset\data\media_dataset\frames\RealEstate10K_frames\images\train\0059080010e0a279_000015.jpg,bathroom,0059080010e0a279,15,0.501,1280,720
train,d:\smartnest.ai\smartnest_media_dataset\data\media_dataset\frames\RealEstate10K_frames\images\train\0059080010e0a279_000030.jpg,bathroom,0059080010e0a279,30,1.001,1280,720
train,d:\smartnest.ai\smartnest_media_dataset\data\media_dataset\frames\RealEstate10K_frames\images\train\0059080010e0a279_000045.jpg,bathroom,0059080010e0a279,45,1.502,1280,720
train,d:\smartnest.ai\smartnest_media_dataset\data\media_dataset\frames\RealEstate10K_frames\images\train\0059080010e0a279_000060.jpg,bathroom,0059080010e0a279,60,2.002,1280,720
train,d:\smartnest.ai\smartnest_media_dataset\data\media_dataset\frames\RealEstate10K_frames\images\train\0059080010e0a279_000075.jpg,bathroom,0059080010e0a279,75,2.502,1280,720
train,d:\smartnest.ai\smartnest_media_dataset\data\media_dataset\frames\RealEstate10K_frames\images\train\0059080010e0a279_000090.jpg,bathroom,0059080010e0a279,90,3.003,1280,720
train,d:\smartnest.ai\smartnest_media_dataset\data\media_dataset\frames\RealEstate10K_frames\images\train\0059080010e0a279_000105.jpg,bathroom,0059080010e0a279,105,3.504,1280,720
train,d:\smartnest.ai\smartnest_media_dataset\data\media_dataset\frames\RealEstate10K_frames\images\train\0059080010e0a279_000120.jpg,bathroom,0059080010e0a279,120,4.004,1280,720
train,d:\smartnest.ai\smartnest_media_dataset\data\media_dataset\frames\RealEstate10K_frames\images\train\0059080010e0a279_000135.jpg,bathroom,0059080010e0a279,135,4.505,1280,720
train,d:\smartnest.ai\smartnest_media_dataset\data\media_dataset\frames\RealEstate10K_frames\images\train\0059080010e0a279_000150.jpg,bathroom,0059080010e0a279,150,5.005,1280,720
train,d:\smartnest.ai\smartnest_media_dataset\data\media_dataset\frames\RealEstate10K_frames\images\train\0059080010e0a279_000165.jpg,bathroom,0059080010e0a279,165,5.506,1280,720
train,d:\smartnest.ai\smartnest_media_dataset\data\media_dataset\frames\RealEstate10K_frames\images\train\0059080010e0a279_000180.jpg,bathroom,0059080010e0a279,180,6.006,1280,720
train,d:\smartnest.ai\smartnest_media_dataset\data\media_dataset\frames\RealEstate10K_frames\images\train\005935bbd1c0cf38_000000.jpg,bathroom,005935bbd1c0cf38,0,0.000,1280,720
train,d:\smartnest.ai\smartnest_media_dataset\data\media_dataset\frames\RealEstate10K_frames\images\train\005935bbd1c0cf38_000030.jpg,bathroom,005935bbd1c0cf38,30,0.499,1280,720
train,d:\smartnest.ai\smartnest_media_dataset\data\media_dataset\frames\RealEstate10K_frames\images\train\005935bbd1c0cf38_000060.jpg,bathroom,005935bbd1c0cf38,60,0.999,1280,720
train,d:\smartnest.ai\smartnest_media_dataset\data\media_dataset\frames\RealEstate10K_frames\images\train\005935bbd1c0cf38_000090.jpg,bathroom,005935bbd1c0cf38,90,1.498,1280,720
train,d:\smartnest.ai\smartnest_media_dataset\data\media_dataset\frames\RealEstate10K_frames\images\train\005935bbd1c0cf38_000120.jpg,bedroom,005935bbd1c0cf38,120,1.998,1280,720
train,d:\smartnest.ai\smartnest_media_dataset\data\media_dataset\frames\RealEstate10K_frames\images\train\005935bbd1c0cf38_000150.jpg,bedroom,005935bbd1c0cf38,150,2.497,1280,720
train,d:\smartnest.ai\smartnest_media_dataset\data\media_dataset\frames\RealEstate10K_frames\images\train\005935bbd1c0cf38_000180.jpg,bedroom,005935bbd1c0cf38,180,2.997,1280,720
train,d:\smartnest.ai\smartnest_media_dataset\data\media_dataset\frames\RealEstate10K_frames\images\train\005935bbd1c0cf38_000210.jpg,bedroom,005935bbd1c0cf38,210,3.496,1280,720
train,d:\smartnest.ai\smartnest_media_dataset\data\media_dataset\frames\RealEstate10K_frames\images\train\005935bbd1c0cf38_000240.jpg,bedroom,005935bbd1c0cf38,240,3.996,1280,720
train,d:\smartnest.ai\smartnest_media_dataset\data\media_dataset\frames\RealEstate10K_frames\images\train\005935bbd1c0cf38_000270.jpg,bedroom,005935bbd1c0cf38,270,4.495,1280,720
train,d:\smartnest.ai\smartnest_media_dataset\data\media_dataset\frames\RealEstate10K_frames\images\train\005935bbd1c0cf38_000300.jpg,bedroom,005935bbd1c0cf38,300,4.995,1280,720
train,d:\smartnest.ai\smartnest_media_dataset\data\media_dataset\frames\RealEstate10K_frames\images\train\005935bbd1c0cf38_000330.jpg,bedroom,005935bbd1c0cf38,330,5.494,1280,720
train,d:\smartnest.ai\smartnest_media_dataset\data\media_dataset\frames\RealEstate10K_frames\images\train\005935bbd1c0cf38_000360.jpg,bedroom,005935bbd1c0cf38,360,5.993,1280,720
train,d:\smartnest.ai\smartnest_media_dataset\data\media_dataset\frames\RealEstate10K_frames\images\train\005935bbd1c0cf38_000390.jpg,bedroom,005935bbd1c0cf38,390,6.493,1280,720
train,d:\smartnest.ai\smartnest_media_dataset\data\media_dataset\frames\RealEstate10K_frames\images\train\005935bbd1c0cf38_000420.jpg,bedroom,005935bbd1c0cf38,420,6.992,1280,720
train,d:\smartnest.ai\smartnest_media_dataset\data\media_dataset\frames\RealEstate10K_frames\images\train\005935bbd1c0cf38_000450.jpg,bedroom,005935bbd1c0cf38,450,7.492,1280,720
train,d:\smartnest.ai\smartnest_media_dataset\data\media_dataset\frames\RealEstate10K_frames\images\train\0059ff3bc0a9b4c6_000000.jpg,bedroom,0059ff3bc0a9b4c6,0,0.000,1280,720
train,d:\smartnest.ai\smartnest_media_dataset\data\media_dataset\frames\RealEstate10K_frames\images\train\0059ff3bc0a9b4c6_000015.jpg,bedroom,0059ff3bc0a9b4c6,15,0.500,1280,720
train,d:\smartnest.ai\smartnest_media_dataset\data\media_dataset\frames\RealEstate10K_frames\images\train\0059ff3bc0a9b4c6_000030.jpg,bedroom,0059ff3bc0a9b4c6,30,1.001,1280,720
train,d:\smartnest.ai\smartnest_media_dataset\data\media_dataset\frames\RealEstate10K_frames\images\train\0059ff3bc0a9b4c6_000045.jpg,bedroom,0059ff3bc0a9b4c6,45,1.501,1280,720
train,d:\smartnest.ai\smartnest_media_dataset\data\media_dataset\frames\RealEstate10K_frames\images\train\0059ff3bc0a9b4c6_000060.jpg,bedroom,0059ff3bc0a9b4c6,60,2.002,1280,720
train,d:\smartnest.ai\smartnest_media_dataset\data\media_dataset\frames\RealEstate10K_frames\images\train\0059ff3bc0a9b4c6_000075.jpg,bedroom,0059ff3bc0a9b4c6,75,2.502,1280,720
train,d:\smartnest.ai\smartnest_media_dataset\data\media_dataset\frames\RealEstate10K_frames\images\train\0059ff3bc0a9b4c6_000090.jpg,bedroom,0059ff3bc0a9b4c6,90,3.003,1280,720
train,d:\smartnest.ai\smartnest_media_dataset\data\media_dataset\frames\RealEstate10K_frames\images\train\0059ff3bc0a9b4c6_000105.jpg,kitchen,0059ff3bc0a9b4c6,105,3.503,1280,720
train,d:\smartnest.ai\smartnest_media_dataset\data\media_dataset\frames\RealEstate10K_frames\images\train\0059ff3bc0a9b4c6_000120.jpg,kitchen,0059ff3bc0a9b4c6,120,4.004,1280,720
train,d:\smartnest.ai\smartnest_media_dataset\data\media_dataset\frames\RealEstate10K_frames\images\train\0059ff3bc0a9b4c6_000135.jpg,bedroom,0059ff3bc0a9b4c6,135,4.504,1280,720
train,d:\smartnest.ai\smartnest_media_dataset\data\media_dataset\frames\RealEstate10K_frames\images\train\0059ff3bc0a9b4c6_000150.jpg,kitchen,0059ff3bc0a9b4c6,150,5.005,1280,720
train,d:\smartnest.ai\smartnest_media_dataset\data\media_dataset\frames\RealEstate10K_frames\images\train\0059ff3bc0a9b4c6_000165.jpg,kitchen,0059ff3bc0a9b4c6,165,5.505,1280,720
train,d:\smartnest.ai\smartnest_media_dataset\data\media_dataset\frames\RealEstate10K_frames\images\train\0059ff3bc0a9b4c6_000180.jpg,kitchen,0059ff3bc0a9b4c6,180,6.006,1280,720
train,d:\smartnest.ai\smartnest_media_dataset\data\media_dataset\frames\RealEstate10K_frames\images\train\0059ff3bc0a9b4c6_000195.jpg,kitchen,0059ff3bc0a9b4c6,195,6.506,1280,720
train,d:\smartnest.ai\smartnest_media_dataset\data\media_dataset\frames\RealEstate10K_frames\images\train\0059ff3bc0a9b4c6_000210.jpg,kitchen,0059ff3bc0a9b4c6,210,7.007,1280,720
train,d:\smartnest.ai\smartnest_media_dataset\data\media_dataset\frames\RealEstate10K_frames\images\train\0059ff3bc0a9b4c6_000225.jpg,kitchen,0059ff3bc0a9b4c6,225,7.507,1280,720
train,d:\smartnest.ai\smartnest_media_dataset\data\media_dataset\frames\RealEstate10K_frames\images\train\0059ff3bc0a9b4c6_000240.jpg,kitchen,0059ff3bc0a9b4c6,240,8.008,1280,720
train,d:\smartnest.ai\smartnest_media_dataset\data\media_dataset\frames\RealEstate10K_frames\images\train\0059ff3bc0a9b4c6_000255.jpg,kitchen,0059ff3bc0a9b4c6,255,8.508,1280,720
train,d:\smartnest.ai\smartnest_media_dataset\data\media_dataset\frames\RealEstate10K_frames\images\train\0059ff3bc0a9b4c6_000270.jpg,kitchen,0059ff3bc0a9b4c6,270,9.009,1280,720
train,d:\smartnest.ai\smartnest_media_dataset\data\media_dataset\frames\RealEstate10K_frames\images\train\0059ff3bc0a9b4c6_000285.jpg,kitchen,0059ff3bc0a9b4c6,285,9.509,1280,720
train,d:\smartnest.ai\smartnest_media_dataset\data\media_dataset\frames\RealEstate10K_frames\images\train\0059ff3bc0a9b4c6_000300.jpg,kitchen,0059ff3bc0a9b4c6,300,10.010,1280,720
train,d:\smartnest.ai\smartnest_media_dataset\data\media_dataset\frames\RealEstate10K_frames\images\train\0059ff3bc0a9b4c6_000315.jpg,kitchen,0059ff3bc0a9b4c6,315,10.510,1280,720
train,d:\smartnest.ai\smartnest_media_dataset\data\media_dataset\frames\RealEstate10K_frames\images\train\005a62ed640d829f_000000.jpg,bedroom,005a62ed640d829f,0,0.000,1280,720
train,d:\smartnest.ai\smartnest_media_dataset\data\media_dataset\frames\RealEstate10K_frames\images\train\005a62ed640d829f_000015.jpg,bedroom,005a62ed640d829f,15,0.498,1280,720
train,d:\smartnest.ai\smartnest_media_dataset\data\media_dataset\frames\RealEstate10K_frames\images\train\005a62ed640d829f_000030.jpg,bedroom,005a62ed640d829f,30,0.997,1280,720
train,d:\smartnest.ai\smartnest_media_dataset\data\media_dataset\frames\RealEstate10K_frames\images\train\005a62ed640d829f_000045.jpg,bedroom,005a62ed640d829f,45,1.495,1280,720
train,d:\smartnest.ai\smartnest_media_dataset\data\media_dataset\frames\RealEstate10K_frames\images\train\005a62ed640d829f_000060.jpg,bedroom,005a62ed640d829f,60,1.993,1280,720
train,d:\smartnest.ai\smartnest_media_dataset\data\media_dataset\frames\RealEstate10K_frames\images\train\005a62ed640d829f_000075.jpg,bedroom,005a62ed640d829f,75,2.491,1280,720
train,d:\smartnest.ai\smartnest_media_dataset\data\media_dataset\frames\RealEstate10K_frames\images\train\005a62ed640d829f_000090.jpg,bedroom,005a62ed640d829f,90,2.990,1280,720
train,d:\smartnest.ai\smartnest_media_dataset\data\media_dataset\frames\RealEstate10K_frames\images\train\005a62ed640d829f_000105.jpg,bedroom,005a62ed640d829f,105,3.488,1280,720
train,d:\smartnest.ai\smartnest_media_dataset\data\media_dataset\frames\RealEstate10K_frames\images\train\005a62ed640d829f_000120.jpg,bedroom,005a62ed640d829f,120,3.986,1280,720
train,d:\smartnest.ai\smartnest_media_dataset\data\media_dataset\frames\RealEstate10K_frames\images\train\005a62ed640d829f_000135.jpg,bedroom,005a62ed640d829f,135,4.484,1280,720
train,d:\smartnest.ai\smartnest_media_dataset\data\media_dataset\frames\RealEstate10K_frames\images\train\005a62ed640d829f_000150.jpg,bedroom,005a62ed640d829f,150,4.983,1280,720
train,d:\smartnest.ai\smartnest_media_dataset\data\media_dataset\frames\RealEstate10K_frames\images\train\005a62ed640d829f_000165.jpg,bedroom,005a62ed640d829f,165,5.481,1280,720
train,d:\smartnest.ai\smartnest_media_dataset\data\media_dataset\frames\RealEstate10K_frames\images\train\005a62ed640d829f_000180.jpg,bedroom,005a62ed640d829f,180,5.979,1280,720
train,d:\smartnest.ai\smartnest_media_dataset\data\media_dataset\frames\RealEstate10K_frames\images\train\005a62ed640d829f_000195.jpg,bedroom,005a62ed640d829f,195,6.478,1280,720
train,d:\smartnest.ai\smartnest_media_dataset\data\media_dataset\frames\RealEstate10K_frames\images\train\005a62ed640d829f_000210.jpg,bedroom,005a62ed640d829f,210,6.976,1280,720
train,d:\smartnest.ai\smartnest_media_dataset\data\media_dataset\frames\RealEstate10K_frames\images\train\005a62ed640d829f_000225.jpg,bedroom,005a62ed640d829f,225,7.474,1280,720
train,d:\smartnest.ai\smartnest_media_dataset\data\media_dataset\frames\RealEstate10K_frames\images\train\005b68f45317a0b5_000000.jpg,bedroom,005b68f45317a0b5,0,0.000,1280,720
train,d:\smartnest.ai\smartnest_media_dataset\data\media_dataset\frames\RealEstate10K_frames\images\train\005b68f45317a0b5_000015.jpg,bedroom,005b68f45317a0b5,15,0.500,1280,720
train,d:\smartnest.ai\smartnest_media_dataset\data\media_dataset\frames\RealEstate10K_frames\images\train\005b68f45317a0b5_000030.jpg,bedroom,005b68f45317a0b5,30,1.001,1280,720
train,d:\smartnest.ai\smartnest_media_dataset\data\media_dataset\frames\RealEstate10K_frames\images\train\005b68f45317a0b5_000045.jpg,bedroom,005b68f45317a0b5,45,1.501,1280,720
train,d:\smartnest.ai\smartnest_media_dataset\data\media_dataset\frames\RealEstate10K_frames\images\train\005b68f45317a0b5_000060.jpg,kitchen,005b68f45317a0b5,60,2.002,1280,720
train,d:\smartnest.ai\smartnest_media_dataset\data\media_dataset\frames\RealEstate10K_frames\images\train\005b68f45317a0b5_000075.jpg,bedroom,005b68f45317a0b5,75,2.502,1280,720
train,d:\smartnest.ai\smartnest_media_dataset\data\media_dataset\frames\RealEstate10K_frames\images\train\005b68f45317a0b5_000090.jpg,bedroom,005b68f45317a0b5,90,3.003,1280,720
train,d:\smartnest.ai\smartnest_media_dataset\data\media_dataset\frames\RealEstate10K_frames\images\train\005b68f45317a0b5_000105.jpg,bedroom,005b68f45317a0b5,105,3.503,1280,720
train,d:\smartnest.ai\smartnest_media_dataset\data\media_dataset\frames\RealEstate10K_frames\images\train\005b68f45317a0b5_000120.jpg,kitchen,005b68f45317a0b5,120,4.004,1280,720
train,d:\smartnest.ai\smartnest_media_dataset\data\media_dataset\frames\RealEstate10K_frames\images\train\005b68f45317a0b5_000135.jpg,bedroom,005b68f45317a0b5,135,4.504,1280,720
train,d:\smartnest.ai\smartnest_media_dataset\data\media_dataset\frames\RealEstate10K_frames\images\train\005b68f45317a0b5_000150.jpg,bedroom,005b68f45317a0b5,150,5.005,1280,720
train,d:\smartnest.ai\smartnest_media_dataset\data\media_dataset\frames\RealEstate10K_frames\images\train\005b68f45317a0b5_000165.jpg,bedroom,005b68f45317a0b5,165,5.505,1280,720
train,d:\smartnest.ai\smartnest_media_dataset\data\media_dataset\frames\RealEstate10K_frames\images\train\005b68f45317a0b5_000180.jpg,bedroom,005b68f45317a0b5,180,6.006,1280,720
train,d:\smartnest.ai\smartnest_media_dataset\data\media_dataset\frames\RealEstate10K_frames\images\train\005b68f45317a0b5_000195.jpg,bedroom,005b68f45317a0b5,195,6.506,1280,720
val,d:\smartnest.ai\smartnest_media_dataset\data\media_dataset\frames\RealEstate10K_frames\images\val\005c440a72e93b03_000000.jpg,kitchen,005c440a72e93b03,0,0.000,1280,720
val,d:\smartnest.ai\smartnest_media_dataset\data\media_dataset\frames\RealEstate10K_frames\images\val\005c440a72e93b03_000015.jpg,living,005c440a72e93b03,15,0.500,1280,720
val,d:\smartnest.ai\smartnest_media_dataset\data\media_dataset\frames\RealEstate10K_frames\images\val\005c440a72e93b03_000030.jpg,kitchen,005c440a72e93b03,30,1.001,1280,720
val,d:\smartnest.ai\smartnest_media_dataset\data\media_dataset\frames\RealEstate10K_frames\images\val\005c440a72e93b03_000045.jpg,kitchen,005c440a72e93b03,45,1.501,1280,720
val,d:\smartnest.ai\smartnest_media_dataset\data\media_dataset\frames\RealEstate10K_frames\images\val\005c440a72e93b03_000060.jpg,kitchen,005c440a72e93b03,60,2.002,1280,720
val,d:\smartnest.ai\smartnest_media_dataset\data\media_dataset\frames\RealEstate10K_frames\images\val\005c440a72e93b03_000075.jpg,kitchen,005c440a72e93b03,75,2.502,1280,720
val,d:\smartnest.ai\smartnest_media_dataset\data\media_dataset\frames\RealEstate10K_frames\images\val\005c440a72e93b03_000090.jpg,kitchen,005c440a72e93b03,90,3.003,1280,720
val,d:\smartnest.ai\smartnest_media_dataset\data\media_dataset\frames\RealEstate10K_frames\images\val\005c440a72e93b03_000105.jpg,kitchen,005c440a72e93b03,105,3.503,1280,720
val,d:\smartnest.ai\smartnest_media_dataset\data\media_dataset\frames\RealEstate10K_frames\images\val\005c440a72e93b03_000120.jpg,kitchen,005c440a72e93b03,120,4.004,1280,720
val,d:\smartnest.ai\smartnest_media_dataset\data\media_dataset\frames\RealEstate10K_frames\images\val\005c440a72e93b03_000135.jpg,kitchen,005c440a72e93b03,135,4.504,1280,720
val,d:\smartnest.ai\smartnest_media_dataset\data\media_dataset\frames\RealEstate10K_frames\images\val\005c440a72e93b03_000150.jpg,kitchen,005c440a72e93b03,150,5.004,1280,720
val,d:\smartnest.ai\smartnest_media_dataset\data\media_dataset\frames\RealEstate10K_frames\images\val\005c440a72e93b03_000165.jpg,bedroom,005c440a72e93b03,165,5.505,1280,720
val,d:\smartnest.ai\smartnest_media_dataset\data\media_dataset\frames\RealEstate10K_frames\images\val\005c440a72e93b03_000180.jpg,bedroom,005c440a72e93b03,180,6.005,1280,720
val,d:\smartnest.ai\smartnest_media_dataset\data\media_dataset\frames\RealEstate10K_frames\images\val\005ee91e6c694114_000000.jpg,kitchen,005ee91e6c694114,0,0.000,1280,720
val,d:\smartnest.ai\smartnest_media_dataset\data\media_dataset\frames\RealEstate10K_frames\images\val\005ee91e6c694114_000015.jpg,kitchen,005ee91e6c694114,15,0.500,1280,720
val,d:\smartnest.ai\smartnest_media_dataset\data\media_dataset\frames\RealEstate10K_frames\images\val\005ee91e6c694114_000030.jpg,kitchen,005ee91e6c694114,30,1.001,1280,720
val,d:\smartnest.ai\smartnest_media_dataset\data\media_dataset\frames\RealEstate10K_frames\images\val\005ee91e6c694114_000045.jpg,kitchen,005ee91e6c694114,45,1.501,1280,720
val,d:\smartnest.ai\smartnest_media_dataset\data\media_dataset\frames\RealEstate10K_frames\images\val\005ee91e6c694114_000060.jpg,kitchen,005ee91e6c694114,60,2.002,1280,720
val,d:\smartnest.ai\smartnest_media_dataset\data\media_dataset\frames\RealEstate10K_frames\images\val\005ee91e6c694114_000075.jpg,kitchen,005ee91e6c694114,75,2.502,1280,720
val,d:\smartnest.ai\smartnest_media_dataset\data\media_dataset\frames\RealEstate10K_frames\images\val\005ee91e6c694114_000090.jpg,kitchen,005ee91e6c694114,90,3.003,1280,720
val,d:\smartnest.ai\smartnest_media_dataset\data\media_dataset\frames\RealEstate10K_frames\images\val\005ee91e6c694114_000105.jpg,kitchen,005ee91e6c694114,105,3.503,1280,720
val,d:\smartnest.ai\smartnest_media_dataset\data\media_dataset\frames\RealEstate10K_frames\images\val\005ee91e6c694114_000120.jpg,kitchen,005ee91e6c694114,120,4.004,1280,720
val,d:\smartnest.ai\smartnest_media_dataset\data\media_dataset\frames\RealEstate10K_frames\images\val\005ee91e6c694114_000135.jpg,kitchen,005ee91e6c694114,135,4.504,1280,720
val,d:\smartnest.ai\smartnest_media_dataset\data\media_dataset\frames\RealEstate10K_frames\images\val\005ee91e6c694114_000150.jpg,kitchen,005ee91e6c694114,150,5.005,1280,720
val,d:\smartnest.ai\smartnest_media_dataset\data\media_dataset\frames\RealEstate10K_frames\images\val\005ee91e6c694114_000165.jpg,kitchen,005ee91e6c694114,165,5.505,1280,720
val,d:\smartnest.ai\smartnest_media_dataset\data\media_dataset\frames\RealEstate10K_frames\images\val\005ee91e6c694114_000180.jpg,kitchen,005ee91e6c694114,180,6.006,1280,720
val,d:\smartnest.ai\smartnest_media_dataset\data\media_dataset\frames\RealEstate10K_frames\images\val\005ee91e6c694114_000195.jpg,kitchen,005ee91e6c694114,195,6.506,1280,720
val,d:\smartnest.ai\smartnest_media_dataset\data\media_dataset\frames\RealEstate10K_frames\images\val\005ee91e6c694114_000210.jpg,kitchen,005ee91e6c694114,210,7.007,1280,720
val,d:\smartnest.ai\smartnest_media_dataset\data\media_dataset\frames\RealEstate10K_frames\images\val\005ee91e6c694114_000225.jpg,kitchen,005ee91e6c694114,225,7.507,1280,720
val,d:\smartnest.ai\smartnest_media_dataset\data\media_dataset\frames\RealEstate10K_frames\images\val\005ee91e6c694114_000240.jpg,kitchen,005ee91e6c694114,240,8.007,1280,720
val,d:\smartnest.ai\smartnest_media_dataset\data\media_dataset\frames\RealEstate10K_frames\images\val\005ee91e6c694114_000255.jpg,kitchen,005ee91e6c694114,255,8.508,1280,720
val,d:\smartnest.ai\smartnest_media_dataset\data\media_dataset\frames\RealEstate10K_frames\images\val\005ee91e6c694114_000270.jpg,balcony,005ee91e6c694114,270,9.008,1280,720
val,d:\smartnest.ai\smartnest_media_dataset\data\media_dataset\frames\RealEstate10K_frames\images\val\005ee91e6c694114_000285.jpg,balcony,005ee91e6c694114,285,9.509,1280,720
val,d:\smartnest.ai\smartnest_media_dataset\data\media_dataset\frames\RealEstate10K_frames\images\val\005ee91e6c694114_000300.jpg,balcony,005ee91e6c694114,300,10.009,1280,720
train,d:\smartnest.ai\smartnest_media_dataset\data\media_dataset\frames\RealEstate10K_frames\images\train\005ffc1aae84bdbf_000000.jpg,bathroom,005ffc1aae84bdbf,0,0.000,1280,720
train,d:\smartnest.ai\smartnest_media_dataset\data\media_dataset\frames\RealEstate10K_frames\images\train\005ffc1aae84bdbf_000015.jpg,bathroom,005ffc1aae84bdbf,15,0.500,1280,720
train,d:\smartnest.ai\smartnest_media_dataset\data\media_dataset\frames\RealEstate10K_frames\images\train\005ffc1aae84bdbf_000030.jpg,bathroom,005ffc1aae84bdbf,30,1.001,1280,720
train,d:\smartnest.ai\smartnest_media_dataset\data\media_dataset\frames\RealEstate10K_frames\images\train\005ffc1aae84bdbf_000045.jpg,bathroom,005ffc1aae84bdbf,45,1.501,1280,720
train,d:\smartnest.ai\smartnest_media_dataset\data\media_dataset\frames\RealEstate10K_frames\images\train\005ffc1aae84bdbf_000060.jpg,bathroom,005ffc1aae84bdbf,60,2.002,1280,720
train,d:\smartnest.ai\smartnest_media_dataset\data\media_dataset\frames\RealEstate10K_frames\images\train\005ffc1aae84bdbf_000075.jpg,bathroom,005ffc1aae84bdbf,75,2.502,1280,720
train,d:\smartnest.ai\smartnest_media_dataset\data\media_dataset\frames\RealEstate10K_frames\images\train\005ffc1aae84bdbf_000090.jpg,bathroom,005ffc1aae84bdbf,90,3.003,1280,720
train,d:\smartnest.ai\smartnest_media_dataset\data\media_dataset\frames\RealEstate10K_frames\images\train\005ffc1aae84bdbf_000105.jpg,bathroom,005ffc1aae84bdbf,105,3.503,1280,720
train,d:\smartnest.ai\smartnest_media_dataset\data\media_dataset\frames\RealEstate10K_frames\images\train\005ffc1aae84bdbf_000120.jpg,bathroom,005ffc1aae84bdbf,120,4.003,1280,720
train,d:\smartnest.ai\smartnest_media_dataset\data\media_dataset\frames\RealEstate10K_frames\images\train\005ffc1aae84bdbf_000135.jpg,bathroom,005ffc1aae84bdbf,135,4.504,1280,720
train,d:\smartnest.ai\smartnest_media_dataset\data\media_dataset\frames\RealEstate10K_frames\images\train\005ffc1aae84bdbf_000150.jpg,bathroom,005ffc1aae84bdbf,150,5.004,1280,720
train,d:\smartnest.ai\smartnest_media_dataset\data\media_dataset\frames\RealEstate10K_frames\images\train\005ffc1aae84bdbf_000165.jpg,bathroom,005ffc1aae84bdbf,165,5.505,1280,720
train,d:\smartnest.ai\smartnest_media_dataset\data\media_dataset\frames\RealEstate10K_frames\images\train\005ffc1aae84bdbf_000180.jpg,bathroom,005ffc1aae84bdbf,180,6.005,1280,720
train,d:\smartnest.ai\smartnest_media_dataset\data\media_dataset\frames\RealEstate10K_frames\images\train\005ffc1aae84bdbf_000195.jpg,bathroom,005ffc1aae84bdbf,195,6.506,1280,720
train,d:\smartnest.ai\smartnest_media_dataset\data\media_dataset\frames\RealEstate10K_frames\images\train\005ffc1aae84bdbf_000210.jpg,bathroom,005ffc1aae84bdbf,210,7.006,1280,720
train,d:\smartnest.ai\smartnest_media_dataset\data\media_dataset\frames\RealEstate10K_frames\images\train\005ffc1aae84bdbf_000225.jpg,bathroom,005ffc1aae84bdbf,225,7.506,1280,720
train,d:\smartnest.ai\smartnest_media_dataset\data\media_dataset\frames\RealEstate10K_frames\images\train\005ffc1aae84bdbf_000240.jpg,bathroom,005ffc1aae84bdbf,240,8.007,1280,720
train,d:\smartnest.ai\smartnest_media_dataset\data\media_dataset\frames\RealEstate10K_frames\images\train\00611063bacaa167_000000.jpg,bedroom,00611063bacaa167,0,0.000,1280,720
train,d:\smartnest.ai\smartnest_media_dataset\data\media_dataset\frames\RealEstate10K_frames\images\train\00611063bacaa167_000015.jpg,bedroom,00611063bacaa167,15,0.500,1280,720
train,d:\smartnest.ai\smartnest_media_dataset\data\media_dataset\frames\RealEstate10K_frames\images\train\00611063bacaa167_000030.jpg,bedroom,00611063bacaa167,30,1.001,1280,720
train,d:\smartnest.ai\smartnest_media_dataset\data\media_dataset\frames\RealEstate10K_frames\images\train\00611063bacaa167_000045.jpg,bedroom,00611063bacaa167,45,1.501,1280,720
train,d:\smartnest.ai\smartnest_media_dataset\data\media_dataset\frames\RealEstate10K_frames\images\train\00611063bacaa167_000060.jpg,bedroom,00611063bacaa167,60,2.002,1280,720
train,d:\smartnest.ai\smartnest_media_dataset\data\media_dataset\frames\RealEstate10K_frames\images\train\00611063bacaa167_000075.jpg,bedroom,00611063bacaa167,75,2.502,1280,720
train,d:\smartnest.ai\smartnest_media_dataset\data\media_dataset\frames\RealEstate10K_frames\images\train\00611063bacaa167_000090.jpg,bedroom,00611063bacaa167,90,3.003,1280,720
train,d:\smartnest.ai\smartnest_media_dataset\data\media_dataset\frames\RealEstate10K_frames\images\train\00611063bacaa167_000105.jpg,bedroom,00611063bacaa167,105,3.503,1280,720
train,d:\smartnest.ai\smartnest_media_dataset\data\media_dataset\frames\RealEstate10K_frames\images\train\00611063bacaa167_000120.jpg,bedroom,00611063bacaa167,120,4.004,1280,720
train,d:\smartnest.ai\smartnest_media_dataset\data\media_dataset\frames\RealEstate10K_frames\images\train\00611063bacaa167_000135.jpg,bedroom,00611063bacaa167,135,4.504,1280,720
train,d:\smartnest.ai\smartnest_media_dataset\data\media_dataset\frames\RealEstate10K_frames\images\train\00611063bacaa167_000150.jpg,bedroom,00611063bacaa167,150,5.005,1280,720
train,d:\smartnest.ai\smartnest_media_dataset\data\media_dataset\frames\RealEstate10K_frames\images\train\00611063bacaa167_000165.jpg,bedroom,00611063bacaa167,165,5.505,1280,720
train,d:\smartnest.ai\smartnest_media_dataset\data\media_dataset\frames\RealEstate10K_frames\images\train\00611063bacaa167_000180.jpg,bedroom,00611063bacaa167,180,6.006,1280,720
train,d:\smartnest.ai\smartnest_media_dataset\data\media_dataset\frames\RealEstate10K_frames\images\train\00611063bacaa167_000195.jpg,bedroom,00611063bacaa167,195,6.506,1280,720
train,d:\smartnest.ai\smartnest_media_dataset\data\media_dataset\frames\RealEstate10K_frames\images\train\00611063bacaa167_000210.jpg,bedroom,00611063bacaa167,210,7.007,1280,720
train,d:\smartnest.ai\smartnest_media_dataset\data\media_dataset\frames\RealEstate10K_frames\images\train\006363925858461c_000000.jpg,balcony,006363925858461c,0,0.000,1280,720
train,d:\smartnest.ai\smartnest_media_dataset\data\media_dataset\frames\RealEstate10K_frames\images\train\006363925858461c_000015.jpg,balcony,006363925858461c,15,0.500,1280,720
train,d:\smartnest.ai\smartnest_media_dataset\data\media_dataset\frames\RealEstate10K_frames\images\train\006363925858461c_000030.jpg,balcony,006363925858461c,30,1.001,1280,720
train,d:\smartnest.ai\smartnest_media_dataset\data\media_dataset\frames\RealEstate10K_frames\images\train\006363925858461c_000045.jpg,balcony,006363925858461c,45,1.501,1280,720
train,d:\smartnest.ai\smartnest_media_dataset\data\media_dataset\frames\RealEstate10K_frames\images\train\006363925858461c_000060.jpg,balcony,006363925858461c,60,2.002,1280,720
train,d:\smartnest.ai\smartnest_media_dataset\data\media_dataset\frames\RealEstate10K_frames\images\train\006363925858461c_000075.jpg,balcony,006363925858461c,75,2.502,1280,720
train,d:\smartnest.ai\smartnest_media_dataset\data\media_dataset\frames\RealEstate10K_frames\images\train\006363925858461c_000090.jpg,balcony,006363925858461c,90,3.003,1280,720
train,d:\smartnest.ai\smartnest_media_dataset\data\media_dataset\frames\RealEstate10K_frames\images\train\006363925858461c_000105.jpg,balcony,006363925858461c,105,3.503,1280,720
train,d:\smartnest.ai\smartnest_media_dataset\data\media_dataset\frames\RealEstate10K_frames\images\train\006363925858461c_000120.jpg,bathroom,006363925858461c,120,4.004,1280,720
train,d:\smartnest.ai\smartnest_media_dataset\data\media_dataset\frames\RealEstate10K_frames\images\train\006363925858461c_000135.jpg,balcony,006363925858461c,135,4.504,1280,720
train,d:\smartnest.ai\smartnest_media_dataset\data\media_dataset\frames\RealEstate10K_frames\images\train\006363925858461c_000150.jpg,balcony,006363925858461c,150,5.004,1280,720
train,d:\smartnest.ai\smartnest_media_dataset\data\media_dataset\frames\RealEstate10K_frames\images\train\006363925858461c_000165.jpg,balcony,006363925858461c,165,5.505,1280,720
train,d:\smartnest.ai\smartnest_media_dataset\data\media_dataset\frames\RealEstate10K_frames\images\train\006363925858461c_000180.jpg,bathroom,006363925858461c,180,6.005,1280,720
train,d:\smartnest.ai\smartnest_media_dataset\data\media_dataset\frames\RealEstate10K_frames\images\train\006363925858461c_000195.jpg,balcony,006363925858461c,195,6.506,1280,720
train,d:\smartnest.ai\smartnest_media_dataset\data\media_dataset\frames\RealEstate10K_frames\images\train\006363925858461c_000210.jpg,balcony,006363925858461c,210,7.006,1280,720
train,d:\smartnest.ai\smartnest_media_dataset\data\media_dataset\frames\RealEstate10K_frames\images\train\006363925858461c_000225.jpg,balcony,006363925858461c,225,7.507,1280,720
train,d:\smartnest.ai\smartnest_media_dataset\data\media_dataset\frames\RealEstate10K_frames\images\train\006363925858461c_000240.jpg,balcony,006363925858461c,240,8.007,1280,720
train,d:\smartnest.ai\smartnest_media_dataset\data\media_dataset\frames\RealEstate10K_frames\images\train\006477bb9bada538_000000.jpg,bedroom,006477bb9bada538,0,0.000,1280,720
train,d:\smartnest.ai\smartnest_media_dataset\data\media_dataset\frames\RealEstate10K_frames\images\train\006477bb9bada538_000030.jpg,bedroom,006477bb9bada538,30,0.500,1280,720
train,d:\smartnest.ai\smartnest_media_dataset\data\media_dataset\frames\RealEstate10K_frames\images\train\006477bb9bada538_000060.jpg,bedroom,006477bb9bada538,60,1.001,1280,720
train,d:\smartnest.ai\smartnest_media_dataset\data\media_dataset\frames\RealEstate10K_frames\images\train\006477bb9bada538_000090.jpg,bedroom,006477bb9bada538,90,1.501,1280,720
train,d:\smartnest.ai\smartnest_media_dataset\data\media_dataset\frames\RealEstate10K_frames\images\train\006477bb9bada538_000120.jpg,bedroom,006477bb9bada538,120,2.002,1280,720
train,d:\smartnest.ai\smartnest_media_dataset\data\media_dataset\frames\RealEstate10K_frames\images\train\006477bb9bada538_000150.jpg,bedroom,006477bb9bada538,150,2.502,1280,720
train,d:\smartnest.ai\smartnest_media_dataset\data\media_dataset\frames\RealEstate10K_frames\images\train\006477bb9bada538_000180.jpg,bathroom,006477bb9bada538,180,3.003,1280,720
train,d:\smartnest.ai\smartnest_media_dataset\data\media_dataset\frames\RealEstate10K_frames\images\train\006477bb9bada538_000210.jpg,bathroom,006477bb9bada538,210,3.503,1280,720
train,d:\smartnest.ai\smartnest_media_dataset\data\media_dataset\frames\RealEstate10K_frames\images\train\006477bb9bada538_000240.jpg,bathroom,006477bb9bada538,240,4.004,1280,720
train,d:\smartnest.ai\smartnest_media_dataset\data\media_dataset\frames\RealEstate10K_frames\images\train\006477bb9bada538_000270.jpg,bathroom,006477bb9bada538,270,4.504,1280,720
train,d:\smartnest.ai\smartnest_media_dataset\data\media_dataset\frames\RealEstate10K_frames\images\train\006477bb9bada538_000300.jpg,bathroom,006477bb9bada538,300,5.004,1280,720
train,d:\smartnest.ai\smartnest_media_dataset\data\media_dataset\frames\RealEstate10K_frames\images\train\006477bb9bada538_000330.jpg,bathroom,006477bb9bada538,330,5.505,1280,720
train,d:\smartnest.ai\smartnest_media_dataset\data\media_dataset\frames\RealEstate10K_frames\images\train\006477bb9bada538_000360.jpg,bathroom,006477bb9bada538,360,6.005,1280,720
train,d:\smartnest.ai\smartnest_media_dataset\data\media_dataset\frames\RealEstate10K_frames\images\train\0065a058603dfca4_000000.jpg,kitchen,0065a058603dfca4,0,0.000,1280,720
train,d:\smartnest.ai\smartnest_media_dataset\data\media_dataset\frames\RealEstate10K_frames\images\train\0065a058603dfca4_000015.jpg,kitchen,0065a058603dfca4,15,0.500,1280,720
train,d:\smartnest.ai\smartnest_media_dataset\data\media_dataset\frames\RealEstate10K_frames\images\train\0065a058603dfca4_000030.jpg,kitchen,0065a058603dfca4,30,1.001,1280,720
train,d:\smartnest.ai\smartnest_media_dataset\data\media_dataset\frames\RealEstate10K_frames\images\train\0065a058603dfca4_000045.jpg,kitchen,0065a058603dfca4,45,1.501,1280,720
train,d:\smartnest.ai\smartnest_media_dataset\data\media_dataset\frames\RealEstate10K_frames\images\train\0065a058603dfca4_000060.jpg,kitchen,0065a058603dfca4,60,2.002,1280,720
train,d:\smartnest.ai\smartnest_media_dataset\data\media_dataset\frames\RealEstate10K_frames\images\train\0065a058603dfca4_000075.jpg,kitchen,0065a058603dfca4,75,2.502,1280,720
train,d:\smartnest.ai\smartnest_media_dataset\data\media_dataset\frames\RealEstate10K_frames\images\train\0065a058603dfca4_000090.jpg,kitchen,0065a058603dfca4,90,3.003,1280,720
train,d:\smartnest.ai\smartnest_media_dataset\data\media_dataset\frames\RealEstate10K_frames\images\train\0065a058603dfca4_000105.jpg,kitchen,0065a058603dfca4,105,3.503,1280,720
train,d:\smartnest.ai\smartnest_media_dataset\data\media_dataset\frames\RealEstate10K_frames\images\train\0065a058603dfca4_000120.jpg,kitchen,0065a058603dfca4,120,4.004,1280,720
train,d:\smartnest.ai\smartnest_media_dataset\data\media_dataset\frames\RealEstate10K_frames\images\train\0065a058603dfca4_000135.jpg,kitchen,0065a058603dfca4,135,4.504,1280,720
train,d:\smartnest.ai\smartnest_media_dataset\data\media_dataset\frames\RealEstate10K_frames\images\train\0065a058603dfca4_000150.jpg,kitchen,0065a058603dfca4,150,5.004,1280,720
train,d:\smartnest.ai\smartnest_media_dataset\data\media_dataset\frames\RealEstate10K_frames\images\train\0065a058603dfca4_000165.jpg,kitchen,0065a058603dfca4,165,5.505,1280,720
train,d:\smartnest.ai\smartnest_media_dataset\data\media_dataset\frames\RealEstate10K_frames\images\train\0065a058603dfca4_000180.jpg,kitchen,0065a058603dfca4,180,6.005,1280,720
train,d:\smartnest.ai\smartnest_media_dataset\data\media_dataset\frames\RealEstate10K_frames\images\train\0065a058603dfca4_000195.jpg,bedroom,0065a058603dfca4,195,6.506,1280,720
train,d:\smartnest.ai\smartnest_media_dataset\data\media_dataset\frames\RealEstate10K_frames\images\train\0065a058603dfca4_000210.jpg,bedroom,0065a058603dfca4,210,7.006,1280,720
train,d:\smartnest.ai\smartnest_media_dataset\data\media_dataset\frames\RealEstate10K_frames\images\train\0065a058603dfca4_000225.jpg,kitchen,0065a058603dfca4,225,7.507,1280,720
train,d:\smartnest.ai\smartnest_media_dataset\data\media_dataset\frames\RealEstate10K_frames\images\train\00664b826ec082e8_000000.jpg,bedroom,00664b826ec082e8,0,0.000,1280,720
train,d:\smartnest.ai\smartnest_media_dataset\data\media_dataset\frames\RealEstate10K_frames\images\train\00664b826ec082e8_000015.jpg,bedroom,00664b826ec082e8,15,0.500,1280,720
train,d:\smartnest.ai\smartnest_media_dataset\data\media_dataset\frames\RealEstate10K_frames\images\train\00664b826ec082e8_000030.jpg,bedroom,00664b826ec082e8,30,1.001,1280,720
train,d:\smartnest.ai\smartnest_media_dataset\data\media_dataset\frames\RealEstate10K_frames\images\train\00664b826ec082e8_000045.jpg,bedroom,00664b826ec082e8,45,1.501,1280,720
train,d:\smartnest.ai\smartnest_media_dataset\data\media_dataset\frames\RealEstate10K_frames\images\train\00664b826ec082e8_000060.jpg,bedroom,00664b826ec082e8,60,2.002,1280,720
train,d:\smartnest.ai\smartnest_media_dataset\data\media_dataset\frames\RealEstate10K_frames\images\train\00664b826ec082e8_000075.jpg,bedroom,00664b826ec082e8,75,2.502,1280,720
train,d:\smartnest.ai\smartnest_media_dataset\data\media_dataset\frames\RealEstate10K_frames\images\train\00664b826ec082e8_000090.jpg,bedroom,00664b826ec082e8,90,3.003,1280,720
train,d:\smartnest.ai\smartnest_media_dataset\data\media_dataset\frames\RealEstate10K_frames\images\train\00664b826ec082e8_000105.jpg,bedroom,00664b826ec082e8,105,3.503,1280,720
train,d:\smartnest.ai\smartnest_media_dataset\data\media_dataset\frames\RealEstate10K_frames\images\train\00664b826ec082e8_000120.jpg,bedroom,00664b826ec082e8,120,4.004,1280,720
train,d:\smartnest.ai\smartnest_media_dataset\data\media_dataset\frames\RealEstate10K_frames\images\train\00664b826ec082e8_000135.jpg,bedroom,00664b826ec082e8,135,4.504,1280,720
train,d:\smartnest.ai\smartnest_media_dataset\data\media_dataset\frames\RealEstate10K_frames\images\train\00664b826ec082e8_000150.jpg,bathroom,00664b826ec082e8,150,5.005,1280,720
train,d:\smartnest.ai\smartnest_media_dataset\data\media_dataset\frames\RealEstate10K_frames\images\train\00664b826ec082e8_000165.jpg,bedroom,00664b826ec082e8,165,5.505,1280,720
train,d:\smartnest.ai\smartnest_media_dataset\data\media_dataset\frames\RealEstate10K_frames\images\train\00664b826ec082e8_000180.jpg,bedroom,00664b826ec082e8,180,6.005,1280,720
train,d:\smartnest.ai\smartnest_media_dataset\data\media_dataset\frames\RealEstate10K_frames\images\train\00664b826ec082e8_000195.jpg,bedroom,00664b826ec082e8,195,6.506,1280,720
train,d:\smartnest.ai\smartnest_media_dataset\data\media_dataset\frames\RealEstate10K_frames\images\train\00664b826ec082e8_000210.jpg,bedroom,00664b826ec082e8,210,7.006,1280,720
train,d:\smartnest.ai\smartnest_media_dataset\data\media_dataset\frames\RealEstate10K_frames\images\train\00664b826ec082e8_000225.jpg,bedroom,00664b826ec082e8,225,7.507,1280,720
train,d:\smartnest.ai\smartnest_media_dataset\data\media_dataset\frames\RealEstate10K_frames\images\train\00664b826ec082e8_000240.jpg,bedroom,00664b826ec082e8,240,8.007,1280,720
train,d:\smartnest.ai\smartnest_media_dataset\data\media_dataset\frames\RealEstate10K_frames\images\train\00664b826ec082e8_000255.jpg,bedroom,00664b826ec082e8,255,8.508,1280,720
train,d:\smartnest.ai\smartnest_media_dataset\data\media_dataset\frames\RealEstate10K_frames\images\train\00664b826ec082e8_000270.jpg,bedroom,00664b826ec082e8,270,9.008,1280,720
train,d:\smartnest.ai\smartnest_media_dataset\data\media_dataset\frames\RealEstate10K_frames\images\train\00664b826ec082e8_000285.jpg,kitchen,00664b826ec082e8,285,9.509,1280,720
train,d:\smartnest.ai\smartnest_media_dataset\data\media_dataset\frames\RealEstate10K_frames\images\train\00664b826ec082e8_000300.jpg,bedroom,00664b826ec082e8,300,10.009,1280,720
train,d:\smartnest.ai\smartnest_media_dataset\data\media_dataset\frames\RealEstate10K_frames\images\train\00664b826ec082e8_000315.jpg,bedroom,00664b826ec082e8,315,10.510,1280,720
train,d:\smartnest.ai\smartnest_media_dataset\data\media_dataset\frames\RealEstate10K_frames\images\train\00664b826ec082e8_000330.jpg,bedroom,00664b826ec082e8,330,11.010,1280,720
train,d:\smartnest.ai\smartnest_media_dataset\data\media_dataset\frames\RealEstate10K_frames\images\train\00664b826ec082e8_000345.jpg,bedroom,00664b826ec082e8,345,11.510,1280,720
train,d:\smartnest.ai\smartnest_media_dataset\data\media_dataset\frames\RealEstate10K_frames\images\train\00664b826ec082e8_000360.jpg,bedroom,00664b826ec082e8,360,12.011,1280,720
train,d:\smartnest.ai\smartnest_media_dataset\data\media_dataset\frames\RealEstate10K_frames\images\train\00664b826ec082e8_000375.jpg,bedroom,00664b826ec082e8,375,12.511,1280,720
train,d:\smartnest.ai\smartnest_media_dataset\data\media_dataset\frames\RealEstate10K_frames\images\train\00664b826ec082e8_000390.jpg,bedroom,00664b826ec082e8,390,13.012,1280,720
train,d:\smartnest.ai\smartnest_media_dataset\data\media_dataset\frames\RealEstate10K_frames\images\train\0066de2687c63b09_000000.jpg,kitchen,0066de2687c63b09,0,0.000,1280,720
train,d:\smartnest.ai\smartnest_media_dataset\data\media_dataset\frames\RealEstate10K_frames\images\train\0066de2687c63b09_000030.jpg,kitchen,0066de2687c63b09,30,0.500,1280,720
train,d:\smartnest.ai\smartnest_media_dataset\data\media_dataset\frames\RealEstate10K_frames\images\train\0066de2687c63b09_000060.jpg,kitchen,0066de2687c63b09,60,1.001,1280,720
train,d:\smartnest.ai\smartnest_media_dataset\data\media_dataset\frames\RealEstate10K_frames\images\train\0066de2687c63b09_000090.jpg,kitchen,0066de2687c63b09,90,1.501,1280,720
train,d:\smartnest.ai\smartnest_media_dataset\data\media_dataset\frames\RealEstate10K_frames\images\train\0066de2687c63b09_000120.jpg,kitchen,0066de2687c63b09,120,2.002,1280,720
train,d:\smartnest.ai\smartnest_media_dataset\data\media_dataset\frames\RealEstate10K_frames\images\train\0066de2687c63b09_000150.jpg,kitchen,0066de2687c63b09,150,2.502,1280,720
train,d:\smartnest.ai\smartnest_media_dataset\data\media_dataset\frames\RealEstate10K_frames\images\train\0066de2687c63b09_000180.jpg,kitchen,0066de2687c63b09,180,3.003,1280,720
train,d:\smartnest.ai\smartnest_media_dataset\data\media_dataset\frames\RealEstate10K_frames\images\train\0066de2687c63b09_000210.jpg,kitchen,0066de2687c63b09,210,3.503,1280,720
train,d:\smartnest.ai\smartnest_media_dataset\data\media_dataset\frames\RealEstate10K_frames\images\train\0066de2687c63b09_000240.jpg,kitchen,0066de2687c63b09,240,4.004,1280,720
train,d:\smartnest.ai\smartnest_media_dataset\data\media_dataset\frames\RealEstate10K_frames\images\train\0066de2687c63b09_000270.jpg,kitchen,0066de2687c63b09,270,4.504,1280,720
train,d:\smartnest.ai\smartnest_media_dataset\data\media_dataset\frames\RealEstate10K_frames\images\train\0066de2687c63b09_000300.jpg,kitchen,0066de2687c63b09,300,5.005,1280,720
train,d:\smartnest.ai\smartnest_media_dataset\data\media_dataset\frames\RealEstate10K_frames\images\train\0066de2687c63b09_000330.jpg,kitchen,0066de2687c63b09,330,5.505,1280,720
train,d:\smartnest.ai\smartnest_media_dataset\data\media_dataset\frames\RealEstate10K_frames\images\train\0066de2687c63b09_000360.jpg,kitchen,0066de2687c63b09,360,6.006,1280,720
train,d:\smartnest.ai\smartnest_media_dataset\data\media_dataset\frames\RealEstate10K_frames\images\train\0066de2687c63b09_000390.jpg,kitchen,0066de2687c63b09,390,6.506,1280,720
train,d:\smartnest.ai\smartnest_media_dataset\data\media_dataset\frames\RealEstate10K_frames\images\train\0066de2687c63b09_000420.jpg,kitchen,0066de2687c63b09,420,7.007,1280,720
train,d:\smartnest.ai\smartnest_media_dataset\data\media_dataset\frames\RealEstate10K_frames\images\train\0066de2687c63b09_000450.jpg,kitchen,0066de2687c63b09,450,7.507,1280,720
train,d:\smartnest.ai\smartnest_media_dataset\data\media_dataset\frames\RealEstate10K_frames\images\train\0066de2687c63b09_000480.jpg,kitchen,0066de2687c63b09,480,8.008,1280,720
train,d:\smartnest.ai\smartnest_media_dataset\data\media_dataset\frames\RealEstate10K_frames\images\train\0066de2687c63b09_000510.jpg,kitchen,0066de2687c63b09,510,8.508,1280,720
train,d:\smartnest.ai\smartnest_media_dataset\data\media_dataset\frames\RealEstate10K_frames\images\train\0066de2687c63b09_000540.jpg,kitchen,0066de2687c63b09,540,9.009,1280,720
train,d:\smartnest.ai\smartnest_media_dataset\data\media_dataset\frames\RealEstate10K_frames\images\train\0066de2687c63b09_000570.jpg,kitchen,0066de2687c63b09,570,9.509,1280,720
train,d:\smartnest.ai\smartnest_media_dataset\data\media_dataset\frames\RealEstate10K_frames\images\train\0066de2687c63b09_000600.jpg,kitchen,0066de2687c63b09,600,10.010,1280,720
train,d:\smartnest.ai\smartnest_media_dataset\data\media_dataset\frames\RealEstate10K_frames\images\train\0066de2687c63b09_000630.jpg,kitchen,0066de2687c63b09,630,10.510,1280,720
train,d:\smartnest.ai\smartnest_media_dataset\data\media_dataset\frames\RealEstate10K_frames\images\train\0066de2687c63b09_000660.jpg,kitchen,0066de2687c63b09,660,11.011,1280,720
train,d:\smartnest.ai\smartnest_media_dataset\data\media_dataset\frames\RealEstate10K_frames\images\train\0066ed3711a7240d_000000.jpg,balcony,0066ed3711a7240d,0,0.000,1280,720
train,d:\smartnest.ai\smartnest_media_dataset\data\media_dataset\frames\RealEstate10K_frames\images\train\0066ed3711a7240d_000015.jpg,balcony,0066ed3711a7240d,15,0.500,1280,720
train,d:\smartnest.ai\smartnest_media_dataset\data\media_dataset\frames\RealEstate10K_frames\images\train\0066ed3711a7240d_000030.jpg,balcony,0066ed3711a7240d,30,1.001,1280,720
train,d:\smartnest.ai\smartnest_media_dataset\data\media_dataset\frames\RealEstate10K_frames\images\train\0066ed3711a7240d_000045.jpg,balcony,0066ed3711a7240d,45,1.501,1280,720
train,d:\smartnest.ai\smartnest_media_dataset\data\media_dataset\frames\RealEstate10K_frames\images\train\0066ed3711a7240d_000060.jpg,balcony,0066ed3711a7240d,60,2.002,1280,720
train,d:\smartnest.ai\smartnest_media_dataset\data\media_dataset\frames\RealEstate10K_frames\images\train\0066ed3711a7240d_000075.jpg,balcony,0066ed3711a7240d,75,2.502,1280,720
train,d:\smartnest.ai\smartnest_media_dataset\data\media_dataset\frames\RealEstate10K_frames\images\train\0066ed3711a7240d_000090.jpg,balcony,0066ed3711a7240d,90,3.003,1280,720
train,d:\smartnest.ai\smartnest_media_dataset\data\media_dataset\frames\RealEstate10K_frames\images\train\0066ed3711a7240d_000105.jpg,balcony,0066ed3711a7240d,105,3.503,1280,720
train,d:\smartnest.ai\smartnest_media_dataset\data\media_dataset\frames\RealEstate10K_frames\images\train\0066ed3711a7240d_000120.jpg,balcony,0066ed3711a7240d,120,4.004,1280,720
train,d:\smartnest.ai\smartnest_media_dataset\data\media_dataset\frames\RealEstate10K_frames\images\train\0066ed3711a7240d_000135.jpg,balcony,0066ed3711a7240d,135,4.504,1280,720
train,d:\smartnest.ai\smartnest_media_dataset\data\media_dataset\frames\RealEstate10K_frames\images\train\0066ed3711a7240d_000150.jpg,balcony,0066ed3711a7240d,150,5.005,1280,720
train,d:\smartnest.ai\smartnest_media_dataset\data\media_dataset\frames\RealEstate10K_frames\images\train\0066ed3711a7240d_000165.jpg,balcony,0066ed3711a7240d,165,5.505,1280,720
train,d:\smartnest.ai\smartnest_media_dataset\data\media_dataset\frames\RealEstate10K_frames\images\train\0066ed3711a7240d_000180.jpg,balcony,0066ed3711a7240d,180,6.006,1280,720
train,d:\smartnest.ai\smartnest_media_dataset\data\media_dataset\frames\RealEstate10K_frames\images\train\0068e9bba9742bde_000000.jpg,bedroom,0068e9bba9742bde,0,0.000,640,360
train,d:\smartnest.ai\smartnest_media_dataset\data\media_dataset\frames\RealEstate10K_frames\images\train\0068e9bba9742bde_000015.jpg,bedroom,0068e9bba9742bde,15,0.501,640,360
train,d:\smartnest.ai\smartnest_media_dataset\data\media_dataset\frames\RealEstate10K_frames\images\train\0068e9bba9742bde_000030.jpg,bedroom,0068e9bba9742bde,30,1.001,640,360
train,d:\smartnest.ai\smartnest_media_dataset\data\media_dataset\frames\RealEstate10K_frames\images\train\0068e9bba9742bde_000045.jpg,bathroom,0068e9bba9742bde,45,1.502,640,360
train,d:\smartnest.ai\smartnest_media_dataset\data\media_dataset\frames\RealEstate10K_frames\images\train\0068e9bba9742bde_000060.jpg,kitchen,0068e9bba9742bde,60,2.002,640,360
train,d:\smartnest.ai\smartnest_media_dataset\data\media_dataset\frames\RealEstate10K_frames\images\train\0068e9bba9742bde_000075.jpg,kitchen,0068e9bba9742bde,75,2.503,640,360
train,d:\smartnest.ai\smartnest_media_dataset\data\media_dataset\frames\RealEstate10K_frames\images\train\0068e9bba9742bde_000090.jpg,bedroom,0068e9bba9742bde,90,3.003,640,360
train,d:\smartnest.ai\smartnest_media_dataset\data\media_dataset\frames\RealEstate10K_frames\images\train\0068e9bba9742bde_000105.jpg,bedroom,0068e9bba9742bde,105,3.504,640,360
train,d:\smartnest.ai\smartnest_media_dataset\data\media_dataset\frames\RealEstate10K_frames\images\train\0068e9bba9742bde_000120.jpg,bedroom,0068e9bba9742bde,120,4.004,640,360
train,d:\smartnest.ai\smartnest_media_dataset\data\media_dataset\frames\RealEstate10K_frames\images\train\0068e9bba9742bde_000135.jpg,bedroom,0068e9bba9742bde,135,4.505,640,360
train,d:\smartnest.ai\smartnest_media_dataset\data\media_dataset\frames\RealEstate10K_frames\images\train\0068e9bba9742bde_000150.jpg,bedroom,0068e9bba9742bde,150,5.005,640,360
train,d:\smartnest.ai\smartnest_media_dataset\data\media_dataset\frames\RealEstate10K_frames\images\train\0068e9bba9742bde_000165.jpg,bedroom,0068e9bba9742bde,165,5.506,640,360
train,d:\smartnest.ai\smartnest_media_dataset\data\media_dataset\frames\RealEstate10K_frames\images\train\0068e9bba9742bde_000180.jpg,bedroom,0068e9bba9742bde,180,6.006,640,360
train,d:\smartnest.ai\smartnest_media_dataset\data\media_dataset\frames\RealEstate10K_frames\images\train\0068e9bba9742bde_000195.jpg,bedroom,0068e9bba9742bde,195,6.507,640,360
train,d:\smartnest.ai\smartnest_media_dataset\data\media_dataset\frames\RealEstate10K_frames\images\train\0068e9bba9742bde_000210.jpg,bedroom,0068e9bba9742bde,210,7.007,640,360
train,d:\smartnest.ai\smartnest_media_dataset\data\media_dataset\frames\RealEstate10K_frames\images\train\0068e9bba9742bde_000225.jpg,bedroom,0068e9bba9742bde,225,7.508,640,360
train,d:\smartnest.ai\smartnest_media_dataset\data\media_dataset\frames\RealEstate10K_frames\images\train\0068e9bba9742bde_000240.jpg,bedroom,0068e9bba9742bde,240,8.008,640,360
train,d:\smartnest.ai\smartnest_media_dataset\data\media_dataset\frames\RealEstate10K_frames\images\train\0069fbbde9f77bf8_000000.jpg,living,0069fbbde9f77bf8,0,0.000,1280,720
train,d:\smartnest.ai\smartnest_media_dataset\data\media_dataset\frames\RealEstate10K_frames\images\train\0069fbbde9f77bf8_000015.jpg,bathroom,0069fbbde9f77bf8,15,0.500,1280,720
train,d:\smartnest.ai\smartnest_media_dataset\data\media_dataset\frames\RealEstate10K_frames\images\train\0069fbbde9f77bf8_000030.jpg,bathroom,0069fbbde9f77bf8,30,1.001,1280,720
train,d:\smartnest.ai\smartnest_media_dataset\data\media_dataset\frames\RealEstate10K_frames\images\train\0069fbbde9f77bf8_000045.jpg,bathroom,0069fbbde9f77bf8,45,1.501,1280,720
train,d:\smartnest.ai\smartnest_media_dataset\data\media_dataset\frames\RealEstate10K_frames\images\train\0069fbbde9f77bf8_000060.jpg,bathroom,0069fbbde9f77bf8,60,2.002,1280,720
train,d:\smartnest.ai\smartnest_media_dataset\data\media_dataset\frames\RealEstate10K_frames\images\train\0069fbbde9f77bf8_000075.jpg,bedroom,0069fbbde9f77bf8,75,2.502,1280,720
train,d:\smartnest.ai\smartnest_media_dataset\data\media_dataset\frames\RealEstate10K_frames\images\train\0069fbbde9f77bf8_000090.jpg,bathroom,0069fbbde9f77bf8,90,3.003,1280,720
train,d:\smartnest.ai\smartnest_media_dataset\data\media_dataset\frames\RealEstate10K_frames\images\train\0069fbbde9f77bf8_000105.jpg,bathroom,0069fbbde9f77bf8,105,3.503,1280,720
train,d:\smartnest.ai\smartnest_media_dataset\data\media_dataset\frames\RealEstate10K_frames\images\train\0069fbbde9f77bf8_000120.jpg,bedroom,0069fbbde9f77bf8,120,4.004,1280,720
train,d:\smartnest.ai\smartnest_media_dataset\data\media_dataset\frames\RealEstate10K_frames\images\train\0069fbbde9f77bf8_000135.jpg,bathroom,0069fbbde9f77bf8,135,4.504,1280,720
train,d:\smartnest.ai\smartnest_media_dataset\data\media_dataset\frames\RealEstate10K_frames\images\train\0069fbbde9f77bf8_000150.jpg,bathroom,0069fbbde9f77bf8,150,5.005,1280,720
train,d:\smartnest.ai\smartnest_media_dataset\data\media_dataset\frames\RealEstate10K_frames\images\train\0069fbbde9f77bf8_000165.jpg,bathroom,0069fbbde9f77bf8,165,5.505,1280,720
train,d:\smartnest.ai\smartnest_media_dataset\data\media_dataset\frames\RealEstate10K_frames\images\train\0069fbbde9f77bf8_000180.jpg,bedroom,0069fbbde9f77bf8,180,6.006,1280,720
train,d:\smartnest.ai\smartnest_media_dataset\data\media_dataset\frames\RealEstate10K_frames\images\train\0069fbbde9f77bf8_000195.jpg,bedroom,0069fbbde9f77bf8,195,6.506,1280,720
train,d:\smartnest.ai\smartnest_media_dataset\data\media_dataset\frames\RealEstate10K_frames\images\train\0069fbbde9f77bf8_000210.jpg,bedroom,0069fbbde9f77bf8,210,7.007,1280,720
train,d:\smartnest.ai\smartnest_media_dataset\data\media_dataset\frames\RealEstate10K_frames\images\train\0069fbbde9f77bf8_000225.jpg,bedroom,0069fbbde9f77bf8,225,7.507,1280,720
train,d:\smartnest.ai\smartnest_media_dataset\data\media_dataset\frames\RealEstate10K_frames\images\train\0069fbbde9f77bf8_000240.jpg,bedroom,0069fbbde9f77bf8,240,8.008,1280,720
train,d:\smartnest.ai\smartnest_media_dataset\data\media_dataset\frames\RealEstate10K_frames\images\train\0069fbbde9f77bf8_000255.jpg,bedroom,0069fbbde9f77bf8,255,8.508,1280,720
train,d:\smartnest.ai\smartnest_media_dataset\data\media_dataset\frames\RealEstate10K_frames\images\train\0069fbbde9f77bf8_000270.jpg,bedroom,0069fbbde9f77bf8,270,9.009,1280,720
train,d:\smartnest.ai\smartnest_media_dataset\data\media_dataset\frames\RealEstate10K_frames\images\train\0069fbbde9f77bf8_000285.jpg,bedroom,0069fbbde9f77bf8,285,9.509,1280,720
train,d:\smartnest.ai\smartnest_media_dataset\data\media_dataset\frames\RealEstate10K_frames\images\train\0069fbbde9f77bf8_000300.jpg,bedroom,0069fbbde9f77bf8,300,10.009,1280,720
train,d:\smartnest.ai\smartnest_media_dataset\data\media_dataset\frames\RealEstate10K_frames\images\train\0069fbbde9f77bf8_000315.jpg,bedroom,0069fbbde9f77bf8,315,10.510,1280,720
train,d:\smartnest.ai\smartnest_media_dataset\data\media_dataset\frames\RealEstate10K_frames\images\train\0069fbbde9f77bf8_000330.jpg,bedroom,0069fbbde9f77bf8,330,11.010,1280,720
train,d:\smartnest.ai\smartnest_media_dataset\data\media_dataset\frames\RealEstate10K_frames\images\train\006b2728057d8236_000000.jpg,kitchen,006b2728057d8236,0,0.000,1280,720
train,d:\smartnest.ai\smartnest_media_dataset\data\media_dataset\frames\RealEstate10K_frames\images\train\006b2728057d8236_000015.jpg,kitchen,006b2728057d8236,15,0.500,1280,720
train,d:\smartnest.ai\smartnest_media_dataset\data\media_dataset\frames\RealEstate10K_frames\images\train\006b2728057d8236_000030.jpg,kitchen,006b2728057d8236,30,1.001,1280,720
train,d:\smartnest.ai\smartnest_media_dataset\data\media_dataset\frames\RealEstate10K_frames\images\train\006b2728057d8236_000045.jpg,kitchen,006b2728057d8236,45,1.501,1280,720
train,d:\smartnest.ai\smartnest_media_dataset\data\media_dataset\frames\RealEstate10K_frames\images\train\006b2728057d8236_000060.jpg,bedroom,006b2728057d8236,60,2.002,1280,720
train,d:\smartnest.ai\smartnest_media_dataset\data\media_dataset\frames\RealEstate10K_frames\images\train\006b2728057d8236_000075.jpg,bedroom,006b2728057d8236,75,2.502,1280,720
train,d:\smartnest.ai\smartnest_media_dataset\data\media_dataset\frames\RealEstate10K_frames\images\train\006b2728057d8236_000090.jpg,bedroom,006b2728057d8236,90,3.002,1280,720
train,d:\smartnest.ai\smartnest_media_dataset\data\media_dataset\frames\RealEstate10K_frames\images\train\006b2728057d8236_000105.jpg,bedroom,006b2728057d8236,105,3.503,1280,720
train,d:\smartnest.ai\smartnest_media_dataset\data\media_dataset\frames\RealEstate10K_frames\images\train\006b2728057d8236_000120.jpg,bedroom,006b2728057d8236,120,4.003,1280,720
train,d:\smartnest.ai\smartnest_media_dataset\data\media_dataset\frames\RealEstate10K_frames\images\train\006b2728057d8236_000135.jpg,bedroom,006b2728057d8236,135,4.504,1280,720
train,d:\smartnest.ai\smartnest_media_dataset\data\media_dataset\frames\RealEstate10K_frames\images\train\006b2728057d8236_000150.jpg,bathroom,006b2728057d8236,150,5.004,1280,720
train,d:\smartnest.ai\smartnest_media_dataset\data\media_dataset\frames\RealEstate10K_frames\images\train\006b2728057d8236_000165.jpg,bathroom,006b2728057d8236,165,5.505,1280,720
train,d:\smartnest.ai\smartnest_media_dataset\data\media_dataset\frames\RealEstate10K_frames\images\train\006b2728057d8236_000180.jpg,bathroom,006b2728057d8236,180,6.005,1280,720
train,d:\smartnest.ai\smartnest_media_dataset\data\media_dataset\frames\RealEstate10K_frames\images\train\006ce7c81b5027e7_000000.jpg,balcony,006ce7c81b5027e7,0,0.000,1280,720
train,d:\smartnest.ai\smartnest_media_dataset\data\media_dataset\frames\RealEstate10K_frames\images\train\006ce7c81b5027e7_000015.jpg,kitchen,006ce7c81b5027e7,15,0.500,1280,720
train,d:\smartnest.ai\smartnest_media_dataset\data\media_dataset\frames\RealEstate10K_frames\images\train\006ce7c81b5027e7_000030.jpg,kitchen,006ce7c81b5027e7,30,1.001,1280,720
train,d:\smartnest.ai\smartnest_media_dataset\data\media_dataset\frames\RealEstate10K_frames\images\train\006ce7c81b5027e7_000045.jpg,kitchen,006ce7c81b5027e7,45,1.501,1280,720
train,d:\smartnest.ai\smartnest_media_dataset\data\media_dataset\frames\RealEstate10K_frames\images\train\006ce7c81b5027e7_000060.jpg,kitchen,006ce7c81b5027e7,60,2.002,1280,720
train,d:\smartnest.ai\smartnest_media_dataset\data\media_dataset\frames\RealEstate10K_frames\images\train\006ce7c81b5027e7_000075.jpg,kitchen,006ce7c81b5027e7,75,2.502,1280,720
train,d:\smartnest.ai\smartnest_media_dataset\data\media_dataset\frames\RealEstate10K_frames\images\train\006ce7c81b5027e7_000090.jpg,balcony,006ce7c81b5027e7,90,3.003,1280,720
train,d:\smartnest.ai\smartnest_media_dataset\data\media_dataset\frames\RealEstate10K_frames\images\train\006ce7c81b5027e7_000105.jpg,balcony,006ce7c81b5027e7,105,3.503,1280,720
train,d:\smartnest.ai\smartnest_media_dataset\data\media_dataset\frames\RealEstate10K_frames\images\train\006ce7c81b5027e7_000120.jpg,balcony,006ce7c81b5027e7,120,4.004,1280,720
train,d:\smartnest.ai\smartnest_media_dataset\data\media_dataset\frames\RealEstate10K_frames\images\train\006ce7c81b5027e7_000135.jpg,balcony,006ce7c81b5027e7,135,4.504,1280,720
train,d:\smartnest.ai\smartnest_media_dataset\data\media_dataset\frames\RealEstate10K_frames\images\train\006ce7c81b5027e7_000150.jpg,balcony,006ce7c81b5027e7,150,5.004,1280,720
train,d:\smartnest.ai\smartnest_media_dataset\data\media_dataset\frames\RealEstate10K_frames\images\train\006ce7c81b5027e7_000165.jpg,kitchen,006ce7c81b5027e7,165,5.505,1280,720
train,d:\smartnest.ai\smartnest_media_dataset\data\media_dataset\frames\RealEstate10K_frames\images\train\006ce7c81b5027e7_000180.jpg,kitchen,006ce7c81b5027e7,180,6.005,1280,720
train,d:\smartnest.ai\smartnest_media_dataset\data\media_dataset\frames\RealEstate10K_frames\images\train\006d459e7f65953b_000000.jpg,balcony,006d459e7f65953b,0,0.000,1280,720
train,d:\smartnest.ai\smartnest_media_dataset\data\media_dataset\frames\RealEstate10K_frames\images\train\006d459e7f65953b_000015.jpg,balcony,006d459e7f65953b,15,0.500,1280,720
train,d:\smartnest.ai\smartnest_media_dataset\data\media_dataset\frames\RealEstate10K_frames\images\train\006d459e7f65953b_000030.jpg,balcony,006d459e7f65953b,30,1.000,1280,720
train,d:\smartnest.ai\smartnest_media_dataset\data\media_dataset\frames\RealEstate10K_frames\images\train\006d459e7f65953b_000045.jpg,balcony,006d459e7f65953b,45,1.500,1280,720
train,d:\smartnest.ai\smartnest_media_dataset\data\media_dataset\frames\RealEstate10K_frames\images\train\006d459e7f65953b_000060.jpg,balcony,006d459e7f65953b,60,2.000,1280,720
train,d:\smartnest.ai\smartnest_media_dataset\data\media_dataset\frames\RealEstate10K_frames\images\train\006d459e7f65953b_000075.jpg,balcony,006d459e7f65953b,75,2.500,1280,720
train,d:\smartnest.ai\smartnest_media_dataset\data\media_dataset\frames\RealEstate10K_frames\images\train\006d459e7f65953b_000090.jpg,balcony,006d459e7f65953b,90,3.000,1280,720
train,d:\smartnest.ai\smartnest_media_dataset\data\media_dataset\frames\RealEstate10K_frames\images\train\006d459e7f65953b_000105.jpg,balcony,006d459e7f65953b,105,3.500,1280,720
train,d:\smartnest.ai\smartnest_media_dataset\data\media_dataset\frames\RealEstate10K_frames\images\train\006d459e7f65953b_000120.jpg,kitchen,006d459e7f65953b,120,4.000,1280,720
train,d:\smartnest.ai\smartnest_media_dataset\data\media_dataset\frames\RealEstate10K_frames\images\train\006d459e7f65953b_000135.jpg,kitchen,006d459e7f65953b,135,4.500,1280,720
train,d:\smartnest.ai\smartnest_media_dataset\data\media_dataset\frames\RealEstate10K_frames\images\train\006d459e7f65953b_000150.jpg,kitchen,006d459e7f65953b,150,5.000,1280,720
train,d:\smartnest.ai\smartnest_media_dataset\data\media_dataset\frames\RealEstate10K_frames\images\train\006d459e7f65953b_000165.jpg,living,006d459e7f65953b,165,5.500,1280,720
train,d:\smartnest.ai\smartnest_media_dataset\data\media_dataset\frames\RealEstate10K_frames\images\train\006d459e7f65953b_000180.jpg,bedroom,006d459e7f65953b,180,6.000,1280,720
train,d:\smartnest.ai\smartnest_media_dataset\data\media_dataset\frames\RealEstate10K_frames\images\train\006d459e7f65953b_000195.jpg,living,006d459e7f65953b,195,6.500,1280,720
train,d:\smartnest.ai\smartnest_media_dataset\data\media_dataset\frames\RealEstate10K_frames\images\train\006d459e7f65953b_000210.jpg,kitchen,006d459e7f65953b,210,7.000,1280,720
train,d:\smartnest.ai\smartnest_media_dataset\data\media_dataset\frames\RealEstate10K_frames\images\train\006d459e7f65953b_000225.jpg,kitchen,006d459e7f65953b,225,7.500,1280,720
train,d:\smartnest.ai\smartnest_media_dataset\data\media_dataset\frames\RealEstate10K_frames\images\train\006d459e7f65953b_000240.jpg,kitchen,006d459e7f65953b,240,8.000,1280,720
train,d:\smartnest.ai\smartnest_media_dataset\data\media_dataset\frames\RealEstate10K_frames\images\train\006d459e7f65953b_000255.jpg,kitchen,006d459e7f65953b,255,8.500,1280,720
train,d:\smartnest.ai\smartnest_media_dataset\data\media_dataset\frames\RealEstate10K_frames\images\train\006d459e7f65953b_000270.jpg,kitchen,006d459e7f65953b,270,9.000,1280,720
train,d:\smartnest.ai\smartnest_media_dataset\data\media_dataset\frames\RealEstate10K_frames\images\train\006d459e7f65953b_000285.jpg,balcony,006d459e7f65953b,285,9.500,1280,720
train,d:\smartnest.ai\smartnest_media_dataset\data\media_dataset\frames\RealEstate10K_frames\images\train\006d459e7f65953b_000300.jpg,balcony,006d459e7f65953b,300,10.000,1280,720
train,d:\smartnest.ai\smartnest_media_dataset\data\media_dataset\frames\RealEstate10K_frames\images\train\006d459e7f65953b_000315.jpg,living,006d459e7f65953b,315,10.500,1280,720
train,d:\smartnest.ai\smartnest_media_dataset\data\media_dataset\frames\RealEstate10K_frames\images\train\006d459e7f65953b_000330.jpg,living,006d459e7f65953b,330,11.000,1280,720
train,d:\smartnest.ai\smartnest_media_dataset\data\media_dataset\frames\RealEstate10K_frames\images\train\006d459e7f65953b_000345.jpg,living,006d459e7f65953b,345,11.500,1280,720
train,d:\smartnest.ai\smartnest_media_dataset\data\media_dataset\frames\RealEstate10K_frames\images\train\006d459e7f65953b_000360.jpg,living,006d459e7f65953b,360,12.000,1280,720
train,d:\smartnest.ai\smartnest_media_dataset\data\media_dataset\frames\RealEstate10K_frames\images\train\006d459e7f65953b_000375.jpg,living,006d459e7f65953b,375,12.500,1280,720
train,d:\smartnest.ai\smartnest_media_dataset\data\media_dataset\frames\RealEstate10K_frames\images\train\006f24f8fa62a3b7_000000.jpg,kitchen,006f24f8fa62a3b7,0,0.000,1280,720
train,d:\smartnest.ai\smartnest_media_dataset\data\media_dataset\frames\RealEstate10K_frames\images\train\006f24f8fa62a3b7_000030.jpg,kitchen,006f24f8fa62a3b7,30,0.500,1280,720
train,d:\smartnest.ai\smartnest_media_dataset\data\media_dataset\frames\RealEstate10K_frames\images\train\006f24f8fa62a3b7_000060.jpg,kitchen,006f24f8fa62a3b7,60,1.001,1280,720
train,d:\smartnest.ai\smartnest_media_dataset\data\media_dataset\frames\RealEstate10K_frames\images\train\006f24f8fa62a3b7_000090.jpg,kitchen,006f24f8fa62a3b7,90,1.501,1280,720
train,d:\smartnest.ai\smartnest_media_dataset\data\media_dataset\frames\RealEstate10K_frames\images\train\006f24f8fa62a3b7_000120.jpg,bedroom,006f24f8fa62a3b7,120,2.002,1280,720
train,d:\smartnest.ai\smartnest_media_dataset\data\media_dataset\frames\RealEstate10K_frames\images\train\006f24f8fa62a3b7_000150.jpg,bedroom,006f24f8fa62a3b7,150,2.502,1280,720
train,d:\smartnest.ai\smartnest_media_dataset\data\media_dataset\frames\RealEstate10K_frames\images\train\006f24f8fa62a3b7_000180.jpg,bedroom,006f24f8fa62a3b7,180,3.003,1280,720
train,d:\smartnest.ai\smartnest_media_dataset\data\media_dataset\frames\RealEstate10K_frames\images\train\006f24f8fa62a3b7_000210.jpg,bedroom,006f24f8fa62a3b7,210,3.503,1280,720
train,d:\smartnest.ai\smartnest_media_dataset\data\media_dataset\frames\RealEstate10K_frames\images\train\006f24f8fa62a3b7_000240.jpg,bedroom,006f24f8fa62a3b7,240,4.004,1280,720
train,d:\smartnest.ai\smartnest_media_dataset\data\media_dataset\frames\RealEstate10K_frames\images\train\006f24f8fa62a3b7_000270.jpg,bedroom,006f24f8fa62a3b7,270,4.504,1280,720
train,d:\smartnest.ai\smartnest_media_dataset\data\media_dataset\frames\RealEstate10K_frames\images\train\006f24f8fa62a3b7_000300.jpg,bedroom,006f24f8fa62a3b7,300,5.005,1280,720
train,d:\smartnest.ai\smartnest_media_dataset\data\media_dataset\frames\RealEstate10K_frames\images\train\006f24f8fa62a3b7_000330.jpg,kitchen,006f24f8fa62a3b7,330,5.505,1280,720
train,d:\smartnest.ai\smartnest_media_dataset\data\media_dataset\frames\RealEstate10K_frames\images\train\006f24f8fa62a3b7_000360.jpg,bedroom,006f24f8fa62a3b7,360,6.006,1280,720
train,d:\smartnest.ai\smartnest_media_dataset\data\media_dataset\frames\RealEstate10K_frames\images\train\006f24f8fa62a3b7_000390.jpg,bedroom,006f24f8fa62a3b7,390,6.506,1280,720
train,d:\smartnest.ai\smartnest_media_dataset\data\media_dataset\frames\RealEstate10K_frames\images\train\006f24f8fa62a3b7_000420.jpg,bedroom,006f24f8fa62a3b7,420,7.007,1280,720
train,d:\smartnest.ai\smartnest_media_dataset\data\media_dataset\frames\RealEstate10K_frames\images\train\006f24f8fa62a3b7_000450.jpg,kitchen,006f24f8fa62a3b7,450,7.507,1280,720
train,d:\smartnest.ai\smartnest_media_dataset\data\media_dataset\frames\RealEstate10K_frames\images\train\006f24f8fa62a3b7_000480.jpg,bedroom,006f24f8fa62a3b7,480,8.008,1280,720
train,d:\smartnest.ai\smartnest_media_dataset\data\media_dataset\frames\RealEstate10K_frames\images\train\006f24f8fa62a3b7_000510.jpg,bedroom,006f24f8fa62a3b7,510,8.508,1280,720
train,d:\smartnest.ai\smartnest_media_dataset\data\media_dataset\frames\RealEstate10K_frames\images\train\006f24f8fa62a3b7_000540.jpg,bedroom,006f24f8fa62a3b7,540,9.009,1280,720
train,d:\smartnest.ai\smartnest_media_dataset\data\media_dataset\frames\RealEstate10K_frames\images\train\006f24f8fa62a3b7_000570.jpg,bedroom,006f24f8fa62a3b7,570,9.509,1280,720
train,d:\smartnest.ai\smartnest_media_dataset\data\media_dataset\frames\RealEstate10K_frames\images\train\006f24f8fa62a3b7_000600.jpg,bedroom,006f24f8fa62a3b7,600,10.009,1280,720
train,d:\smartnest.ai\smartnest_media_dataset\data\media_dataset\frames\RealEstate10K_frames\images\train\006f24f8fa62a3b7_000630.jpg,bedroom,006f24f8fa62a3b7,630,10.510,1280,720
train,d:\smartnest.ai\smartnest_media_dataset\data\media_dataset\frames\RealEstate10K_frames\images\train\006f24f8fa62a3b7_000660.jpg,bedroom,006f24f8fa62a3b7,660,11.010,1280,720
train,d:\smartnest.ai\smartnest_media_dataset\data\media_dataset\frames\RealEstate10K_frames\images\train\006f24f8fa62a3b7_000690.jpg,bedroom,006f24f8fa62a3b7,690,11.511,1280,720
train,d:\smartnest.ai\smartnest_media_dataset\data\media_dataset\frames\RealEstate10K_frames\images\train\006f24f8fa62a3b7_000720.jpg,bedroom,006f24f8fa62a3b7,720,12.011,1280,720
train,d:\smartnest.ai\smartnest_media_dataset\data\media_dataset\frames\RealEstate10K_frames\images\train\006f24f8fa62a3b7_000750.jpg,bedroom,006f24f8fa62a3b7,750,12.512,1280,720
train,d:\smartnest.ai\smartnest_media_dataset\data\media_dataset\frames\RealEstate10K_frames\images\train\006f24f8fa62a3b7_000780.jpg,bedroom,006f24f8fa62a3b7,780,13.012,1280,720
train,d:\smartnest.ai\smartnest_media_dataset\data\media_dataset\frames\RealEstate10K_frames\images\train\006f24f8fa62a3b7_000810.jpg,kitchen,006f24f8fa62a3b7,810,13.513,1280,720
train,d:\smartnest.ai\smartnest_media_dataset\data\media_dataset\frames\RealEstate10K_frames\images\train\006f41ee9800fecf_000000.jpg,bathroom,006f41ee9800fecf,0,0.000,1280,720
train,d:\smartnest.ai\smartnest_media_dataset\data\media_dataset\frames\RealEstate10K_frames\images\train\006f41ee9800fecf_000015.jpg,bathroom,006f41ee9800fecf,15,0.501,1280,720
train,d:\smartnest.ai\smartnest_media_dataset\data\media_dataset\frames\RealEstate10K_frames\images\train\006f41ee9800fecf_000030.jpg,bathroom,006f41ee9800fecf,30,1.001,1280,720
train,d:\smartnest.ai\smartnest_media_dataset\data\media_dataset\frames\RealEstate10K_frames\images\train\006f41ee9800fecf_000045.jpg,bathroom,006f41ee9800fecf,45,1.502,1280,720
train,d:\smartnest.ai\smartnest_media_dataset\data\media_dataset\frames\RealEstate10K_frames\images\train\006f41ee9800fecf_000060.jpg,bathroom,006f41ee9800fecf,60,2.002,1280,720
train,d:\smartnest.ai\smartnest_media_dataset\data\media_dataset\frames\RealEstate10K_frames\images\train\006f41ee9800fecf_000075.jpg,kitchen,006f41ee9800fecf,75,2.502,1280,720
train,d:\smartnest.ai\smartnest_media_dataset\data\media_dataset\frames\RealEstate10K_frames\images\train\00703cbf7531ef11_000000.jpg,balcony,00703cbf7531ef11,0,0.000,1280,720
train,d:\smartnest.ai\smartnest_media_dataset\data\media_dataset\frames\RealEstate10K_frames\images\train\00703cbf7531ef11_000015.jpg,balcony,00703cbf7531ef11,15,0.501,1280,720
train,d:\smartnest.ai\smartnest_media_dataset\data\media_dataset\frames\RealEstate10K_frames\images\train\00703cbf7531ef11_000030.jpg,living,00703cbf7531ef11,30,1.001,1280,720
train,d:\smartnest.ai\smartnest_media_dataset\data\media_dataset\frames\RealEstate10K_frames\images\train\00703cbf7531ef11_000045.jpg,balcony,00703cbf7531ef11,45,1.502,1280,720
train,d:\smartnest.ai\smartnest_media_dataset\data\media_dataset\frames\RealEstate10K_frames\images\train\00703cbf7531ef11_000060.jpg,balcony,00703cbf7531ef11,60,2.002,1280,720
train,d:\smartnest.ai\smartnest_media_dataset\data\media_dataset\frames\RealEstate10K_frames\images\train\00703cbf7531ef11_000075.jpg,balcony,00703cbf7531ef11,75,2.502,1280,720
train,d:\smartnest.ai\smartnest_media_dataset\data\media_dataset\frames\RealEstate10K_frames\images\train\00703cbf7531ef11_000090.jpg,balcony,00703cbf7531ef11,90,3.003,1280,720
train,d:\smartnest.ai\smartnest_media_dataset\data\media_dataset\frames\RealEstate10K_frames\images\train\00703cbf7531ef11_000105.jpg,balcony,00703cbf7531ef11,105,3.504,1280,720
train,d:\smartnest.ai\smartnest_media_dataset\data\media_dataset\frames\RealEstate10K_frames\images\train\00703cbf7531ef11_000120.jpg,balcony,00703cbf7531ef11,120,4.004,1280,720
train,d:\smartnest.ai\smartnest_media_dataset\data\media_dataset\frames\RealEstate10K_frames\images\train\00703cbf7531ef11_000135.jpg,balcony,00703cbf7531ef11,135,4.505,1280,720
train,d:\smartnest.ai\smartnest_media_dataset\data\media_dataset\frames\RealEstate10K_frames\images\train\00703cbf7531ef11_000150.jpg,balcony,00703cbf7531ef11,150,5.005,1280,720
train,d:\smartnest.ai\smartnest_media_dataset\data\media_dataset\frames\RealEstate10K_frames\images\train\00703cbf7531ef11_000165.jpg,balcony,00703cbf7531ef11,165,5.506,1280,720
train,d:\smartnest.ai\smartnest_media_dataset\data\media_dataset\frames\RealEstate10K_frames\images\train\00703cbf7531ef11_000180.jpg,balcony,00703cbf7531ef11,180,6.006,1280,720
train,d:\smartnest.ai\smartnest_media_dataset\data\media_dataset\frames\RealEstate10K_frames\images\train\00703cbf7531ef11_000195.jpg,balcony,00703cbf7531ef11,195,6.506,1280,720
train,d:\smartnest.ai\smartnest_media_dataset\data\media_dataset\frames\RealEstate10K_frames\images\train\00703cbf7531ef11_000210.jpg,balcony,00703cbf7531ef11,210,7.007,1280,720
train,d:\smartnest.ai\smartnest_media_dataset\data\media_dataset\frames\RealEstate10K_frames\images\train\00703cbf7531ef11_000225.jpg,balcony,00703cbf7531ef11,225,7.508,1280,720
train,d:\smartnest.ai\smartnest_media_dataset\data\media_dataset\frames\RealEstate10K_frames\images\train\00703cbf7531ef11_000240.jpg,balcony,00703cbf7531ef11,240,8.008,1280,720
train,d:\smartnest.ai\smartnest_media_dataset\data\media_dataset\frames\RealEstate10K_frames\images\train\00703cbf7531ef11_000255.jpg,balcony,00703cbf7531ef11,255,8.508,1280,720
train,d:\smartnest.ai\smartnest_media_dataset\data\media_dataset\frames\RealEstate10K_frames\images\train\00703cbf7531ef11_000270.jpg,balcony,00703cbf7531ef11,270,9.009,1280,720
train,d:\smartnest.ai\smartnest_media_dataset\data\media_dataset\frames\RealEstate10K_frames\images\train\00703cbf7531ef11_000285.jpg,balcony,00703cbf7531ef11,285,9.510,1280,720
train,d:\smartnest.ai\smartnest_media_dataset\data\media_dataset\frames\RealEstate10K_frames\images\train\00703cbf7531ef11_000300.jpg,balcony,00703cbf7531ef11,300,10.010,1280,720
train,d:\smartnest.ai\smartnest_media_dataset\data\media_dataset\frames\RealEstate10K_frames\images\train\00703cbf7531ef11_000315.jpg,balcony,00703cbf7531ef11,315,10.511,1280,720
train,d:\smartnest.ai\smartnest_media_dataset\data\media_dataset\frames\RealEstate10K_frames\images\train\00703cbf7531ef11_000330.jpg,balcony,00703cbf7531ef11,330,11.011,1280,720
train,d:\smartnest.ai\smartnest_media_dataset\data\media_dataset\frames\RealEstate10K_frames\images\train\00703cbf7531ef11_000345.jpg,balcony,00703cbf7531ef11,345,11.511,1280,720
train,d:\smartnest.ai\smartnest_media_dataset\data\media_dataset\frames\RealEstate10K_frames\images\train\0071f6d0b342c75f_000000.jpg,kitchen,0071f6d0b342c75f,0,0.000,1280,720
train,d:\smartnest.ai\smartnest_media_dataset\data\media_dataset\frames\RealEstate10K_frames\images\train\0071f6d0b342c75f_000012.jpg,kitchen,0071f6d0b342c75f,12,0.500,1280,720
train,d:\smartnest.ai\smartnest_media_dataset\data\media_dataset\frames\RealEstate10K_frames\images\train\0071f6d0b342c75f_000024.jpg,kitchen,0071f6d0b342c75f,24,1.001,1280,720
train,d:\smartnest.ai\smartnest_media_dataset\data\media_dataset\frames\RealEstate10K_frames\images\train\0071f6d0b342c75f_000036.jpg,kitchen,0071f6d0b342c75f,36,1.501,1280,720
train,d:\smartnest.ai\smartnest_media_dataset\data\media_dataset\frames\RealEstate10K_frames\images\train\0071f6d0b342c75f_000048.jpg,kitchen,0071f6d0b342c75f,48,2.002,1280,720
train,d:\smartnest.ai\smartnest_media_dataset\data\media_dataset\frames\RealEstate10K_frames\images\train\0071f6d0b342c75f_000060.jpg,living,0071f6d0b342c75f,60,2.502,1280,720
train,d:\smartnest.ai\smartnest_media_dataset\data\media_dataset\frames\RealEstate10K_frames\images\train\0071f6d0b342c75f_000072.jpg,kitchen,0071f6d0b342c75f,72,3.003,1280,720
train,d:\smartnest.ai\smartnest_media_dataset\data\media_dataset\frames\RealEstate10K_frames\images\train\0071f6d0b342c75f_000084.jpg,kitchen,0071f6d0b342c75f,84,3.503,1280,720
train,d:\smartnest.ai\smartnest_media_dataset\data\media_dataset\frames\RealEstate10K_frames\images\train\0071f6d0b342c75f_000096.jpg,living,0071f6d0b342c75f,96,4.004,1280,720
train,d:\smartnest.ai\smartnest_media_dataset\data\media_dataset\frames\RealEstate10K_frames\images\train\0071f6d0b342c75f_000108.jpg,balcony,0071f6d0b342c75f,108,4.504,1280,720
train,d:\smartnest.ai\smartnest_media_dataset\data\media_dataset\frames\RealEstate10K_frames\images\train\0071f6d0b342c75f_000120.jpg,balcony,0071f6d0b342c75f,120,5.005,1280,720
train,d:\smartnest.ai\smartnest_media_dataset\data\media_dataset\frames\RealEstate10K_frames\images\train\0071f6d0b342c75f_000132.jpg,balcony,0071f6d0b342c75f,132,5.505,1280,720
train,d:\smartnest.ai\smartnest_media_dataset\data\media_dataset\frames\RealEstate10K_frames\images\train\0071f6d0b342c75f_000144.jpg,balcony,0071f6d0b342c75f,144,6.006,1280,720
train,d:\smartnest.ai\smartnest_media_dataset\data\media_dataset\frames\RealEstate10K_frames\images\train\007203bffc9af03d_000000.jpg,bedroom,007203bffc9af03d,0,0.000,1280,720
train,d:\smartnest.ai\smartnest_media_dataset\data\media_dataset\frames\RealEstate10K_frames\images\train\007203bffc9af03d_000015.jpg,bedroom,007203bffc9af03d,15,0.500,1280,720
train,d:\smartnest.ai\smartnest_media_dataset\data\media_dataset\frames\RealEstate10K_frames\images\train\007203bffc9af03d_000030.jpg,bedroom,007203bffc9af03d,30,1.001,1280,720
train,d:\smartnest.ai\smartnest_media_dataset\data\media_dataset\frames\RealEstate10K_frames\images\train\007203bffc9af03d_000045.jpg,bedroom,007203bffc9af03d,45,1.501,1280,720
train,d:\smartnest.ai\smartnest_media_dataset\data\media_dataset\frames\RealEstate10K_frames\images\train\007203bffc9af03d_000060.jpg,bedroom,007203bffc9af03d,60,2.002,1280,720
train,d:\smartnest.ai\smartnest_media_dataset\data\media_dataset\frames\RealEstate10K_frames\images\train\007203bffc9af03d_000075.jpg,bedroom,007203bffc9af03d,75,2.502,1280,720
train,d:\smartnest.ai\smartnest_media_dataset\data\media_dataset\frames\RealEstate10K_frames\images\train\007203bffc9af03d_000090.jpg,bedroom,007203bffc9af03d,90,3.003,1280,720
train,d:\smartnest.ai\smartnest_media_dataset\data\media_dataset\frames\RealEstate10K_frames\images\train\007203bffc9af03d_000105.jpg,kitchen,007203bffc9af03d,105,3.503,1280,720
train,d:\smartnest.ai\smartnest_media_dataset\data\media_dataset\frames\RealEstate10K_frames\images\train\007203bffc9af03d_000120.jpg,kitchen,007203bffc9af03d,120,4.004,1280,720
train,d:\smartnest.ai\smartnest_media_dataset\data\media_dataset\frames\RealEstate10K_frames\images\train\007203bffc9af03d_000135.jpg,kitchen,007203bffc9af03d,135,4.504,1280,720
train,d:\smartnest.ai\smartnest_media_dataset\data\media_dataset\frames\RealEstate10K_frames\images\train\007203bffc9af03d_000150.jpg,kitchen,007203bffc9af03d,150,5.005,1280,720
train,d:\smartnest.ai\smartnest_media_dataset\data\media_dataset\frames\RealEstate10K_frames\images\train\007203bffc9af03d_000165.jpg,kitchen,007203bffc9af03d,165,5.505,1280,720
train,d:\smartnest.ai\smartnest_media_dataset\data\media_dataset\frames\RealEstate10K_frames\images\train\007203bffc9af03d_000180.jpg,kitchen,007203bffc9af03d,180,6.006,1280,720
train,d:\smartnest.ai\smartnest_media_dataset\data\media_dataset\frames\RealEstate10K_frames\images\train\007203bffc9af03d_000195.jpg,kitchen,007203bffc9af03d,195,6.506,1280,720
train,d:\smartnest.ai\smartnest_media_dataset\data\media_dataset\frames\RealEstate10K_frames\images\train\007203bffc9af03d_000210.jpg,kitchen,007203bffc9af03d,210,7.006,1280,720
train,d:\smartnest.ai\smartnest_media_dataset\data\media_dataset\frames\RealEstate10K_frames\images\train\007203bffc9af03d_000225.jpg,bedroom,007203bffc9af03d,225,7.507,1280,720
train,d:\smartnest.ai\smartnest_media_dataset\data\media_dataset\frames\RealEstate10K_frames\images\train\007203bffc9af03d_000240.jpg,bedroom,007203bffc9af03d,240,8.007,1280,720
train,d:\smartnest.ai\smartnest_media_dataset\data\media_dataset\frames\RealEstate10K_frames\images\train\007203bffc9af03d_000255.jpg,bedroom,007203bffc9af03d,255,8.508,1280,720
train,d:\smartnest.ai\smartnest_media_dataset\data\media_dataset\frames\RealEstate10K_frames\images\train\007203bffc9af03d_000270.jpg,bedroom,007203bffc9af03d,270,9.008,1280,720
train,d:\smartnest.ai\smartnest_media_dataset\data\media_dataset\frames\RealEstate10K_frames\images\train\00721a059191d495_000000.jpg,bathroom,00721a059191d495,0,0.000,1280,720
train,d:\smartnest.ai\smartnest_media_dataset\data\media_dataset\frames\RealEstate10K_frames\images\train\00721a059191d495_000015.jpg,bathroom,00721a059191d495,15,0.500,1280,720
train,d:\smartnest.ai\smartnest_media_dataset\data\media_dataset\frames\RealEstate10K_frames\images\train\00721a059191d495_000030.jpg,kitchen,00721a059191d495,30,1.001,1280,720
train,d:\smartnest.ai\smartnest_media_dataset\data\media_dataset\frames\RealEstate10K_frames\images\train\00721a059191d495_000045.jpg,kitchen,00721a059191d495,45,1.501,1280,720
train,d:\smartnest.ai\smartnest_media_dataset\data\media_dataset\frames\RealEstate10K_frames\images\train\00721a059191d495_000060.jpg,kitchen,00721a059191d495,60,2.002,1280,720
train,d:\smartnest.ai\smartnest_media_dataset\data\media_dataset\frames\RealEstate10K_frames\images\train\00721a059191d495_000075.jpg,kitchen,00721a059191d495,75,2.502,1280,720
train,d:\smartnest.ai\smartnest_media_dataset\data\media_dataset\frames\RealEstate10K_frames\images\train\00721a059191d495_000090.jpg,bathroom,00721a059191d495,90,3.003,1280,720
train,d:\smartnest.ai\smartnest_media_dataset\data\media_dataset\frames\RealEstate10K_frames\images\train\00721a059191d495_000105.jpg,bathroom,00721a059191d495,105,3.503,1280,720
train,d:\smartnest.ai\smartnest_media_dataset\data\media_dataset\frames\RealEstate10K_frames\images\train\00721a059191d495_000120.jpg,bathroom,00721a059191d495,120,4.004,1280,720
train,d:\smartnest.ai\smartnest_media_dataset\data\media_dataset\frames\RealEstate10K_frames\images\train\00721a059191d495_000135.jpg,bathroom,00721a059191d495,135,4.504,1280,720
train,d:\smartnest.ai\smartnest_media_dataset\data\media_dataset\frames\RealEstate10K_frames\images\train\00721a059191d495_000150.jpg,bathroom,00721a059191d495,150,5.004,1280,720
train,d:\smartnest.ai\smartnest_media_dataset\data\media_dataset\frames\RealEstate10K_frames\images\train\00721a059191d495_000165.jpg,bathroom,00721a059191d495,165,5.505,1280,720
val,d:\smartnest.ai\smartnest_media_dataset\data\media_dataset\frames\RealEstate10K_frames\images\val\0074915cdbef7836_000000.jpg,bathroom,0074915cdbef7836,0,0.000,1280,720
val,d:\smartnest.ai\smartnest_media_dataset\data\media_dataset\frames\RealEstate10K_frames\images\val\0074915cdbef7836_000012.jpg,bathroom,0074915cdbef7836,12,0.496,1280,720
val,d:\smartnest.ai\smartnest_media_dataset\data\media_dataset\frames\RealEstate10K_frames\images\val\0074915cdbef7836_000024.jpg,bathroom,0074915cdbef7836,24,0.991,1280,720
val,d:\smartnest.ai\smartnest_media_dataset\data\media_dataset\frames\RealEstate10K_frames\images\val\0074915cdbef7836_000036.jpg,bathroom,0074915cdbef7836,36,1.487,1280,720
val,d:\smartnest.ai\smartnest_media_dataset\data\media_dataset\frames\RealEstate10K_frames\images\val\0074915cdbef7836_000048.jpg,bathroom,0074915cdbef7836,48,1.982,1280,720
val,d:\smartnest.ai\smartnest_media_dataset\data\media_dataset\frames\RealEstate10K_frames\images\val\0074915cdbef7836_000060.jpg,bathroom,0074915cdbef7836,60,2.478,1280,720
val,d:\smartnest.ai\smartnest_media_dataset\data\media_dataset\frames\RealEstate10K_frames\images\val\0074915cdbef7836_000072.jpg,bathroom,0074915cdbef7836,72,2.973,1280,720
val,d:\smartnest.ai\smartnest_media_dataset\data\media_dataset\frames\RealEstate10K_frames\images\val\0074915cdbef7836_000084.jpg,bathroom,0074915cdbef7836,84,3.469,1280,720
val,d:\smartnest.ai\smartnest_media_dataset\data\media_dataset\frames\RealEstate10K_frames\images\val\0074915cdbef7836_000096.jpg,bathroom,0074915cdbef7836,96,3.965,1280,720
test,d:\smartnest.ai\smartnest_media_dataset\data\media_dataset\frames\RealEstate10K_frames\images\test\007525d507d7a6c1_000000.jpg,bathroom,007525d507d7a6c1,0,0.000,1280,720
test,d:\smartnest.ai\smartnest_media_dataset\data\media_dataset\frames\RealEstate10K_frames\images\test\007525d507d7a6c1_000015.jpg,bathroom,007525d507d7a6c1,15,0.497,1280,720
test,d:\smartnest.ai\smartnest_media_dataset\data\media_dataset\frames\RealEstate10K_frames\images\test\007525d507d7a6c1_000030.jpg,bathroom,007525d507d7a6c1,30,0.995,1280,720
test,d:\smartnest.ai\smartnest_media_dataset\data\media_dataset\frames\RealEstate10K_frames\images\test\007525d507d7a6c1_000045.jpg,bathroom,007525d507d7a6c1,45,1.492,1280,720
test,d:\smartnest.ai\smartnest_media_dataset\data\media_dataset\frames\RealEstate10K_frames\images\test\007525d507d7a6c1_000060.jpg,bathroom,007525d507d7a6c1,60,1.989,1280,720
test,d:\smartnest.ai\smartnest_media_dataset\data\media_dataset\frames\RealEstate10K_frames\images\test\007525d507d7a6c1_000075.jpg,bathroom,007525d507d7a6c1,75,2.486,1280,720
test,d:\smartnest.ai\smartnest_media_dataset\data\media_dataset\frames\RealEstate10K_frames\images\test\007525d507d7a6c1_000090.jpg,bathroom,007525d507d7a6c1,90,2.984,1280,720
test,d:\smartnest.ai\smartnest_media_dataset\data\media_dataset\frames\RealEstate10K_frames\images\test\007525d507d7a6c1_000105.jpg,bathroom,007525d507d7a6c1,105,3.481,1280,720
test,d:\smartnest.ai\smartnest_media_dataset\data\media_dataset\frames\RealEstate10K_frames\images\test\007525d507d7a6c1_000120.jpg,bathroom,007525d507d7a6c1,120,3.978,1280,720
test,d:\smartnest.ai\smartnest_media_dataset\data\media_dataset\frames\RealEstate10K_frames\images\test\007525d507d7a6c1_000135.jpg,bathroom,007525d507d7a6c1,135,4.476,1280,720
test,d:\smartnest.ai\smartnest_media_dataset\data\media_dataset\frames\RealEstate10K_frames\images\test\007525d507d7a6c1_000150.jpg,bathroom,007525d507d7a6c1,150,4.973,1280,720
train,d:\smartnest.ai\smartnest_media_dataset\data\media_dataset\frames\RealEstate10K_frames\images\train\00761c6dcec91853_000000.jpg,bedroom,00761c6dcec91853,0,0.000,640,360
train,d:\smartnest.ai\smartnest_media_dataset\data\media_dataset\frames\RealEstate10K_frames\images\train\00761c6dcec91853_000015.jpg,bedroom,00761c6dcec91853,15,0.501,640,360
train,d:\smartnest.ai\smartnest_media_dataset\data\media_dataset\frames\RealEstate10K_frames\images\train\00761c6dcec91853_000030.jpg,bedroom,00761c6dcec91853,30,1.001,640,360
train,d:\smartnest.ai\smartnest_media_dataset\data\media_dataset\frames\RealEstate10K_frames\images\train\00761c6dcec91853_000045.jpg,bedroom,00761c6dcec91853,45,1.502,640,360
train,d:\smartnest.ai\smartnest_media_dataset\data\media_dataset\frames\RealEstate10K_frames\images\train\00761c6dcec91853_000060.jpg,bedroom,00761c6dcec91853,60,2.002,640,360
train,d:\smartnest.ai\smartnest_media_dataset\data\media_dataset\frames\RealEstate10K_frames\images\train\00761c6dcec91853_000075.jpg,bedroom,00761c6dcec91853,75,2.503,640,360
train,d:\smartnest.ai\smartnest_media_dataset\data\media_dataset\frames\RealEstate10K_frames\images\train\00761c6dcec91853_000090.jpg,bedroom,00761c6dcec91853,90,3.003,640,360
train,d:\smartnest.ai\smartnest_media_dataset\data\media_dataset\frames\RealEstate10K_frames\images\train\00761c6dcec91853_000105.jpg,bedroom,00761c6dcec91853,105,3.504,640,360
train,d:\smartnest.ai\smartnest_media_dataset\data\media_dataset\frames\RealEstate10K_frames\images\train\00761c6dcec91853_000120.jpg,bedroom,00761c6dcec91853,120,4.004,640,360
train,d:\smartnest.ai\smartnest_media_dataset\data\media_dataset\frames\RealEstate10K_frames\images\train\00761c6dcec91853_000135.jpg,bedroom,00761c6dcec91853,135,4.505,640,360
train,d:\smartnest.ai\smartnest_media_dataset\data\media_dataset\frames\RealEstate10K_frames\images\train\00761c6dcec91853_000150.jpg,bedroom,00761c6dcec91853,150,5.005,640,360
train,d:\smartnest.ai\smartnest_media_dataset\data\media_dataset\frames\RealEstate10K_frames\images\train\00761c6dcec91853_000165.jpg,bedroom,00761c6dcec91853,165,5.506,640,360
train,d:\smartnest.ai\smartnest_media_dataset\data\media_dataset\frames\RealEstate10K_frames\images\train\00761c6dcec91853_000180.jpg,bedroom,00761c6dcec91853,180,6.006,640,360
train,d:\smartnest.ai\smartnest_media_dataset\data\media_dataset\frames\RealEstate10K_frames\images\train\00761c6dcec91853_000195.jpg,bedroom,00761c6dcec91853,195,6.507,640,360
train,d:\smartnest.ai\smartnest_media_dataset\data\media_dataset\frames\RealEstate10K_frames\images\train\00761c6dcec91853_000210.jpg,bedroom,00761c6dcec91853,210,7.007,640,360
train,d:\smartnest.ai\smartnest_media_dataset\data\media_dataset\frames\RealEstate10K_frames\images\train\00761c6dcec91853_000225.jpg,bedroom,00761c6dcec91853,225,7.508,640,360
train,d:\smartnest.ai\smartnest_media_dataset\data\media_dataset\frames\RealEstate10K_frames\images\train\00761c6dcec91853_000240.jpg,bedroom,00761c6dcec91853,240,8.008,640,360
train,d:\smartnest.ai\smartnest_media_dataset\data\media_dataset\frames\RealEstate10K_frames\images\train\00761c6dcec91853_000255.jpg,bedroom,00761c6dcec91853,255,8.509,640,360
train,d:\smartnest.ai\smartnest_media_dataset\data\media_dataset\frames\RealEstate10K_frames\images\train\0076aea772f3acc7_000000.jpg,kitchen,0076aea772f3acc7,0,0.000,1280,720
train,d:\smartnest.ai\smartnest_media_dataset\data\media_dataset\frames\RealEstate10K_frames\images\train\0076aea772f3acc7_000015.jpg,kitchen,0076aea772f3acc7,15,0.500,1280,720
train,d:\smartnest.ai\smartnest_media_dataset\data\media_dataset\frames\RealEstate10K_frames\images\train\0076aea772f3acc7_000030.jpg,kitchen,0076aea772f3acc7,30,1.001,1280,720
train,d:\smartnest.ai\smartnest_media_dataset\data\media_dataset\frames\RealEstate10K_frames\images\train\0076aea772f3acc7_000045.jpg,kitchen,0076aea772f3acc7,45,1.501,1280,720
train,d:\smartnest.ai\smartnest_media_dataset\data\media_dataset\frames\RealEstate10K_frames\images\train\0076aea772f3acc7_000060.jpg,kitchen,0076aea772f3acc7,60,2.002,1280,720
train,d:\smartnest.ai\smartnest_media_dataset\data\media_dataset\frames\RealEstate10K_frames\images\train\0076aea772f3acc7_000075.jpg,living,0076aea772f3acc7,75,2.502,1280,720
train,d:\smartnest.ai\smartnest_media_dataset\data\media_dataset\frames\RealEstate10K_frames\images\train\0076aea772f3acc7_000090.jpg,kitchen,0076aea772f3acc7,90,3.003,1280,720
train,d:\smartnest.ai\smartnest_media_dataset\data\media_dataset\frames\RealEstate10K_frames\images\train\0076aea772f3acc7_000105.jpg,kitchen,0076aea772f3acc7,105,3.503,1280,720
train,d:\smartnest.ai\smartnest_media_dataset\data\media_dataset\frames\RealEstate10K_frames\images\train\0076aea772f3acc7_000120.jpg,kitchen,0076aea772f3acc7,120,4.004,1280,720
train,d:\smartnest.ai\smartnest_media_dataset\data\media_dataset\frames\RealEstate10K_frames\images\train\0076aea772f3acc7_000135.jpg,bathroom,0076aea772f3acc7,135,4.504,1280,720
train,d:\smartnest.ai\smartnest_media_dataset\data\media_dataset\frames\RealEstate10K_frames\images\train\0076aea772f3acc7_000150.jpg,kitchen,0076aea772f3acc7,150,5.005,1280,720
train,d:\smartnest.ai\smartnest_media_dataset\data\media_dataset\frames\RealEstate10K_frames\images\train\0076aea772f3acc7_000165.jpg,kitchen,0076aea772f3acc7,165,5.505,1280,720
train,d:\smartnest.ai\smartnest_media_dataset\data\media_dataset\frames\RealEstate10K_frames\images\train\0076aea772f3acc7_000180.jpg,kitchen,0076aea772f3acc7,180,6.006,1280,720
train,d:\smartnest.ai\smartnest_media_dataset\data\media_dataset\frames\RealEstate10K_frames\images\train\0076aea772f3acc7_000195.jpg,kitchen,0076aea772f3acc7,195,6.506,1280,720
train,d:\smartnest.ai\smartnest_media_dataset\data\media_dataset\frames\RealEstate10K_frames\images\train\0076aea772f3acc7_000210.jpg,kitchen,0076aea772f3acc7,210,7.007,1280,720
train,d:\smartnest.ai\smartnest_media_dataset\data\media_dataset\frames\RealEstate10K_frames\images\train\0076aea772f3acc7_000225.jpg,bedroom,0076aea772f3acc7,225,7.507,1280,720
train,d:\smartnest.ai\smartnest_media_dataset\data\media_dataset\frames\RealEstate10K_frames\images\train\0076aea772f3acc7_000240.jpg,kitchen,0076aea772f3acc7,240,8.008,1280,720
train,d:\smartnest.ai\smartnest_media_dataset\data\media_dataset\frames\RealEstate10K_frames\images\train\0076aea772f3acc7_000255.jpg,bedroom,0076aea772f3acc7,255,8.508,1280,720
train,d:\smartnest.ai\smartnest_media_dataset\data\media_dataset\frames\RealEstate10K_frames\images\train\0076aea772f3acc7_000270.jpg,bedroom,0076aea772f3acc7,270,9.009,1280,720
train,d:\smartnest.ai\smartnest_media_dataset\data\media_dataset\frames\RealEstate10K_frames\images\train\0076aea772f3acc7_000285.jpg,bedroom,0076aea772f3acc7,285,9.509,1280,720
train,d:\smartnest.ai\smartnest_media_dataset\data\media_dataset\frames\RealEstate10K_frames\images\train\0076aea772f3acc7_000300.jpg,bedroom,0076aea772f3acc7,300,10.010,1280,720
train,d:\smartnest.ai\smartnest_media_dataset\data\media_dataset\frames\RealEstate10K_frames\images\train\0076aea772f3acc7_000315.jpg,bedroom,0076aea772f3acc7,315,10.510,1280,720
train,d:\smartnest.ai\smartnest_media_dataset\data\media_dataset\frames\RealEstate10K_frames\images\train\0076aea772f3acc7_000330.jpg,bedroom,0076aea772f3acc7,330,11.011,1280,720
train,d:\smartnest.ai\smartnest_media_dataset\data\media_dataset\frames\RealEstate10K_frames\images\train\0076aea772f3acc7_000345.jpg,bedroom,0076aea772f3acc7,345,11.511,1280,720
train,d:\smartnest.ai\smartnest_media_dataset\data\media_dataset\frames\RealEstate10K_frames\images\train\0076aea772f3acc7_000360.jpg,bedroom,0076aea772f3acc7,360,12.012,1280,720
train,d:\smartnest.ai\smartnest_media_dataset\data\media_dataset\frames\RealEstate10K_frames\images\train\0076aea772f3acc7_000375.jpg,bedroom,0076aea772f3acc7,375,12.512,1280,720
train,d:\smartnest.ai\smartnest_media_dataset\data\media_dataset\frames\RealEstate10K_frames\images\train\0076e0a94466efb1_000000.jpg,bedroom,0076e0a94466efb1,0,0.000,1280,720
train,d:\smartnest.ai\smartnest_media_dataset\data\media_dataset\frames\RealEstate10K_frames\images\train\0076e0a94466efb1_000015.jpg,bedroom,0076e0a94466efb1,15,0.500,1280,720
train,d:\smartnest.ai\smartnest_media_dataset\data\media_dataset\frames\RealEstate10K_frames\images\train\0076e0a94466efb1_000030.jpg,bedroom,0076e0a94466efb1,30,1.001,1280,720
train,d:\smartnest.ai\smartnest_media_dataset\data\media_dataset\frames\RealEstate10K_frames\images\train\0076e0a94466efb1_000045.jpg,bedroom,0076e0a94466efb1,45,1.501,1280,720
train,d:\smartnest.ai\smartnest_media_dataset\data\media_dataset\frames\RealEstate10K_frames\images\train\0076e0a94466efb1_000060.jpg,kitchen,0076e0a94466efb1,60,2.002,1280,720
train,d:\smartnest.ai\smartnest_media_dataset\data\media_dataset\frames\RealEstate10K_frames\images\train\0076e0a94466efb1_000075.jpg,bedroom,0076e0a94466efb1,75,2.502,1280,720
train,d:\smartnest.ai\smartnest_media_dataset\data\media_dataset\frames\RealEstate10K_frames\images\train\0076e0a94466efb1_000090.jpg,kitchen,0076e0a94466efb1,90,3.003,1280,720
train,d:\smartnest.ai\smartnest_media_dataset\data\media_dataset\frames\RealEstate10K_frames\images\train\0076e0a94466efb1_000105.jpg,kitchen,0076e0a94466efb1,105,3.503,1280,720
train,d:\smartnest.ai\smartnest_media_dataset\data\media_dataset\frames\RealEstate10K_frames\images\train\0076e0a94466efb1_000120.jpg,kitchen,0076e0a94466efb1,120,4.003,1280,720
train,d:\smartnest.ai\smartnest_media_dataset\data\media_dataset\frames\RealEstate10K_frames\images\train\0076e0a94466efb1_000135.jpg,kitchen,0076e0a94466efb1,135,4.504,1280,720
train,d:\smartnest.ai\smartnest_media_dataset\data\media_dataset\frames\RealEstate10K_frames\images\train\0076e0a94466efb1_000150.jpg,kitchen,0076e0a94466efb1,150,5.004,1280,720
train,d:\smartnest.ai\smartnest_media_dataset\data\media_dataset\frames\RealEstate10K_frames\images\train\007802ba570b907f_000000.jpg,balcony,007802ba570b907f,0,0.000,1280,720
train,d:\smartnest.ai\smartnest_media_dataset\data\media_dataset\frames\RealEstate10K_frames\images\train\007802ba570b907f_000015.jpg,balcony,007802ba570b907f,15,0.500,1280,720
train,d:\smartnest.ai\smartnest_media_dataset\data\media_dataset\frames\RealEstate10K_frames\images\train\007802ba570b907f_000030.jpg,balcony,007802ba570b907f,30,1.001,1280,720
train,d:\smartnest.ai\smartnest_media_dataset\data\media_dataset\frames\RealEstate10K_frames\images\train\007802ba570b907f_000045.jpg,balcony,007802ba570b907f,45,1.501,1280,720
train,d:\smartnest.ai\smartnest_media_dataset\data\media_dataset\frames\RealEstate10K_frames\images\train\007802ba570b907f_000060.jpg,balcony,007802ba570b907f,60,2.002,1280,720
train,d:\smartnest.ai\smartnest_media_dataset\data\media_dataset\frames\RealEstate10K_frames\images\train\007802ba570b907f_000075.jpg,balcony,007802ba570b907f,75,2.502,1280,720
train,d:\smartnest.ai\smartnest_media_dataset\data\media_dataset\frames\RealEstate10K_frames\images\train\007802ba570b907f_000090.jpg,balcony,007802ba570b907f,90,3.002,1280,720
train,d:\smartnest.ai\smartnest_media_dataset\data\media_dataset\frames\RealEstate10K_frames\images\train\007802ba570b907f_000105.jpg,balcony,007802ba570b907f,105,3.503,1280,720
train,d:\smartnest.ai\smartnest_media_dataset\data\media_dataset\frames\RealEstate10K_frames\images\train\007802ba570b907f_000120.jpg,bedroom,007802ba570b907f,120,4.003,1280,720
train,d:\smartnest.ai\smartnest_media_dataset\data\media_dataset\frames\RealEstate10K_frames\images\train\007802ba570b907f_000135.jpg,bedroom,007802ba570b907f,135,4.504,1280,720
train,d:\smartnest.ai\smartnest_media_dataset\data\media_dataset\frames\RealEstate10K_frames\images\train\007802ba570b907f_000150.jpg,bedroom,007802ba570b907f,150,5.004,1280,720
train,d:\smartnest.ai\smartnest_media_dataset\data\media_dataset\frames\RealEstate10K_frames\images\train\007802ba570b907f_000165.jpg,bedroom,007802ba570b907f,165,5.505,1280,720
train,d:\smartnest.ai\smartnest_media_dataset\data\media_dataset\frames\RealEstate10K_frames\images\train\007802ba570b907f_000180.jpg,bedroom,007802ba570b907f,180,6.005,1280,720
train,d:\smartnest.ai\smartnest_media_dataset\data\media_dataset\frames\RealEstate10K_frames\images\train\007802ba570b907f_000195.jpg,bedroom,007802ba570b907f,195,6.505,1280,720
train,d:\smartnest.ai\smartnest_media_dataset\data\media_dataset\frames\RealEstate10K_frames\images\train\007802ba570b907f_000210.jpg,bedroom,007802ba570b907f,210,7.006,1280,720
train,d:\smartnest.ai\smartnest_media_dataset\data\media_dataset\frames\RealEstate10K_frames\images\train\007802ba570b907f_000225.jpg,bedroom,007802ba570b907f,225,7.506,1280,720
train,d:\smartnest.ai\smartnest_media_dataset\data\media_dataset\frames\RealEstate10K_frames\images\train\007802ba570b907f_000240.jpg,bedroom,007802ba570b907f,240,8.007,1280,720
train,d:\smartnest.ai\smartnest_media_dataset\data\media_dataset\frames\RealEstate10K_frames\images\train\00792147e1d4d89f_000000.jpg,balcony,00792147e1d4d89f,0,0.000,1280,720
train,d:\smartnest.ai\smartnest_media_dataset\data\media_dataset\frames\RealEstate10K_frames\images\train\00792147e1d4d89f_000015.jpg,balcony,00792147e1d4d89f,15,0.500,1280,720
train,d:\smartnest.ai\smartnest_media_dataset\data\media_dataset\frames\RealEstate10K_frames\images\train\00792147e1d4d89f_000030.jpg,balcony,00792147e1d4d89f,30,1.001,1280,720
train,d:\smartnest.ai\smartnest_media_dataset\data\media_dataset\frames\RealEstate10K_frames\images\train\00792147e1d4d89f_000045.jpg,balcony,00792147e1d4d89f,45,1.501,1280,720
train,d:\smartnest.ai\smartnest_media_dataset\data\media_dataset\frames\RealEstate10K_frames\images\train\00792147e1d4d89f_000060.jpg,balcony,00792147e1d4d89f,60,2.002,1280,720
train,d:\smartnest.ai\smartnest_media_dataset\data\media_dataset\frames\RealEstate10K_frames\images\train\00792147e1d4d89f_000075.jpg,balcony,00792147e1d4d89f,75,2.502,1280,720
train,d:\smartnest.ai\smartnest_media_dataset\data\media_dataset\frames\RealEstate10K_frames\images\train\00792147e1d4d89f_000090.jpg,balcony,00792147e1d4d89f,90,3.002,1280,720
val,d:\smartnest.ai\smartnest_media_dataset\data\media_dataset\frames\RealEstate10K_frames\images\val\00793a8a3b268d7c_000000.jpg,bathroom,00793a8a3b268d7c,0,0.000,1280,720
val,d:\smartnest.ai\smartnest_media_dataset\data\media_dataset\frames\RealEstate10K_frames\images\val\00793a8a3b268d7c_000015.jpg,bathroom,00793a8a3b268d7c,15,0.500,1280,720
val,d:\smartnest.ai\smartnest_media_dataset\data\media_dataset\frames\RealEstate10K_frames\images\val\00793a8a3b268d7c_000030.jpg,bathroom,00793a8a3b268d7c,30,1.001,1280,720
val,d:\smartnest.ai\smartnest_media_dataset\data\media_dataset\frames\RealEstate10K_frames\images\val\00793a8a3b268d7c_000045.jpg,bathroom,00793a8a3b268d7c,45,1.501,1280,720
val,d:\smartnest.ai\smartnest_media_dataset\data\media_dataset\frames\RealEstate10K_frames\images\val\00793a8a3b268d7c_000060.jpg,bathroom,00793a8a3b268d7c,60,2.002,1280,720
val,d:\smartnest.ai\smartnest_media_dataset\data\media_dataset\frames\RealEstate10K_frames\images\val\00793a8a3b268d7c_000075.jpg,bathroom,00793a8a3b268d7c,75,2.502,1280,720
val,d:\smartnest.ai\smartnest_media_dataset\data\media_dataset\frames\RealEstate10K_frames\images\val\00793a8a3b268d7c_000090.jpg,bathroom,00793a8a3b268d7c,90,3.002,1280,720
val,d:\smartnest.ai\smartnest_media_dataset\data\media_dataset\frames\RealEstate10K_frames\images\val\00793a8a3b268d7c_000105.jpg,bathroom,00793a8a3b268d7c,105,3.503,1280,720
val,d:\smartnest.ai\smartnest_media_dataset\data\media_dataset\frames\RealEstate10K_frames\images\val\00793a8a3b268d7c_000120.jpg,bathroom,00793a8a3b268d7c,120,4.003,1280,720
train,d:\smartnest.ai\smartnest_media_dataset\data\media_dataset\frames\RealEstate10K_frames\images\train\007ac6cef80a692c_000000.jpg,bedroom,007ac6cef80a692c,0,0.000,1280,720
train,d:\smartnest.ai\smartnest_media_dataset\data\media_dataset\frames\RealEstate10K_frames\images\train\007ac6cef80a692c_000015.jpg,bedroom,007ac6cef80a692c,15,0.500,1280,720
train,d:\smartnest.ai\smartnest_media_dataset\data\media_dataset\frames\RealEstate10K_frames\images\train\007ac6cef80a692c_000030.jpg,bedroom,007ac6cef80a692c,30,1.001,1280,720
train,d:\smartnest.ai\smartnest_media_dataset\data\media_dataset\frames\RealEstate10K_frames\images\train\007ac6cef80a692c_000045.jpg,bedroom,007ac6cef80a692c,45,1.501,1280,720
train,d:\smartnest.ai\smartnest_media_dataset\data\media_dataset\frames\RealEstate10K_frames\images\train\007ac6cef80a692c_000060.jpg,bedroom,007ac6cef80a692c,60,2.002,1280,720
train,d:\smartnest.ai\smartnest_media_dataset\data\media_dataset\frames\RealEstate10K_frames\images\train\007ac6cef80a692c_000075.jpg,bedroom,007ac6cef80a692c,75,2.502,1280,720
train,d:\smartnest.ai\smartnest_media_dataset\data\media_dataset\frames\RealEstate10K_frames\images\train\007ac6cef80a692c_000090.jpg,bedroom,007ac6cef80a692c,90,3.003,1280,720
train,d:\smartnest.ai\smartnest_media_dataset\data\media_dataset\frames\RealEstate10K_frames\images\train\007ac6cef80a692c_000105.jpg,kitchen,007ac6cef80a692c,105,3.503,1280,720
train,d:\smartnest.ai\smartnest_media_dataset\data\media_dataset\frames\RealEstate10K_frames\images\train\007ac6cef80a692c_000120.jpg,kitchen,007ac6cef80a692c,120,4.004,1280,720
train,d:\smartnest.ai\smartnest_media_dataset\data\media_dataset\frames\RealEstate10K_frames\images\train\007ac6cef80a692c_000135.jpg,kitchen,007ac6cef80a692c,135,4.504,1280,720
train,d:\smartnest.ai\smartnest_media_dataset\data\media_dataset\frames\RealEstate10K_frames\images\train\007ac6cef80a692c_000150.jpg,kitchen,007ac6cef80a692c,150,5.005,1280,720
train,d:\smartnest.ai\smartnest_media_dataset\data\media_dataset\frames\RealEstate10K_frames\images\train\007ac6cef80a692c_000165.jpg,kitchen,007ac6cef80a692c,165,5.505,1280,720
train,d:\smartnest.ai\smartnest_media_dataset\data\media_dataset\frames\RealEstate10K_frames\images\train\007ac6cef80a692c_000180.jpg,kitchen,007ac6cef80a692c,180,6.005,1280,720
train,d:\smartnest.ai\smartnest_media_dataset\data\media_dataset\frames\RealEstate10K_frames\images\train\007ac6cef80a692c_000195.jpg,kitchen,007ac6cef80a692c,195,6.506,1280,720
train,d:\smartnest.ai\smartnest_media_dataset\data\media_dataset\frames\RealEstate10K_frames\images\train\007ac6cef80a692c_000210.jpg,kitchen,007ac6cef80a692c,210,7.006,1280,720
train,d:\smartnest.ai\smartnest_media_dataset\data\media_dataset\frames\RealEstate10K_frames\images\train\007ac6cef80a692c_000225.jpg,kitchen,007ac6cef80a692c,225,7.507,1280,720
train,d:\smartnest.ai\smartnest_media_dataset\data\media_dataset\frames\RealEstate10K_frames\images\train\007ac6cef80a692c_000240.jpg,kitchen,007ac6cef80a692c,240,8.007,1280,720
train,d:\smartnest.ai\smartnest_media_dataset\data\media_dataset\frames\RealEstate10K_frames\images\train\007ac6cef80a692c_000255.jpg,kitchen,007ac6cef80a692c,255,8.508,1280,720
train,d:\smartnest.ai\smartnest_media_dataset\data\media_dataset\frames\RealEstate10K_frames\images\train\007ac6cef80a692c_000270.jpg,kitchen,007ac6cef80a692c,270,9.008,1280,720
train,d:\smartnest.ai\smartnest_media_dataset\data\media_dataset\frames\RealEstate10K_frames\images\train\007bd32591b43f68_000000.jpg,kitchen,007bd32591b43f68,0,0.000,1280,720
train,d:\smartnest.ai\smartnest_media_dataset\data\media_dataset\frames\RealEstate10K_frames\images\train\007bd32591b43f68_000030.jpg,kitchen,007bd32591b43f68,30,0.500,1280,720
train,d:\smartnest.ai\smartnest_media_dataset\data\media_dataset\frames\RealEstate10K_frames\images\train\007bd32591b43f68_000060.jpg,kitchen,007bd32591b43f68,60,0.999,1280,720
train,d:\smartnest.ai\smartnest_media_dataset\data\media_dataset\frames\RealEstate10K_frames\images\train\007bd32591b43f68_000090.jpg,kitchen,007bd32591b43f68,90,1.499,1280,720
train,d:\smartnest.ai\smartnest_media_dataset\data\media_dataset\frames\RealEstate10K_frames\images\train\007bd32591b43f68_000120.jpg,kitchen,007bd32591b43f68,120,1.998,1280,720
train,d:\smartnest.ai\smartnest_media_dataset\data\media_dataset\frames\RealEstate10K_frames\images\train\007bd32591b43f68_000150.jpg,kitchen,007bd32591b43f68,150,2.498,1280,720
train,d:\smartnest.ai\smartnest_media_dataset\data\media_dataset\frames\RealEstate10K_frames\images\train\007bd32591b43f68_000180.jpg,kitchen,007bd32591b43f68,180,2.997,1280,720
train,d:\smartnest.ai\smartnest_media_dataset\data\media_dataset\frames\RealEstate10K_frames\images\train\007bd32591b43f68_000210.jpg,kitchen,007bd32591b43f68,210,3.497,1280,720
train,d:\smartnest.ai\smartnest_media_dataset\data\media_dataset\frames\RealEstate10K_frames\images\train\007bd32591b43f68_000240.jpg,kitchen,007bd32591b43f68,240,3.996,1280,720
train,d:\smartnest.ai\smartnest_media_dataset\data\media_dataset\frames\RealEstate10K_frames\images\train\007bd32591b43f68_000270.jpg,kitchen,007bd32591b43f68,270,4.496,1280,720
train,d:\smartnest.ai\smartnest_media_dataset\data\media_dataset\frames\RealEstate10K_frames\images\train\007bd32591b43f68_000300.jpg,kitchen,007bd32591b43f68,300,4.995,1280,720
train,d:\smartnest.ai\smartnest_media_dataset\data\media_dataset\frames\RealEstate10K_frames\images\train\007bd32591b43f68_000330.jpg,kitchen,007bd32591b43f68,330,5.495,1280,720
train,d:\smartnest.ai\smartnest_media_dataset\data\media_dataset\frames\RealEstate10K_frames\images\train\007bd32591b43f68_000360.jpg,kitchen,007bd32591b43f68,360,5.994,1280,720
train,d:\smartnest.ai\smartnest_media_dataset\data\media_dataset\frames\RealEstate10K_frames\images\train\007bd32591b43f68_000390.jpg,kitchen,007bd32591b43f68,390,6.494,1280,720
train,d:\smartnest.ai\smartnest_media_dataset\data\media_dataset\frames\RealEstate10K_frames\images\train\007bd32591b43f68_000420.jpg,kitchen,007bd32591b43f68,420,6.993,1280,720
train,d:\smartnest.ai\smartnest_media_dataset\data\media_dataset\frames\RealEstate10K_frames\images\train\007bd32591b43f68_000450.jpg,kitchen,007bd32591b43f68,450,7.493,1280,720
train,d:\smartnest.ai\smartnest_media_dataset\data\media_dataset\frames\RealEstate10K_frames\images\train\007bd32591b43f68_000480.jpg,kitchen,007bd32591b43f68,480,7.992,1280,720
train,d:\smartnest.ai\smartnest_media_dataset\data\media_dataset\frames\RealEstate10K_frames\images\train\007bd32591b43f68_000510.jpg,kitchen,007bd32591b43f68,510,8.492,1280,720
train,d:\smartnest.ai\smartnest_media_dataset\data\media_dataset\frames\RealEstate10K_frames\images\train\007d0bb3766407e4_000000.jpg,bedroom,007d0bb3766407e4,0,0.000,1280,720
train,d:\smartnest.ai\smartnest_media_dataset\data\media_dataset\frames\RealEstate10K_frames\images\train\007d0bb3766407e4_000012.jpg,bedroom,007d0bb3766407e4,12,0.500,1280,720
train,d:\smartnest.ai\smartnest_media_dataset\data\media_dataset\frames\RealEstate10K_frames\images\train\007d91ee3338229d_000000.jpg,living,007d91ee3338229d,0,0.000,1280,720
train,d:\smartnest.ai\smartnest_media_dataset\data\media_dataset\frames\RealEstate10K_frames\images\train\007d91ee3338229d_000012.jpg,living,007d91ee3338229d,12,0.500,1280,720
train,d:\smartnest.ai\smartnest_media_dataset\data\media_dataset\frames\RealEstate10K_frames\images\train\007d91ee3338229d_000024.jpg,living,007d91ee3338229d,24,1.001,1280,720
train,d:\smartnest.ai\smartnest_media_dataset\data\media_dataset\frames\RealEstate10K_frames\images\train\007d91ee3338229d_000036.jpg,balcony,007d91ee3338229d,36,1.501,1280,720
train,d:\smartnest.ai\smartnest_media_dataset\data\media_dataset\frames\RealEstate10K_frames\images\train\007d91ee3338229d_000048.jpg,living,007d91ee3338229d,48,2.002,1280,720
train,d:\smartnest.ai\smartnest_media_dataset\data\media_dataset\frames\RealEstate10K_frames\images\train\007d91ee3338229d_000060.jpg,living,007d91ee3338229d,60,2.502,1280,720
train,d:\smartnest.ai\smartnest_media_dataset\data\media_dataset\frames\RealEstate10K_frames\images\train\007d91ee3338229d_000072.jpg,living,007d91ee3338229d,72,3.003,1280,720
train,d:\smartnest.ai\smartnest_media_dataset\data\media_dataset\frames\RealEstate10K_frames\images\train\007d91ee3338229d_000084.jpg,living,007d91ee3338229d,84,3.503,1280,720
train,d:\smartnest.ai\smartnest_media_dataset\data\media_dataset\frames\RealEstate10K_frames\images\train\007d91ee3338229d_000096.jpg,living,007d91ee3338229d,96,4.004,1280,720
train,d:\smartnest.ai\smartnest_media_dataset\data\media_dataset\frames\RealEstate10K_frames\images\train\007facf53bb75921_000000.jpg,kitchen,007facf53bb75921,0,0.000,1280,720
train,d:\smartnest.ai\smartnest_media_dataset\data\media_dataset\frames\RealEstate10K_frames\images\train\007facf53bb75921_000012.jpg,kitchen,007facf53bb75921,12,0.500,1280,720
train,d:\smartnest.ai\smartnest_media_dataset\data\media_dataset\frames\RealEstate10K_frames\images\train\007facf53bb75921_000024.jpg,balcony,007facf53bb75921,24,1.001,1280,720
train,d:\smartnest.ai\smartnest_media_dataset\data\media_dataset\frames\RealEstate10K_frames\images\train\007facf53bb75921_000036.jpg,balcony,007facf53bb75921,36,1.501,1280,720
train,d:\smartnest.ai\smartnest_media_dataset\data\media_dataset\frames\RealEstate10K_frames\images\train\007facf53bb75921_000048.jpg,balcony,007facf53bb75921,48,2.002,1280,720
train,d:\smartnest.ai\smartnest_media_dataset\data\media_dataset\frames\RealEstate10K_frames\images\train\007facf53bb75921_000060.jpg,balcony,007facf53bb75921,60,2.502,1280,720
train,d:\smartnest.ai\smartnest_media_dataset\data\media_dataset\frames\RealEstate10K_frames\images\train\007facf53bb75921_000072.jpg,balcony,007facf53bb75921,72,3.003,1280,720
train,d:\smartnest.ai\smartnest_media_dataset\data\media_dataset\frames\RealEstate10K_frames\images\train\007facf53bb75921_000084.jpg,balcony,007facf53bb75921,84,3.503,1280,720
train,d:\smartnest.ai\smartnest_media_dataset\data\media_dataset\frames\RealEstate10K_frames\images\train\007facf53bb75921_000096.jpg,balcony,007facf53bb75921,96,4.004,1280,720
train,d:\smartnest.ai\smartnest_media_dataset\data\media_dataset\frames\RealEstate10K_frames\images\train\007facf53bb75921_000108.jpg,balcony,007facf53bb75921,108,4.504,1280,720
train,d:\smartnest.ai\smartnest_media_dataset\data\media_dataset\frames\RealEstate10K_frames\images\train\007facf53bb75921_000120.jpg,balcony,007facf53bb75921,120,5.005,1280,720
train,d:\smartnest.ai\smartnest_media_dataset\data\media_dataset\frames\RealEstate10K_frames\images\train\0081cfd790d7ad74_000000.jpg,bedroom,0081cfd790d7ad74,0,0.000,1280,720
train,d:\smartnest.ai\smartnest_media_dataset\data\media_dataset\frames\RealEstate10K_frames\images\train\0081cfd790d7ad74_000012.jpg,bedroom,0081cfd790d7ad74,12,0.500,1280,720
train,d:\smartnest.ai\smartnest_media_dataset\data\media_dataset\frames\RealEstate10K_frames\images\train\0081cfd790d7ad74_000024.jpg,bedroom,0081cfd790d7ad74,24,1.001,1280,720
train,d:\smartnest.ai\smartnest_media_dataset\data\media_dataset\frames\RealEstate10K_frames\images\train\0081cfd790d7ad74_000036.jpg,bedroom,0081cfd790d7ad74,36,1.501,1280,720
train,d:\smartnest.ai\smartnest_media_dataset\data\media_dataset\frames\RealEstate10K_frames\images\train\0081cfd790d7ad74_000048.jpg,bedroom,0081cfd790d7ad74,48,2.002,1280,720
train,d:\smartnest.ai\smartnest_media_dataset\data\media_dataset\frames\RealEstate10K_frames\images\train\0081cfd790d7ad74_000060.jpg,bedroom,0081cfd790d7ad74,60,2.502,1280,720
train,d:\smartnest.ai\smartnest_media_dataset\data\media_dataset\frames\RealEstate10K_frames\images\train\0081cfd790d7ad74_000072.jpg,bedroom,0081cfd790d7ad74,72,3.003,1280,720
train,d:\smartnest.ai\smartnest_media_dataset\data\media_dataset\frames\RealEstate10K_frames\images\train\0081cfd790d7ad74_000084.jpg,bedroom,0081cfd790d7ad74,84,3.503,1280,720
train,d:\smartnest.ai\smartnest_media_dataset\data\media_dataset\frames\RealEstate10K_frames\images\train\0081cfd790d7ad74_000096.jpg,bedroom,0081cfd790d7ad74,96,4.004,1280,720
train,d:\smartnest.ai\smartnest_media_dataset\data\media_dataset\frames\RealEstate10K_frames\images\train\0081cfd790d7ad74_000108.jpg,bedroom,0081cfd790d7ad74,108,4.504,1280,720
train,d:\smartnest.ai\smartnest_media_dataset\data\media_dataset\frames\RealEstate10K_frames\images\train\0081cfd790d7ad74_000120.jpg,bedroom,0081cfd790d7ad74,120,5.005,1280,720
train,d:\smartnest.ai\smartnest_media_dataset\data\media_dataset\frames\RealEstate10K_frames\images\train\0081cfd790d7ad74_000132.jpg,bedroom,0081cfd790d7ad74,132,5.505,1280,720
train,d:\smartnest.ai\smartnest_media_dataset\data\media_dataset\frames\RealEstate10K_frames\images\train\0081cfd790d7ad74_000144.jpg,bedroom,0081cfd790d7ad74,144,6.006,1280,720
train,d:\smartnest.ai\smartnest_media_dataset\data\media_dataset\frames\RealEstate10K_frames\images\train\0081cfd790d7ad74_000156.jpg,bedroom,0081cfd790d7ad74,156,6.506,1280,720
train,d:\smartnest.ai\smartnest_media_dataset\data\media_dataset\frames\RealEstate10K_frames\images\train\0081cfd790d7ad74_000168.jpg,bedroom,0081cfd790d7ad74,168,7.007,1280,720
train,d:\smartnest.ai\smartnest_media_dataset\data\media_dataset\frames\RealEstate10K_frames\images\train\0081cfd790d7ad74_000180.jpg,bedroom,0081cfd790d7ad74,180,7.507,1280,720
train,d:\smartnest.ai\smartnest_media_dataset\data\media_dataset\frames\RealEstate10K_frames\images\train\0081cfd790d7ad74_000192.jpg,bedroom,0081cfd790d7ad74,192,8.008,1280,720
train,d:\smartnest.ai\smartnest_media_dataset\data\media_dataset\frames\RealEstate10K_frames\images\train\0081dc6b188fefe7_000000.jpg,balcony,0081dc6b188fefe7,0,0.000,1280,720
train,d:\smartnest.ai\smartnest_media_dataset\data\media_dataset\frames\RealEstate10K_frames\images\train\0081dc6b188fefe7_000015.jpg,balcony,0081dc6b188fefe7,15,0.500,1280,720
train,d:\smartnest.ai\smartnest_media_dataset\data\media_dataset\frames\RealEstate10K_frames\images\train\0081dc6b188fefe7_000030.jpg,balcony,0081dc6b188fefe7,30,1.001,1280,720
train,d:\smartnest.ai\smartnest_media_dataset\data\media_dataset\frames\RealEstate10K_frames\images\train\0081dc6b188fefe7_000045.jpg,balcony,0081dc6b188fefe7,45,1.501,1280,720
train,d:\smartnest.ai\smartnest_media_dataset\data\media_dataset\frames\RealEstate10K_frames\images\train\0081dc6b188fefe7_000060.jpg,balcony,0081dc6b188fefe7,60,2.002,1280,720
train,d:\smartnest.ai\smartnest_media_dataset\data\media_dataset\frames\RealEstate10K_frames\images\train\0081dc6b188fefe7_000075.jpg,balcony,0081dc6b188fefe7,75,2.502,1280,720
train,d:\smartnest.ai\smartnest_media_dataset\data\media_dataset\frames\RealEstate10K_frames\images\train\0081dc6b188fefe7_000090.jpg,balcony,0081dc6b188fefe7,90,3.003,1280,720
train,d:\smartnest.ai\smartnest_media_dataset\data\media_dataset\frames\RealEstate10K_frames\images\train\0081dc6b188fefe7_000105.jpg,balcony,0081dc6b188fefe7,105,3.503,1280,720
train,d:\smartnest.ai\smartnest_media_dataset\data\media_dataset\frames\RealEstate10K_frames\images\train\0081dc6b188fefe7_000120.jpg,balcony,0081dc6b188fefe7,120,4.003,1280,720
train,d:\smartnest.ai\smartnest_media_dataset\data\media_dataset\frames\RealEstate10K_frames\images\train\0081dc6b188fefe7_000135.jpg,bedroom,0081dc6b188fefe7,135,4.504,1280,720
train,d:\smartnest.ai\smartnest_media_dataset\data\media_dataset\frames\RealEstate10K_frames\images\train\0081dc6b188fefe7_000150.jpg,bedroom,0081dc6b188fefe7,150,5.004,1280,720
train,d:\smartnest.ai\smartnest_media_dataset\data\media_dataset\frames\RealEstate10K_frames\images\train\0081dc6b188fefe7_000165.jpg,bedroom,0081dc6b188fefe7,165,5.505,1280,720
train,d:\smartnest.ai\smartnest_media_dataset\data\media_dataset\frames\RealEstate10K_frames\images\train\0081dc6b188fefe7_000180.jpg,bedroom,0081dc6b188fefe7,180,6.005,1280,720
train,d:\smartnest.ai\smartnest_media_dataset\data\media_dataset\frames\RealEstate10K_frames\images\train\0081dc6b188fefe7_000195.jpg,bedroom,0081dc6b188fefe7,195,6.506,1280,720
train,d:\smartnest.ai\smartnest_media_dataset\data\media_dataset\frames\RealEstate10K_frames\images\train\0081dc6b188fefe7_000210.jpg,bedroom,0081dc6b188fefe7,210,7.006,1280,720
train,d:\smartnest.ai\smartnest_media_dataset\data\media_dataset\frames\RealEstate10K_frames\images\train\0081dc6b188fefe7_000225.jpg,bedroom,0081dc6b188fefe7,225,7.506,1280,720
train,d:\smartnest.ai\smartnest_media_dataset\data\media_dataset\frames\RealEstate10K_frames\images\train\0081dc6b188fefe7_000240.jpg,bedroom,0081dc6b188fefe7,240,8.007,1280,720
train,d:\smartnest.ai\smartnest_media_dataset\data\media_dataset\frames\RealEstate10K_frames\images\train\0082221897dbdc56_000000.jpg,living,0082221897dbdc56,0,0.000,1280,720
train,d:\smartnest.ai\smartnest_media_dataset\data\media_dataset\frames\RealEstate10K_frames\images\train\0082221897dbdc56_000015.jpg,living,0082221897dbdc56,15,0.500,1280,720
train,d:\smartnest.ai\smartnest_media_dataset\data\media_dataset\frames\RealEstate10K_frames\images\train\0082221897dbdc56_000030.jpg,living,0082221897dbdc56,30,1.001,1280,720
train,d:\smartnest.ai\smartnest_media_dataset\data\media_dataset\frames\RealEstate10K_frames\images\train\0082221897dbdc56_000045.jpg,living,0082221897dbdc56,45,1.501,1280,720
train,d:\smartnest.ai\smartnest_media_dataset\data\media_dataset\frames\RealEstate10K_frames\images\train\0082221897dbdc56_000060.jpg,living,0082221897dbdc56,60,2.002,1280,720
train,d:\smartnest.ai\smartnest_media_dataset\data\media_dataset\frames\RealEstate10K_frames\images\train\0082221897dbdc56_000075.jpg,living,0082221897dbdc56,75,2.502,1280,720
train,d:\smartnest.ai\smartnest_media_dataset\data\media_dataset\frames\RealEstate10K_frames\images\train\0082221897dbdc56_000090.jpg,living,0082221897dbdc56,90,3.003,1280,720
train,d:\smartnest.ai\smartnest_media_dataset\data\media_dataset\frames\RealEstate10K_frames\images\train\0082221897dbdc56_000105.jpg,living,0082221897dbdc56,105,3.503,1280,720
train,d:\smartnest.ai\smartnest_media_dataset\data\media_dataset\frames\RealEstate10K_frames\images\train\0082221897dbdc56_000120.jpg,balcony,0082221897dbdc56,120,4.004,1280,720
train,d:\smartnest.ai\smartnest_media_dataset\data\media_dataset\frames\RealEstate10K_frames\images\train\0082221897dbdc56_000135.jpg,balcony,0082221897dbdc56,135,4.504,1280,720
train,d:\smartnest.ai\smartnest_media_dataset\data\media_dataset\frames\RealEstate10K_frames\images\train\0082221897dbdc56_000150.jpg,living,0082221897dbdc56,150,5.005,1280,720
train,d:\smartnest.ai\smartnest_media_dataset\data\media_dataset\frames\RealEstate10K_frames\images\train\0082221897dbdc56_000165.jpg,balcony,0082221897dbdc56,165,5.505,1280,720
train,d:\smartnest.ai\smartnest_media_dataset\data\media_dataset\frames\RealEstate10K_frames\images\train\0082221897dbdc56_000180.jpg,balcony,0082221897dbdc56,180,6.006,1280,720
train,d:\smartnest.ai\smartnest_media_dataset\data\media_dataset\frames\RealEstate10K_frames\images\train\0082221897dbdc56_000195.jpg,balcony,0082221897dbdc56,195,6.506,1280,720
train,d:\smartnest.ai\smartnest_media_dataset\data\media_dataset\frames\RealEstate10K_frames\images\train\0082221897dbdc56_000210.jpg,balcony,0082221897dbdc56,210,7.006,1280,720
train,d:\smartnest.ai\smartnest_media_dataset\data\media_dataset\frames\RealEstate10K_frames\images\train\0082221897dbdc56_000225.jpg,balcony,0082221897dbdc56,225,7.507,1280,720
train,d:\smartnest.ai\smartnest_media_dataset\data\media_dataset\frames\RealEstate10K_frames\images\train\0082221897dbdc56_000240.jpg,balcony,0082221897dbdc56,240,8.007,1280,720
train,d:\smartnest.ai\smartnest_media_dataset\data\media_dataset\frames\RealEstate10K_frames\images\train\0082221897dbdc56_000255.jpg,balcony,0082221897dbdc56,255,8.508,1280,720
train,d:\smartnest.ai\smartnest_media_dataset\data\media_dataset\frames\RealEstate10K_frames\images\train\0082221897dbdc56_000270.jpg,balcony,0082221897dbdc56,270,9.008,1280,720
train,d:\smartnest.ai\smartnest_media_dataset\data\media_dataset\frames\RealEstate10K_frames\images\train\00830d5bb7464fab_000000.jpg,bedroom,00830d5bb7464fab,0,0.000,1280,720
train,d:\smartnest.ai\smartnest_media_dataset\data\media_dataset\frames\RealEstate10K_frames\images\train\00830d5bb7464fab_000030.jpg,bedroom,00830d5bb7464fab,30,0.498,1280,720
train,d:\smartnest.ai\smartnest_media_dataset\data\media_dataset\frames\RealEstate10K_frames\images\train\00830d5bb7464fab_000060.jpg,bedroom,00830d5bb7464fab,60,0.996,1280,720
train,d:\smartnest.ai\smartnest_media_dataset\data\media_dataset\frames\RealEstate10K_frames\images\train\00830d5bb7464fab_000090.jpg,bedroom,00830d5bb7464fab,90,1.494,1280,720
train,d:\smartnest.ai\smartnest_media_dataset\data\media_dataset\frames\RealEstate10K_frames\images\train\00830d5bb7464fab_000120.jpg,bedroom,00830d5bb7464fab,120,1.991,1280,720
train,d:\smartnest.ai\smartnest_media_dataset\data\media_dataset\frames\RealEstate10K_frames\images\train\00830d5bb7464fab_000150.jpg,bedroom,00830d5bb7464fab,150,2.489,1280,720
train,d:\smartnest.ai\smartnest_media_dataset\data\media_dataset\frames\RealEstate10K_frames\images\train\00830d5bb7464fab_000180.jpg,bedroom,00830d5bb7464fab,180,2.987,1280,720
train,d:\smartnest.ai\smartnest_media_dataset\data\media_dataset\frames\RealEstate10K_frames\images\train\0083e7de502c19b2_000000.jpg,bedroom,0083e7de502c19b2,0,0.000,1280,720
train,d:\smartnest.ai\smartnest_media_dataset\data\media_dataset\frames\RealEstate10K_frames\images\train\0083e7de502c19b2_000030.jpg,bedroom,0083e7de502c19b2,30,0.499,1280,720
train,d:\smartnest.ai\smartnest_media_dataset\data\media_dataset\frames\RealEstate10K_frames\images\train\0083e7de502c19b2_000060.jpg,bedroom,0083e7de502c19b2,60,0.999,1280,720
train,d:\smartnest.ai\smartnest_media_dataset\data\media_dataset\frames\RealEstate10K_frames\images\train\0083e7de502c19b2_000090.jpg,bedroom,0083e7de502c19b2,90,1.498,1280,720
train,d:\smartnest.ai\smartnest_media_dataset\data\media_dataset\frames\RealEstate10K_frames\images\train\0083e7de502c19b2_000120.jpg,bedroom,0083e7de502c19b2,120,1.998,1280,720
train,d:\smartnest.ai\smartnest_media_dataset\data\media_dataset\frames\RealEstate10K_frames\images\train\0083e7de502c19b2_000150.jpg,bedroom,0083e7de502c19b2,150,2.497,1280,720
train,d:\smartnest.ai\smartnest_media_dataset\data\media_dataset\frames\RealEstate10K_frames\images\train\0083e7de502c19b2_000180.jpg,bedroom,0083e7de502c19b2,180,2.997,1280,720
train,d:\smartnest.ai\smartnest_media_dataset\data\media_dataset\frames\RealEstate10K_frames\images\train\0083e7de502c19b2_000210.jpg,bedroom,0083e7de502c19b2,210,3.496,1280,720
train,d:\smartnest.ai\smartnest_media_dataset\data\media_dataset\frames\RealEstate10K_frames\images\train\0083e7de502c19b2_000240.jpg,bedroom,0083e7de502c19b2,240,3.996,1280,720
train,d:\smartnest.ai\smartnest_media_dataset\data\media_dataset\frames\RealEstate10K_frames\images\train\0083e7de502c19b2_000270.jpg,bedroom,0083e7de502c19b2,270,4.495,1280,720
train,d:\smartnest.ai\smartnest_media_dataset\data\media_dataset\frames\RealEstate10K_frames\images\train\0083e7de502c19b2_000300.jpg,bedroom,0083e7de502c19b2,300,4.995,1280,720
train,d:\smartnest.ai\smartnest_media_dataset\data\media_dataset\frames\RealEstate10K_frames\images\train\0083e7de502c19b2_000330.jpg,bedroom,0083e7de502c19b2,330,5.494,1280,720
train,d:\smartnest.ai\smartnest_media_dataset\data\media_dataset\frames\RealEstate10K_frames\images\train\0083e7de502c19b2_000360.jpg,bedroom,0083e7de502c19b2,360,5.994,1280,720
train,d:\smartnest.ai\smartnest_media_dataset\data\media_dataset\frames\RealEstate10K_frames\images\train\0083e7de502c19b2_000390.jpg,bedroom,0083e7de502c19b2,390,6.493,1280,720
train,d:\smartnest.ai\smartnest_media_dataset\data\media_dataset\frames\RealEstate10K_frames\images\train\0083e7de502c19b2_000420.jpg,bedroom,0083e7de502c19b2,420,6.993,1280,720
train,d:\smartnest.ai\smartnest_media_dataset\data\media_dataset\frames\RealEstate10K_frames\images\train\0083e7de502c19b2_000450.jpg,bedroom,0083e7de502c19b2,450,7.492,1280,720
train,d:\smartnest.ai\smartnest_media_dataset\data\media_dataset\frames\RealEstate10K_frames\images\train\0083e7de502c19b2_000480.jpg,bedroom,0083e7de502c19b2,480,7.992,1280,720
train,d:\smartnest.ai\smartnest_media_dataset\data\media_dataset\frames\RealEstate10K_frames\images\train\0083e7de502c19b2_000510.jpg,bedroom,0083e7de502c19b2,510,8.491,1280,720
train,d:\smartnest.ai\smartnest_media_dataset\data\media_dataset\frames\RealEstate10K_frames\images\train\0084ddd7d28d90ee_000000.jpg,bedroom,0084ddd7d28d90ee,0,0.000,1280,720
train,d:\smartnest.ai\smartnest_media_dataset\data\media_dataset\frames\RealEstate10K_frames\images\train\0084ddd7d28d90ee_000030.jpg,bedroom,0084ddd7d28d90ee,30,0.500,1280,720
train,d:\smartnest.ai\smartnest_media_dataset\data\media_dataset\frames\RealEstate10K_frames\images\train\0084ddd7d28d90ee_000060.jpg,bedroom,0084ddd7d28d90ee,60,1.001,1280,720
train,d:\smartnest.ai\smartnest_media_dataset\data\media_dataset\frames\RealEstate10K_frames\images\train\0084ddd7d28d90ee_000090.jpg,bathroom,0084ddd7d28d90ee,90,1.501,1280,720
train,d:\smartnest.ai\smartnest_media_dataset\data\media_dataset\frames\RealEstate10K_frames\images\train\0084ddd7d28d90ee_000120.jpg,bathroom,0084ddd7d28d90ee,120,2.002,1280,720
train,d:\smartnest.ai\smartnest_media_dataset\data\media_dataset\frames\RealEstate10K_frames\images\train\0084ddd7d28d90ee_000150.jpg,bathroom,0084ddd7d28d90ee,150,2.502,1280,720
train,d:\smartnest.ai\smartnest_media_dataset\data\media_dataset\frames\RealEstate10K_frames\images\train\0084ddd7d28d90ee_000180.jpg,bathroom,0084ddd7d28d90ee,180,3.003,1280,720
train,d:\smartnest.ai\smartnest_media_dataset\data\media_dataset\frames\RealEstate10K_frames\images\train\0084ddd7d28d90ee_000210.jpg,bathroom,0084ddd7d28d90ee,210,3.503,1280,720
train,d:\smartnest.ai\smartnest_media_dataset\data\media_dataset\frames\RealEstate10K_frames\images\train\0084ddd7d28d90ee_000240.jpg,bathroom,0084ddd7d28d90ee,240,4.004,1280,720
train,d:\smartnest.ai\smartnest_media_dataset\data\media_dataset\frames\RealEstate10K_frames\images\train\0084ddd7d28d90ee_000270.jpg,bathroom,0084ddd7d28d90ee,270,4.504,1280,720
train,d:\smartnest.ai\smartnest_media_dataset\data\media_dataset\frames\RealEstate10K_frames\images\train\0084ddd7d28d90ee_000300.jpg,bathroom,0084ddd7d28d90ee,300,5.005,1280,720
train,d:\smartnest.ai\smartnest_media_dataset\data\media_dataset\frames\RealEstate10K_frames\images\train\0084ddd7d28d90ee_000330.jpg,bathroom,0084ddd7d28d90ee,330,5.505,1280,720
train,d:\smartnest.ai\smartnest_media_dataset\data\media_dataset\frames\RealEstate10K_frames\images\train\0084ddd7d28d90ee_000360.jpg,bathroom,0084ddd7d28d90ee,360,6.006,1280,720
train,d:\smartnest.ai\smartnest_media_dataset\data\media_dataset\frames\RealEstate10K_frames\images\train\0084ddd7d28d90ee_000390.jpg,bathroom,0084ddd7d28d90ee,390,6.506,1280,720
train,d:\smartnest.ai\smartnest_media_dataset\data\media_dataset\frames\RealEstate10K_frames\images\train\0084ddd7d28d90ee_000420.jpg,bathroom,0084ddd7d28d90ee,420,7.007,1280,720
train,d:\smartnest.ai\smartnest_media_dataset\data\media_dataset\frames\RealEstate10K_frames\images\train\0084ddd7d28d90ee_000450.jpg,bathroom,0084ddd7d28d90ee,450,7.507,1280,720
train,d:\smartnest.ai\smartnest_media_dataset\data\media_dataset\frames\RealEstate10K_frames\images\train\0084ddd7d28d90ee_000480.jpg,bathroom,0084ddd7d28d90ee,480,8.008,1280,720
train,d:\smartnest.ai\smartnest_media_dataset\data\media_dataset\frames\RealEstate10K_frames\images\train\0084ddd7d28d90ee_000510.jpg,bathroom,0084ddd7d28d90ee,510,8.508,1280,720
train,d:\smartnest.ai\smartnest_media_dataset\data\media_dataset\frames\RealEstate10K_frames\images\train\0084ddd7d28d90ee_000540.jpg,bathroom,0084ddd7d28d90ee,540,9.009,1280,720
train,d:\smartnest.ai\smartnest_media_dataset\data\media_dataset\frames\RealEstate10K_frames\images\train\0084ddd7d28d90ee_000570.jpg,bathroom,0084ddd7d28d90ee,570,9.509,1280,720
train,d:\smartnest.ai\smartnest_media_dataset\data\media_dataset\frames\RealEstate10K_frames\images\train\0084ddd7d28d90ee_000600.jpg,bathroom,0084ddd7d28d90ee,600,10.009,1280,720
train,d:\smartnest.ai\smartnest_media_dataset\data\media_dataset\frames\RealEstate10K_frames\images\train\0084ddd7d28d90ee_000630.jpg,bathroom,0084ddd7d28d90ee,630,10.510,1280,720
train,d:\smartnest.ai\smartnest_media_dataset\data\media_dataset\frames\RealEstate10K_frames\images\train\0084ddd7d28d90ee_000660.jpg,bathroom,0084ddd7d28d90ee,660,11.010,1280,720
train,d:\smartnest.ai\smartnest_media_dataset\data\media_dataset\frames\RealEstate10K_frames\images\train\0084ddd7d28d90ee_000690.jpg,bathroom,0084ddd7d28d90ee,690,11.511,1280,720
train,d:\smartnest.ai\smartnest_media_dataset\data\media_dataset\frames\RealEstate10K_frames\images\train\0084ddd7d28d90ee_000720.jpg,bathroom,0084ddd7d28d90ee,720,12.011,1280,720
train,d:\smartnest.ai\smartnest_media_dataset\data\media_dataset\frames\RealEstate10K_frames\images\train\008565fd84fac8bc_000000.jpg,bedroom,008565fd84fac8bc,0,0.000,1280,720
train,d:\smartnest.ai\smartnest_media_dataset\data\media_dataset\frames\RealEstate10K_frames\images\train\008565fd84fac8bc_000030.jpg,bedroom,008565fd84fac8bc,30,0.500,1280,720
train,d:\smartnest.ai\smartnest_media_dataset\data\media_dataset\frames\RealEstate10K_frames\images\train\008565fd84fac8bc_000060.jpg,bedroom,008565fd84fac8bc,60,1.001,1280,720
train,d:\smartnest.ai\smartnest_media_dataset\data\media_dataset\frames\RealEstate10K_frames\images\train\008565fd84fac8bc_000090.jpg,bedroom,008565fd84fac8bc,90,1.501,1280,720
train,d:\smartnest.ai\smartnest_media_dataset\data\media_dataset\frames\RealEstate10K_frames\images\train\008565fd84fac8bc_000120.jpg,bedroom,008565fd84fac8bc,120,2.002,1280,720
train,d:\smartnest.ai\smartnest_media_dataset\data\media_dataset\frames\RealEstate10K_frames\images\train\008565fd84fac8bc_000150.jpg,bathroom,008565fd84fac8bc,150,2.502,1280,720
train,d:\smartnest.ai\smartnest_media_dataset\data\media_dataset\frames\RealEstate10K_frames\images\train\008565fd84fac8bc_000180.jpg,bedroom,008565fd84fac8bc,180,3.003,1280,720
train,d:\smartnest.ai\smartnest_media_dataset\data\media_dataset\frames\RealEstate10K_frames\images\train\008565fd84fac8bc_000210.jpg,bedroom,008565fd84fac8bc,210,3.503,1280,720
train,d:\smartnest.ai\smartnest_media_dataset\data\media_dataset\frames\RealEstate10K_frames\images\train\008565fd84fac8bc_000240.jpg,bedroom,008565fd84fac8bc,240,4.004,1280,720
train,d:\smartnest.ai\smartnest_media_dataset\data\media_dataset\frames\RealEstate10K_frames\images\train\008565fd84fac8bc_000270.jpg,bedroom,008565fd84fac8bc,270,4.504,1280,720
train,d:\smartnest.ai\smartnest_media_dataset\data\media_dataset\frames\RealEstate10K_frames\images\train\008565fd84fac8bc_000300.jpg,bedroom,008565fd84fac8bc,300,5.005,1280,720
train,d:\smartnest.ai\smartnest_media_dataset\data\media_dataset\frames\RealEstate10K_frames\images\train\008565fd84fac8bc_000330.jpg,bedroom,008565fd84fac8bc,330,5.505,1280,720
train,d:\smartnest.ai\smartnest_media_dataset\data\media_dataset\frames\RealEstate10K_frames\images\train\008565fd84fac8bc_000360.jpg,bedroom,008565fd84fac8bc,360,6.006,1280,720
train,d:\smartnest.ai\smartnest_media_dataset\data\media_dataset\frames\RealEstate10K_frames\images\train\008565fd84fac8bc_000390.jpg,bedroom,008565fd84fac8bc,390,6.506,1280,720
train,d:\smartnest.ai\smartnest_media_dataset\data\media_dataset\frames\RealEstate10K_frames\images\train\008565fd84fac8bc_000420.jpg,bedroom,008565fd84fac8bc,420,7.007,1280,720
train,d:\smartnest.ai\smartnest_media_dataset\data\media_dataset\frames\RealEstate10K_frames\images\train\008565fd84fac8bc_000450.jpg,bedroom,008565fd84fac8bc,450,7.507,1280,720
train,d:\smartnest.ai\smartnest_media_dataset\data\media_dataset\frames\RealEstate10K_frames\images\train\008565fd84fac8bc_000480.jpg,bedroom,008565fd84fac8bc,480,8.008,1280,720
train,d:\smartnest.ai\smartnest_media_dataset\data\media_dataset\frames\RealEstate10K_frames\images\train\008565fd84fac8bc_000510.jpg,bedroom,008565fd84fac8bc,510,8.508,1280,720
train,d:\smartnest.ai\smartnest_media_dataset\data\media_dataset\frames\RealEstate10K_frames\images\train\008565fd84fac8bc_000540.jpg,bedroom,008565fd84fac8bc,540,9.009,1280,720
train,d:\smartnest.ai\smartnest_media_dataset\data\media_dataset\frames\RealEstate10K_frames\images\train\008565fd84fac8bc_000570.jpg,bedroom,008565fd84fac8bc,570,9.509,1280,720
train,d:\smartnest.ai\smartnest_media_dataset\data\media_dataset\frames\RealEstate10K_frames\images\train\008565fd84fac8bc_000600.jpg,bedroom,008565fd84fac8bc,600,10.010,1280,720
train,d:\smartnest.ai\smartnest_media_dataset\data\media_dataset\frames\RealEstate10K_frames\images\train\008565fd84fac8bc_000630.jpg,bedroom,008565fd84fac8bc,630,10.510,1280,720
train,d:\smartnest.ai\smartnest_media_dataset\data\media_dataset\frames\RealEstate10K_frames\images\train\008565fd84fac8bc_000660.jpg,bedroom,008565fd84fac8bc,660,11.011,1280,720
train,d:\smartnest.ai\smartnest_media_dataset\data\media_dataset\frames\RealEstate10K_frames\images\train\008565fd84fac8bc_000690.jpg,bedroom,008565fd84fac8bc,690,11.511,1280,720
train,d:\smartnest.ai\smartnest_media_dataset\data\media_dataset\frames\RealEstate10K_frames\images\train\008565fd84fac8bc_000720.jpg,bedroom,008565fd84fac8bc,720,12.012,1280,720
train,d:\smartnest.ai\smartnest_media_dataset\data\media_dataset\frames\RealEstate10K_frames\images\train\008565fd84fac8bc_000750.jpg,bedroom,008565fd84fac8bc,750,12.512,1280,720
train,d:\smartnest.ai\smartnest_media_dataset\data\media_dataset\frames\RealEstate10K_frames\images\train\008565fd84fac8bc_000780.jpg,bedroom,008565fd84fac8bc,780,13.013,1280,720
train,d:\smartnest.ai\smartnest_media_dataset\data\media_dataset\frames\RealEstate10K_frames\images\train\008565fd84fac8bc_000810.jpg,bedroom,008565fd84fac8bc,810,13.513,1280,720
train,d:\smartnest.ai\smartnest_media_dataset\data\media_dataset\frames\RealEstate10K_frames\images\train\0087cf27aa9e6167_000000.jpg,kitchen,0087cf27aa9e6167,0,0.000,1280,720
train,d:\smartnest.ai\smartnest_media_dataset\data\media_dataset\frames\RealEstate10K_frames\images\train\0087cf27aa9e6167_000012.jpg,kitchen,0087cf27aa9e6167,12,0.500,1280,720
train,d:\smartnest.ai\smartnest_media_dataset\data\media_dataset\frames\RealEstate10K_frames\images\train\0087cf27aa9e6167_000024.jpg,kitchen,0087cf27aa9e6167,24,1.001,1280,720
train,d:\smartnest.ai\smartnest_media_dataset\data\media_dataset\frames\RealEstate10K_frames\images\train\0087cf27aa9e6167_000036.jpg,kitchen,0087cf27aa9e6167,36,1.501,1280,720
train,d:\smartnest.ai\smartnest_media_dataset\data\media_dataset\frames\RealEstate10K_frames\images\train\0087cf27aa9e6167_000048.jpg,kitchen,0087cf27aa9e6167,48,2.002,1280,720
train,d:\smartnest.ai\smartnest_media_dataset\data\media_dataset\frames\RealEstate10K_frames\images\train\0087cf27aa9e6167_000060.jpg,kitchen,0087cf27aa9e6167,60,2.502,1280,720
train,d:\smartnest.ai\smartnest_media_dataset\data\media_dataset\frames\RealEstate10K_frames\images\train\0087cf27aa9e6167_000072.jpg,kitchen,0087cf27aa9e6167,72,3.003,1280,720
train,d:\smartnest.ai\smartnest_media_dataset\data\media_dataset\frames\RealEstate10K_frames\images\train\0087cf27aa9e6167_000084.jpg,kitchen,0087cf27aa9e6167,84,3.503,1280,720
train,d:\smartnest.ai\smartnest_media_dataset\data\media_dataset\frames\RealEstate10K_frames\images\train\0087cf27aa9e6167_000096.jpg,kitchen,0087cf27aa9e6167,96,4.003,1280,720
train,d:\smartnest.ai\smartnest_media_dataset\data\media_dataset\frames\RealEstate10K_frames\images\train\0087cf27aa9e6167_000108.jpg,kitchen,0087cf27aa9e6167,108,4.504,1280,720
train,d:\smartnest.ai\smartnest_media_dataset\data\media_dataset\frames\RealEstate10K_frames\images\train\0087cf27aa9e6167_000120.jpg,kitchen,0087cf27aa9e6167,120,5.004,1280,720
train,d:\smartnest.ai\smartnest_media_dataset\data\media_dataset\frames\RealEstate10K_frames\images\train\0087cf27aa9e6167_000132.jpg,kitchen,0087cf27aa9e6167,132,5.505,1280,720
train,d:\smartnest.ai\smartnest_media_dataset\data\media_dataset\frames\RealEstate10K_frames\images\train\0087cf27aa9e6167_000144.jpg,kitchen,0087cf27aa9e6167,144,6.005,1280,720
train,d:\smartnest.ai\smartnest_media_dataset\data\media_dataset\frames\RealEstate10K_frames\images\train\0087cf27aa9e6167_000156.jpg,kitchen,0087cf27aa9e6167,156,6.506,1280,720
train,d:\smartnest.ai\smartnest_media_dataset\data\media_dataset\frames\RealEstate10K_frames\images\train\0087cf27aa9e6167_000168.jpg,kitchen,0087cf27aa9e6167,168,7.006,1280,720
train,d:\smartnest.ai\smartnest_media_dataset\data\media_dataset\frames\RealEstate10K_frames\images\train\0087cf27aa9e6167_000180.jpg,kitchen,0087cf27aa9e6167,180,7.506,1280,720
train,d:\smartnest.ai\smartnest_media_dataset\data\media_dataset\frames\RealEstate10K_frames\images\train\0087cf27aa9e6167_000192.jpg,kitchen,0087cf27aa9e6167,192,8.007,1280,720
train,d:\smartnest.ai\smartnest_media_dataset\data\media_dataset\frames\RealEstate10K_frames\images\train\0087cf27aa9e6167_000204.jpg,kitchen,0087cf27aa9e6167,204,8.507,1280,720
val,d:\smartnest.ai\smartnest_media_dataset\data\media_dataset\frames\RealEstate10K_frames\images\val\00888b1ef369e94f_000000.jpg,balcony,00888b1ef369e94f,0,0.000,1280,720
val,d:\smartnest.ai\smartnest_media_dataset\data\media_dataset\frames\RealEstate10K_frames\images\val\00888b1ef369e94f_000015.jpg,balcony,00888b1ef369e94f,15,0.500,1280,720
val,d:\smartnest.ai\smartnest_media_dataset\data\media_dataset\frames\RealEstate10K_frames\images\val\00888b1ef369e94f_000030.jpg,balcony,00888b1ef369e94f,30,1.001,1280,720
val,d:\smartnest.ai\smartnest_media_dataset\data\media_dataset\frames\RealEstate10K_frames\images\val\00888b1ef369e94f_000045.jpg,balcony,00888b1ef369e94f,45,1.501,1280,720
val,d:\smartnest.ai\smartnest_media_dataset\data\media_dataset\frames\RealEstate10K_frames\images\val\00888b1ef369e94f_000060.jpg,balcony,00888b1ef369e94f,60,2.001,1280,720
val,d:\smartnest.ai\smartnest_media_dataset\data\media_dataset\frames\RealEstate10K_frames\images\val\00888b1ef369e94f_000075.jpg,balcony,00888b1ef369e94f,75,2.502,1280,720
train,d:\smartnest.ai\smartnest_media_dataset\data\media_dataset\frames\RealEstate10K_frames\images\train\008911a205850050_000000.jpg,bathroom,008911a205850050,0,0.000,1280,720
train,d:\smartnest.ai\smartnest_media_dataset\data\media_dataset\frames\RealEstate10K_frames\images\train\008911a205850050_000015.jpg,bathroom,008911a205850050,15,0.501,1280,720
train,d:\smartnest.ai\smartnest_media_dataset\data\media_dataset\frames\RealEstate10K_frames\images\train\008911a205850050_000030.jpg,bathroom,008911a205850050,30,1.001,1280,720
train,d:\smartnest.ai\smartnest_media_dataset\data\media_dataset\frames\RealEstate10K_frames\images\train\008911a205850050_000045.jpg,bathroom,008911a205850050,45,1.502,1280,720
train,d:\smartnest.ai\smartnest_media_dataset\data\media_dataset\frames\RealEstate10K_frames\images\train\008911a205850050_000060.jpg,bathroom,008911a205850050,60,2.002,1280,720
train,d:\smartnest.ai\smartnest_media_dataset\data\media_dataset\frames\RealEstate10K_frames\images\train\008911a205850050_000075.jpg,bathroom,008911a205850050,75,2.502,1280,720
train,d:\smartnest.ai\smartnest_media_dataset\data\media_dataset\frames\RealEstate10K_frames\images\train\008911a205850050_000090.jpg,bathroom,008911a205850050,90,3.003,1280,720
train,d:\smartnest.ai\smartnest_media_dataset\data\media_dataset\frames\RealEstate10K_frames\images\train\008911a205850050_000105.jpg,bathroom,008911a205850050,105,3.504,1280,720
train,d:\smartnest.ai\smartnest_media_dataset\data\media_dataset\frames\RealEstate10K_frames\images\train\008b073e9b710630_000000.jpg,bedroom,008b073e9b710630,0,0.000,1280,720
train,d:\smartnest.ai\smartnest_media_dataset\data\media_dataset\frames\RealEstate10K_frames\images\train\008b073e9b710630_000030.jpg,bedroom,008b073e9b710630,30,0.500,1280,720
train,d:\smartnest.ai\smartnest_media_dataset\data\media_dataset\frames\RealEstate10K_frames\images\train\008b073e9b710630_000060.jpg,bedroom,008b073e9b710630,60,1.001,1280,720
train,d:\smartnest.ai\smartnest_media_dataset\data\media_dataset\frames\RealEstate10K_frames\images\train\008b073e9b710630_000090.jpg,bathroom,008b073e9b710630,90,1.501,1280,720
train,d:\smartnest.ai\smartnest_media_dataset\data\media_dataset\frames\RealEstate10K_frames\images\train\008b073e9b710630_000120.jpg,bathroom,008b073e9b710630,120,2.002,1280,720
train,d:\smartnest.ai\smartnest_media_dataset\data\media_dataset\frames\RealEstate10K_frames\images\train\008b073e9b710630_000150.jpg,bathroom,008b073e9b710630,150,2.502,1280,720
train,d:\smartnest.ai\smartnest_media_dataset\data\media_dataset\frames\RealEstate10K_frames\images\train\008b073e9b710630_000180.jpg,bathroom,008b073e9b710630,180,3.003,1280,720
train,d:\smartnest.ai\smartnest_media_dataset\data\media_dataset\frames\RealEstate10K_frames\images\train\008b073e9b710630_000210.jpg,bathroom,008b073e9b710630,210,3.503,1280,720
train,d:\smartnest.ai\smartnest_media_dataset\data\media_dataset\frames\RealEstate10K_frames\images\train\008b073e9b710630_000240.jpg,bathroom,008b073e9b710630,240,4.004,1280,720
train,d:\smartnest.ai\smartnest_media_dataset\data\media_dataset\frames\RealEstate10K_frames\images\train\008b073e9b710630_000270.jpg,bathroom,008b073e9b710630,270,4.504,1280,720
train,d:\smartnest.ai\smartnest_media_dataset\data\media_dataset\frames\RealEstate10K_frames\images\train\008b073e9b710630_000300.jpg,bathroom,008b073e9b710630,300,5.005,1280,720
train,d:\smartnest.ai\smartnest_media_dataset\data\media_dataset\frames\RealEstate10K_frames\images\train\008b073e9b710630_000330.jpg,bathroom,008b073e9b710630,330,5.505,1280,720
train,d:\smartnest.ai\smartnest_media_dataset\data\media_dataset\frames\RealEstate10K_frames\images\train\008b073e9b710630_000360.jpg,bathroom,008b073e9b710630,360,6.006,1280,720
train,d:\smartnest.ai\smartnest_media_dataset\data\media_dataset\frames\RealEstate10K_frames\images\train\008b073e9b710630_000390.jpg,bathroom,008b073e9b710630,390,6.506,1280,720
train,d:\smartnest.ai\smartnest_media_dataset\data\media_dataset\frames\RealEstate10K_frames\images\train\008b073e9b710630_000420.jpg,bathroom,008b073e9b710630,420,7.007,1280,720
train,d:\smartnest.ai\smartnest_media_dataset\data\media_dataset\frames\RealEstate10K_frames\images\train\008b073e9b710630_000450.jpg,bathroom,008b073e9b710630,450,7.507,1280,720
train,d:\smartnest.ai\smartnest_media_dataset\data\media_dataset\frames\RealEstate10K_frames\images\train\008b073e9b710630_000480.jpg,bathroom,008b073e9b710630,480,8.008,1280,720
train,d:\smartnest.ai\smartnest_media_dataset\data\media_dataset\frames\RealEstate10K_frames\images\train\008caa6df1da0cd1_000000.jpg,bedroom,008caa6df1da0cd1,0,0.000,1280,720
train,d:\smartnest.ai\smartnest_media_dataset\data\media_dataset\frames\RealEstate10K_frames\images\train\008caa6df1da0cd1_000030.jpg,bedroom,008caa6df1da0cd1,30,0.501,1280,720
train,d:\smartnest.ai\smartnest_media_dataset\data\media_dataset\frames\RealEstate10K_frames\images\train\008caa6df1da0cd1_000060.jpg,bedroom,008caa6df1da0cd1,60,1.001,1280,720
train,d:\smartnest.ai\smartnest_media_dataset\data\media_dataset\frames\RealEstate10K_frames\images\train\008caa6df1da0cd1_000090.jpg,bedroom,008caa6df1da0cd1,90,1.502,1280,720
train,d:\smartnest.ai\smartnest_media_dataset\data\media_dataset\frames\RealEstate10K_frames\images\train\008caa6df1da0cd1_000120.jpg,bedroom,008caa6df1da0cd1,120,2.002,1280,720
train,d:\smartnest.ai\smartnest_media_dataset\data\media_dataset\frames\RealEstate10K_frames\images\train\008caa6df1da0cd1_000150.jpg,bedroom,008caa6df1da0cd1,150,2.503,1280,720
train,d:\smartnest.ai\smartnest_media_dataset\data\media_dataset\frames\RealEstate10K_frames\images\train\008caa6df1da0cd1_000180.jpg,bedroom,008caa6df1da0cd1,180,3.003,1280,720
train,d:\smartnest.ai\smartnest_media_dataset\data\media_dataset\frames\RealEstate10K_frames\images\train\008caa6df1da0cd1_000210.jpg,bedroom,008caa6df1da0cd1,210,3.504,1280,720
train,d:\smartnest.ai\smartnest_media_dataset\data\media_dataset\frames\RealEstate10K_frames\images\train\008caa6df1da0cd1_000240.jpg,bedroom,008caa6df1da0cd1,240,4.004,1280,720
train,d:\smartnest.ai\smartnest_media_dataset\data\media_dataset\frames\RealEstate10K_frames\images\train\008caa6df1da0cd1_000270.jpg,bedroom,008caa6df1da0cd1,270,4.505,1280,720
train,d:\smartnest.ai\smartnest_media_dataset\data\media_dataset\frames\RealEstate10K_frames\images\train\008caa6df1da0cd1_000300.jpg,bedroom,008caa6df1da0cd1,300,5.005,1280,720
train,d:\smartnest.ai\smartnest_media_dataset\data\media_dataset\frames\RealEstate10K_frames\images\train\008caa6df1da0cd1_000330.jpg,bedroom,008caa6df1da0cd1,330,5.506,1280,720
train,d:\smartnest.ai\smartnest_media_dataset\data\media_dataset\frames\RealEstate10K_frames\images\train\008caa6df1da0cd1_000360.jpg,bedroom,008caa6df1da0cd1,360,6.006,1280,720
train,d:\smartnest.ai\smartnest_media_dataset\data\media_dataset\frames\RealEstate10K_frames\images\train\008caa6df1da0cd1_000390.jpg,bedroom,008caa6df1da0cd1,390,6.507,1280,720
train,d:\smartnest.ai\smartnest_media_dataset\data\media_dataset\frames\RealEstate10K_frames\images\train\008caa6df1da0cd1_000420.jpg,bedroom,008caa6df1da0cd1,420,7.007,1280,720
train,d:\smartnest.ai\smartnest_media_dataset\data\media_dataset\frames\RealEstate10K_frames\images\train\008caa6df1da0cd1_000450.jpg,bedroom,008caa6df1da0cd1,450,7.508,1280,720
train,d:\smartnest.ai\smartnest_media_dataset\data\media_dataset\frames\RealEstate10K_frames\images\train\008caa6df1da0cd1_000480.jpg,bedroom,008caa6df1da0cd1,480,8.009,1280,720
train,d:\smartnest.ai\smartnest_media_dataset\data\media_dataset\frames\RealEstate10K_frames\images\train\008d5bc870d12c22_000000.jpg,bedroom,008d5bc870d12c22,0,0.000,1280,720
train,d:\smartnest.ai\smartnest_media_dataset\data\media_dataset\frames\RealEstate10K_frames\images\train\008d5bc870d12c22_000015.jpg,bedroom,008d5bc870d12c22,15,0.499,1280,720
train,d:\smartnest.ai\smartnest_media_dataset\data\media_dataset\frames\RealEstate10K_frames\images\train\008d5bc870d12c22_000030.jpg,bedroom,008d5bc870d12c22,30,0.997,1280,720
train,d:\smartnest.ai\smartnest_media_dataset\data\media_dataset\frames\RealEstate10K_frames\images\train\008d5bc870d12c22_000045.jpg,bedroom,008d5bc870d12c22,45,1.496,1280,720
train,d:\smartnest.ai\smartnest_media_dataset\data\media_dataset\frames\RealEstate10K_frames\images\train\008d5bc870d12c22_000060.jpg,bedroom,008d5bc870d12c22,60,1.994,1280,720
train,d:\smartnest.ai\smartnest_media_dataset\data\media_dataset\frames\RealEstate10K_frames\images\train\008d5bc870d12c22_000075.jpg,bedroom,008d5bc870d12c22,75,2.493,1280,720
train,d:\smartnest.ai\smartnest_media_dataset\data\media_dataset\frames\RealEstate10K_frames\images\train\008d5bc870d12c22_000090.jpg,bedroom,008d5bc870d12c22,90,2.991,1280,720
train,d:\smartnest.ai\smartnest_media_dataset\data\media_dataset\frames\RealEstate10K_frames\images\train\008d5bc870d12c22_000105.jpg,bedroom,008d5bc870d12c22,105,3.490,1280,720
train,d:\smartnest.ai\smartnest_media_dataset\data\media_dataset\frames\RealEstate10K_frames\images\train\008d5bc870d12c22_000120.jpg,bedroom,008d5bc870d12c22,120,3.989,1280,720
train,d:\smartnest.ai\smartnest_media_dataset\data\media_dataset\frames\RealEstate10K_frames\images\train\008d5bc870d12c22_000135.jpg,bedroom,008d5bc870d12c22,135,4.487,1280,720
train,d:\smartnest.ai\smartnest_media_dataset\data\media_dataset\frames\RealEstate10K_frames\images\train\008d5bc870d12c22_000150.jpg,bedroom,008d5bc870d12c22,150,4.986,1280,720
train,d:\smartnest.ai\smartnest_media_dataset\data\media_dataset\frames\RealEstate10K_frames\images\train\008d5bc870d12c22_000165.jpg,bedroom,008d5bc870d12c22,165,5.484,1280,720
train,d:\smartnest.ai\smartnest_media_dataset\data\media_dataset\frames\RealEstate10K_frames\images\train\008d5bc870d12c22_000180.jpg,bedroom,008d5bc870d12c22,180,5.983,1280,720
train,d:\smartnest.ai\smartnest_media_dataset\data\media_dataset\frames\RealEstate10K_frames\images\train\008d5bc870d12c22_000195.jpg,bedroom,008d5bc870d12c22,195,6.481,1280,720
train,d:\smartnest.ai\smartnest_media_dataset\data\media_dataset\frames\RealEstate10K_frames\images\train\008d5bc870d12c22_000210.jpg,bedroom,008d5bc870d12c22,210,6.980,1280,720
train,d:\smartnest.ai\smartnest_media_dataset\data\media_dataset\frames\RealEstate10K_frames\images\train\008d5bc870d12c22_000225.jpg,bedroom,008d5bc870d12c22,225,7.478,1280,720
train,d:\smartnest.ai\smartnest_media_dataset\data\media_dataset\frames\RealEstate10K_frames\images\train\008d5bc870d12c22_000240.jpg,bedroom,008d5bc870d12c22,240,7.977,1280,720
train,d:\smartnest.ai\smartnest_media_dataset\data\media_dataset\frames\RealEstate10K_frames\images\train\008d5bc870d12c22_000255.jpg,bedroom,008d5bc870d12c22,255,8.476,1280,720
train,d:\smartnest.ai\smartnest_media_dataset\data\media_dataset\frames\RealEstate10K_frames\images\train\008e27f0941b96ed_000000.jpg,living,008e27f0941b96ed,0,0.000,1280,720
train,d:\smartnest.ai\smartnest_media_dataset\data\media_dataset\frames\RealEstate10K_frames\images\train\008e27f0941b96ed_000015.jpg,kitchen,008e27f0941b96ed,15,0.498,1280,720
train,d:\smartnest.ai\smartnest_media_dataset\data\media_dataset\frames\RealEstate10K_frames\images\train\008e27f0941b96ed_000030.jpg,living,008e27f0941b96ed,30,0.996,1280,720
train,d:\smartnest.ai\smartnest_media_dataset\data\media_dataset\frames\RealEstate10K_frames\images\train\008e27f0941b96ed_000045.jpg,living,008e27f0941b96ed,45,1.493,1280,720
train,d:\smartnest.ai\smartnest_media_dataset\data\media_dataset\frames\RealEstate10K_frames\images\train\008e27f0941b96ed_000060.jpg,living,008e27f0941b96ed,60,1.991,1280,720
train,d:\smartnest.ai\smartnest_media_dataset\data\media_dataset\frames\RealEstate10K_frames\images\train\008e27f0941b96ed_000075.jpg,living,008e27f0941b96ed,75,2.489,1280,720
train,d:\smartnest.ai\smartnest_media_dataset\data\media_dataset\frames\RealEstate10K_frames\images\train\008e27f0941b96ed_000090.jpg,living,008e27f0941b96ed,90,2.986,1280,720
train,d:\smartnest.ai\smartnest_media_dataset\data\media_dataset\frames\RealEstate10K_frames\images\train\008e27f0941b96ed_000105.jpg,living,008e27f0941b96ed,105,3.484,1280,720
train,d:\smartnest.ai\smartnest_media_dataset\data\media_dataset\frames\RealEstate10K_frames\images\train\008e27f0941b96ed_000120.jpg,living,008e27f0941b96ed,120,3.982,1280,720
train,d:\smartnest.ai\smartnest_media_dataset\data\media_dataset\frames\RealEstate10K_frames\images\train\008e27f0941b96ed_000135.jpg,living,008e27f0941b96ed,135,4.480,1280,720
train,d:\smartnest.ai\smartnest_media_dataset\data\media_dataset\frames\RealEstate10K_frames\images\train\008e27f0941b96ed_000150.jpg,living,008e27f0941b96ed,150,4.978,1280,720
train,d:\smartnest.ai\smartnest_media_dataset\data\media_dataset\frames\RealEstate10K_frames\images\train\008e27f0941b96ed_000165.jpg,living,008e27f0941b96ed,165,5.475,1280,720
train,d:\smartnest.ai\smartnest_media_dataset\data\media_dataset\frames\RealEstate10K_frames\images\train\008e4569c8a475c8_000000.jpg,kitchen,008e4569c8a475c8,0,0.000,1280,720
train,d:\smartnest.ai\smartnest_media_dataset\data\media_dataset\frames\RealEstate10K_frames\images\train\008e4569c8a475c8_000015.jpg,bedroom,008e4569c8a475c8,15,0.500,1280,720
train,d:\smartnest.ai\smartnest_media_dataset\data\media_dataset\frames\RealEstate10K_frames\images\train\008e4569c8a475c8_000030.jpg,bathroom,008e4569c8a475c8,30,1.001,1280,720
train,d:\smartnest.ai\smartnest_media_dataset\data\media_dataset\frames\RealEstate10K_frames\images\train\008e4569c8a475c8_000045.jpg,bedroom,008e4569c8a475c8,45,1.501,1280,720
train,d:\smartnest.ai\smartnest_media_dataset\data\media_dataset\frames\RealEstate10K_frames\images\train\008e4569c8a475c8_000060.jpg,bedroom,008e4569c8a475c8,60,2.002,1280,720
train,d:\smartnest.ai\smartnest_media_dataset\data\media_dataset\frames\RealEstate10K_frames\images\train\008ec1473e4ce029_000000.jpg,kitchen,008ec1473e4ce029,0,0.000,1280,720
train,d:\smartnest.ai\smartnest_media_dataset\data\media_dataset\frames\RealEstate10K_frames\images\train\008ec1473e4ce029_000015.jpg,kitchen,008ec1473e4ce029,15,0.500,1280,720
train,d:\smartnest.ai\smartnest_media_dataset\data\media_dataset\frames\RealEstate10K_frames\images\train\008ec1473e4ce029_000030.jpg,bedroom,008ec1473e4ce029,30,1.001,1280,720
train,d:\smartnest.ai\smartnest_media_dataset\data\media_dataset\frames\RealEstate10K_frames\images\train\008ec1473e4ce029_000045.jpg,bedroom,008ec1473e4ce029,45,1.501,1280,720
train,d:\smartnest.ai\smartnest_media_dataset\data\media_dataset\frames\RealEstate10K_frames\images\train\008ec1473e4ce029_000060.jpg,bedroom,008ec1473e4ce029,60,2.002,1280,720
train,d:\smartnest.ai\smartnest_media_dataset\data\media_dataset\frames\RealEstate10K_frames\images\train\008ec1473e4ce029_000075.jpg,bedroom,008ec1473e4ce029,75,2.502,1280,720
train,d:\smartnest.ai\smartnest_media_dataset\data\media_dataset\frames\RealEstate10K_frames\images\train\008ec1473e4ce029_000090.jpg,bedroom,008ec1473e4ce029,90,3.002,1280,720
train,d:\smartnest.ai\smartnest_media_dataset\data\media_dataset\frames\RealEstate10K_frames\images\train\008ec1473e4ce029_000105.jpg,bedroom,008ec1473e4ce029,105,3.503,1280,720
train,d:\smartnest.ai\smartnest_media_dataset\data\media_dataset\frames\RealEstate10K_frames\images\train\008ec1473e4ce029_000120.jpg,bedroom,008ec1473e4ce029,120,4.003,1280,720
train,d:\smartnest.ai\smartnest_media_dataset\data\media_dataset\frames\RealEstate10K_frames\images\train\008f83302bfa22b5_000000.jpg,bedroom,008f83302bfa22b5,0,0.000,1280,720
train,d:\smartnest.ai\smartnest_media_dataset\data\media_dataset\frames\RealEstate10K_frames\images\train\008f83302bfa22b5_000015.jpg,bedroom,008f83302bfa22b5,15,0.500,1280,720
train,d:\smartnest.ai\smartnest_media_dataset\data\media_dataset\frames\RealEstate10K_frames\images\train\008f83302bfa22b5_000030.jpg,bedroom,008f83302bfa22b5,30,1.001,1280,720
train,d:\smartnest.ai\smartnest_media_dataset\data\media_dataset\frames\RealEstate10K_frames\images\train\008f83302bfa22b5_000045.jpg,bedroom,008f83302bfa22b5,45,1.501,1280,720
train,d:\smartnest.ai\smartnest_media_dataset\data\media_dataset\frames\RealEstate10K_frames\images\train\008f83302bfa22b5_000060.jpg,bedroom,008f83302bfa22b5,60,2.002,1280,720
train,d:\smartnest.ai\smartnest_media_dataset\data\media_dataset\frames\RealEstate10K_frames\images\train\008f83302bfa22b5_000075.jpg,kitchen,008f83302bfa22b5,75,2.502,1280,720
train,d:\smartnest.ai\smartnest_media_dataset\data\media_dataset\frames\RealEstate10K_frames\images\train\008f83302bfa22b5_000090.jpg,bedroom,008f83302bfa22b5,90,3.002,1280,720
train,d:\smartnest.ai\smartnest_media_dataset\data\media_dataset\frames\RealEstate10K_frames\images\train\008f83302bfa22b5_000105.jpg,bedroom,008f83302bfa22b5,105,3.503,1280,720
train,d:\smartnest.ai\smartnest_media_dataset\data\media_dataset\frames\RealEstate10K_frames\images\train\008f83302bfa22b5_000120.jpg,bedroom,008f83302bfa22b5,120,4.003,1280,720
train,d:\smartnest.ai\smartnest_media_dataset\data\media_dataset\frames\RealEstate10K_frames\images\train\008f83302bfa22b5_000135.jpg,bedroom,008f83302bfa22b5,135,4.504,1280,720
train,d:\smartnest.ai\smartnest_media_dataset\data\media_dataset\frames\RealEstate10K_frames\images\train\008f83302bfa22b5_000150.jpg,bedroom,008f83302bfa22b5,150,5.004,1280,720
train,d:\smartnest.ai\smartnest_media_dataset\data\media_dataset\frames\RealEstate10K_frames\images\train\008f83302bfa22b5_000165.jpg,bedroom,008f83302bfa22b5,165,5.505,1280,720
train,d:\smartnest.ai\smartnest_media_dataset\data\media_dataset\frames\RealEstate10K_frames\images\train\008f83302bfa22b5_000180.jpg,bedroom,008f83302bfa22b5,180,6.005,1280,720
train,d:\smartnest.ai\smartnest_media_dataset\data\media_dataset\frames\RealEstate10K_frames\images\train\008f83302bfa22b5_000195.jpg,bedroom,008f83302bfa22b5,195,6.505,1280,720
train,d:\smartnest.ai\smartnest_media_dataset\data\media_dataset\frames\RealEstate10K_frames\images\train\008f83302bfa22b5_000210.jpg,bedroom,008f83302bfa22b5,210,7.006,1280,720
train,d:\smartnest.ai\smartnest_media_dataset\data\media_dataset\frames\RealEstate10K_frames\images\train\008f89e8dd42f3f9_000000.jpg,bedroom,008f89e8dd42f3f9,0,0.000,1280,720
train,d:\smartnest.ai\smartnest_media_dataset\data\media_dataset\frames\RealEstate10K_frames\images\train\008f89e8dd42f3f9_000015.jpg,bedroom,008f89e8dd42f3f9,15,0.501,1280,720
test,d:\smartnest.ai\smartnest_media_dataset\data\media_dataset\frames\RealEstate10K_frames\images\test\008f94cc8929340d_000000.jpg,bedroom,008f94cc8929340d,0,0.000,1280,720
test,d:\smartnest.ai\smartnest_media_dataset\data\media_dataset\frames\RealEstate10K_frames\images\test\008f94cc8929340d_000030.jpg,bedroom,008f94cc8929340d,30,0.500,1280,720
test,d:\smartnest.ai\smartnest_media_dataset\data\media_dataset\frames\RealEstate10K_frames\images\test\008f94cc8929340d_000060.jpg,bedroom,008f94cc8929340d,60,1.001,1280,720
test,d:\smartnest.ai\smartnest_media_dataset\data\media_dataset\frames\RealEstate10K_frames\images\test\008f94cc8929340d_000090.jpg,bedroom,008f94cc8929340d,90,1.501,1280,720
test,d:\smartnest.ai\smartnest_media_dataset\data\media_dataset\frames\RealEstate10K_frames\images\test\008f94cc8929340d_000120.jpg,bedroom,008f94cc8929340d,120,2.002,1280,720
test,d:\smartnest.ai\smartnest_media_dataset\data\media_dataset\frames\RealEstate10K_frames\images\test\008f94cc8929340d_000150.jpg,bedroom,008f94cc8929340d,150,2.502,1280,720
test,d:\smartnest.ai\smartnest_media_dataset\data\media_dataset\frames\RealEstate10K_frames\images\test\008f94cc8929340d_000180.jpg,bedroom,008f94cc8929340d,180,3.003,1280,720
test,d:\smartnest.ai\smartnest_media_dataset\data\media_dataset\frames\RealEstate10K_frames\images\test\008f94cc8929340d_000210.jpg,bedroom,008f94cc8929340d,210,3.503,1280,720
test,d:\smartnest.ai\smartnest_media_dataset\data\media_dataset\frames\RealEstate10K_frames\images\test\008f94cc8929340d_000240.jpg,bedroom,008f94cc8929340d,240,4.004,1280,720
test,d:\smartnest.ai\smartnest_media_dataset\data\media_dataset\frames\RealEstate10K_frames\images\test\008f94cc8929340d_000270.jpg,bedroom,008f94cc8929340d,270,4.504,1280,720
test,d:\smartnest.ai\smartnest_media_dataset\data\media_dataset\frames\RealEstate10K_frames\images\test\008f94cc8929340d_000300.jpg,bedroom,008f94cc8929340d,300,5.005,1280,720
test,d:\smartnest.ai\smartnest_media_dataset\data\media_dataset\frames\RealEstate10K_frames\images\test\008f94cc8929340d_000330.jpg,bedroom,008f94cc8929340d,330,5.505,1280,720
test,d:\smartnest.ai\smartnest_media_dataset\data\media_dataset\frames\RealEstate10K_frames\images\test\008f94cc8929340d_000360.jpg,bedroom,008f94cc8929340d,360,6.006,1280,720
test,d:\smartnest.ai\smartnest_media_dataset\data\media_dataset\frames\RealEstate10K_frames\images\test\008f94cc8929340d_000390.jpg,bedroom,008f94cc8929340d,390,6.506,1280,720
test,d:\smartnest.ai\smartnest_media_dataset\data\media_dataset\frames\RealEstate10K_frames\images\test\008f94cc8929340d_000420.jpg,bedroom,008f94cc8929340d,420,7.007,1280,720
test,d:\smartnest.ai\smartnest_media_dataset\data\media_dataset\frames\RealEstate10K_frames\images\test\008f94cc8929340d_000450.jpg,bedroom,008f94cc8929340d,450,7.507,1280,720
train,d:\smartnest.ai\smartnest_media_dataset\data\media_dataset\frames\RealEstate10K_frames\images\train\009048f2c8444b4f_000000.jpg,living,009048f2c8444b4f,0,0.000,1280,720
train,d:\smartnest.ai\smartnest_media_dataset\data\media_dataset\frames\RealEstate10K_frames\images\train\009048f2c8444b4f_000015.jpg,living,009048f2c8444b4f,15,0.500,1280,720
train,d:\smartnest.ai\smartnest_media_dataset\data\media_dataset\frames\RealEstate10K_frames\images\train\009048f2c8444b4f_000030.jpg,living,009048f2c8444b4f,30,1.001,1280,720
train,d:\smartnest.ai\smartnest_media_dataset\data\media_dataset\frames\RealEstate10K_frames\images\train\009048f2c8444b4f_000045.jpg,living,009048f2c8444b4f,45,1.501,1280,720
train,d:\smartnest.ai\smartnest_media_dataset\data\media_dataset\frames\RealEstate10K_frames\images\train\009048f2c8444b4f_000060.jpg,balcony,009048f2c8444b4f,60,2.002,1280,720
train,d:\smartnest.ai\smartnest_media_dataset\data\media_dataset\frames\RealEstate10K_frames\images\train\009048f2c8444b4f_000075.jpg,living,009048f2c8444b4f,75,2.502,1280,720
train,d:\smartnest.ai\smartnest_media_dataset\data\media_dataset\frames\RealEstate10K_frames\images\train\009048f2c8444b4f_000090.jpg,living,009048f2c8444b4f,90,3.003,1280,720
train,d:\smartnest.ai\smartnest_media_dataset\data\media_dataset\frames\RealEstate10K_frames\images\train\009048f2c8444b4f_000105.jpg,living,009048f2c8444b4f,105,3.503,1280,720
train,d:\smartnest.ai\smartnest_media_dataset\data\media_dataset\frames\RealEstate10K_frames\images\train\009048f2c8444b4f_000120.jpg,living,009048f2c8444b4f,120,4.004,1280,720
train,d:\smartnest.ai\smartnest_media_dataset\data\media_dataset\frames\RealEstate10K_frames\images\train\009048f2c8444b4f_000135.jpg,living,009048f2c8444b4f,135,4.504,1280,720
train,d:\smartnest.ai\smartnest_media_dataset\data\media_dataset\frames\RealEstate10K_frames\images\train\009048f2c8444b4f_000150.jpg,living,009048f2c8444b4f,150,5.004,1280,720
train,d:\smartnest.ai\smartnest_media_dataset\data\media_dataset\frames\RealEstate10K_frames\images\train\009048f2c8444b4f_000165.jpg,living,009048f2c8444b4f,165,5.505,1280,720
train,d:\smartnest.ai\smartnest_media_dataset\data\media_dataset\frames\RealEstate10K_frames\images\train\009048f2c8444b4f_000180.jpg,living,009048f2c8444b4f,180,6.005,1280,720
train,d:\smartnest.ai\smartnest_media_dataset\data\media_dataset\frames\RealEstate10K_frames\images\train\009048f2c8444b4f_000195.jpg,living,009048f2c8444b4f,195,6.506,1280,720
train,d:\smartnest.ai\smartnest_media_dataset\data\media_dataset\frames\RealEstate10K_frames\images\train\009048f2c8444b4f_000210.jpg,living,009048f2c8444b4f,210,7.006,1280,720
train,d:\smartnest.ai\smartnest_media_dataset\data\media_dataset\frames\RealEstate10K_frames\images\train\009048f2c8444b4f_000225.jpg,living,009048f2c8444b4f,225,7.507,1280,720
train,d:\smartnest.ai\smartnest_media_dataset\data\media_dataset\frames\RealEstate10K_frames\images\train\009048f2c8444b4f_000240.jpg,living,009048f2c8444b4f,240,8.007,1280,720
train,d:\smartnest.ai\smartnest_media_dataset\data\media_dataset\frames\RealEstate10K_frames\images\train\009048f2c8444b4f_000255.jpg,living,009048f2c8444b4f,255,8.508,1280,720
train,d:\smartnest.ai\smartnest_media_dataset\data\media_dataset\frames\RealEstate10K_frames\images\train\009048f2c8444b4f_000270.jpg,living,009048f2c8444b4f,270,9.008,1280,720
train,d:\smartnest.ai\smartnest_media_dataset\data\media_dataset\frames\RealEstate10K_frames\images\train\009048f2c8444b4f_000285.jpg,living,009048f2c8444b4f,285,9.508,1280,720
train,d:\smartnest.ai\smartnest_media_dataset\data\media_dataset\frames\RealEstate10K_frames\images\train\009048f2c8444b4f_000300.jpg,living,009048f2c8444b4f,300,10.009,1280,720
train,d:\smartnest.ai\smartnest_media_dataset\data\media_dataset\frames\RealEstate10K_frames\images\train\009048f2c8444b4f_000315.jpg,living,009048f2c8444b4f,315,10.509,1280,720
train,d:\smartnest.ai\smartnest_media_dataset\data\media_dataset\frames\RealEstate10K_frames\images\train\009048f2c8444b4f_000330.jpg,living,009048f2c8444b4f,330,11.010,1280,720
train,d:\smartnest.ai\smartnest_media_dataset\data\media_dataset\frames\RealEstate10K_frames\images\train\0092c01a563523b7_000000.jpg,bedroom,0092c01a563523b7,0,0.000,1280,720
train,d:\smartnest.ai\smartnest_media_dataset\data\media_dataset\frames\RealEstate10K_frames\images\train\0092c01a563523b7_000015.jpg,bedroom,0092c01a563523b7,15,0.498,1280,720
train,d:\smartnest.ai\smartnest_media_dataset\data\media_dataset\frames\RealEstate10K_frames\images\train\0092c01a563523b7_000030.jpg,bedroom,0092c01a563523b7,30,0.997,1280,720
train,d:\smartnest.ai\smartnest_media_dataset\data\media_dataset\frames\RealEstate10K_frames\images\train\0092c01a563523b7_000045.jpg,bedroom,0092c01a563523b7,45,1.495,1280,720
train,d:\smartnest.ai\smartnest_media_dataset\data\media_dataset\frames\RealEstate10K_frames\images\train\0092c01a563523b7_000060.jpg,bedroom,0092c01a563523b7,60,1.994,1280,720
train,d:\smartnest.ai\smartnest_media_dataset\data\media_dataset\frames\RealEstate10K_frames\images\train\0092c01a563523b7_000075.jpg,bedroom,0092c01a563523b7,75,2.492,1280,720
train,d:\smartnest.ai\smartnest_media_dataset\data\media_dataset\frames\RealEstate10K_frames\images\train\0092c01a563523b7_000090.jpg,bedroom,0092c01a563523b7,90,2.991,1280,720
train,d:\smartnest.ai\smartnest_media_dataset\data\media_dataset\frames\RealEstate10K_frames\images\train\0092c01a563523b7_000105.jpg,bedroom,0092c01a563523b7,105,3.489,1280,720
train,d:\smartnest.ai\smartnest_media_dataset\data\media_dataset\frames\RealEstate10K_frames\images\train\0092c01a563523b7_000120.jpg,bedroom,0092c01a563523b7,120,3.987,1280,720
train,d:\smartnest.ai\smartnest_media_dataset\data\media_dataset\frames\RealEstate10K_frames\images\train\0092c01a563523b7_000135.jpg,bedroom,0092c01a563523b7,135,4.486,1280,720
train,d:\smartnest.ai\smartnest_media_dataset\data\media_dataset\frames\RealEstate10K_frames\images\train\0092c01a563523b7_000150.jpg,bedroom,0092c01a563523b7,150,4.984,1280,720
train,d:\smartnest.ai\smartnest_media_dataset\data\media_dataset\frames\RealEstate10K_frames\images\train\0092c01a563523b7_000165.jpg,bedroom,0092c01a563523b7,165,5.483,1280,720
train,d:\smartnest.ai\smartnest_media_dataset\data\media_dataset\frames\RealEstate10K_frames\images\train\0092c01a563523b7_000180.jpg,bedroom,0092c01a563523b7,180,5.981,1280,720
train,d:\smartnest.ai\smartnest_media_dataset\data\media_dataset\frames\RealEstate10K_frames\images\train\0092c01a563523b7_000195.jpg,bedroom,0092c01a563523b7,195,6.480,1280,720
train,d:\smartnest.ai\smartnest_media_dataset\data\media_dataset\frames\RealEstate10K_frames\images\train\0092c01a563523b7_000210.jpg,bedroom,0092c01a563523b7,210,6.978,1280,720
train,d:\smartnest.ai\smartnest_media_dataset\data\media_dataset\frames\RealEstate10K_frames\images\train\0092c01a563523b7_000225.jpg,bedroom,0092c01a563523b7,225,7.476,1280,720
train,d:\smartnest.ai\smartnest_media_dataset\data\media_dataset\frames\RealEstate10K_frames\images\train\0092c01a563523b7_000240.jpg,bedroom,0092c01a563523b7,240,7.975,1280,720
train,d:\smartnest.ai\smartnest_media_dataset\data\media_dataset\frames\RealEstate10K_frames\images\train\0094ab5b4b9b9bcd_000000.jpg,kitchen,0094ab5b4b9b9bcd,0,0.000,1280,720
train,d:\smartnest.ai\smartnest_media_dataset\data\media_dataset\frames\RealEstate10K_frames\images\train\0094ab5b4b9b9bcd_000015.jpg,kitchen,0094ab5b4b9b9bcd,15,0.500,1280,720
train,d:\smartnest.ai\smartnest_media_dataset\data\media_dataset\frames\RealEstate10K_frames\images\train\0094ab5b4b9b9bcd_000030.jpg,kitchen,0094ab5b4b9b9bcd,30,1.001,1280,720
train,d:\smartnest.ai\smartnest_media_dataset\data\media_dataset\frames\RealEstate10K_frames\images\train\0094ab5b4b9b9bcd_000045.jpg,kitchen,0094ab5b4b9b9bcd,45,1.501,1280,720
train,d:\smartnest.ai\smartnest_media_dataset\data\media_dataset\frames\RealEstate10K_frames\images\train\0094ab5b4b9b9bcd_000060.jpg,kitchen,0094ab5b4b9b9bcd,60,2.002,1280,720
train,d:\smartnest.ai\smartnest_media_dataset\data\media_dataset\frames\RealEstate10K_frames\images\train\0094ab5b4b9b9bcd_000075.jpg,kitchen,0094ab5b4b9b9bcd,75,2.502,1280,720
train,d:\smartnest.ai\smartnest_media_dataset\data\media_dataset\frames\RealEstate10K_frames\images\train\0094ab5b4b9b9bcd_000090.jpg,kitchen,0094ab5b4b9b9bcd,90,3.003,1280,720
train,d:\smartnest.ai\smartnest_media_dataset\data\media_dataset\frames\RealEstate10K_frames\images\train\0094ab5b4b9b9bcd_000105.jpg,kitchen,0094ab5b4b9b9bcd,105,3.503,1280,720
train,d:\smartnest.ai\smartnest_media_dataset\data\media_dataset\frames\RealEstate10K_frames\images\train\0094ab5b4b9b9bcd_000120.jpg,kitchen,0094ab5b4b9b9bcd,120,4.004,1280,720
train,d:\smartnest.ai\smartnest_media_dataset\data\media_dataset\frames\RealEstate10K_frames\images\train\0094ab5b4b9b9bcd_000135.jpg,kitchen,0094ab5b4b9b9bcd,135,4.504,1280,720
train,d:\smartnest.ai\smartnest_media_dataset\data\media_dataset\frames\RealEstate10K_frames\images\train\0094ab5b4b9b9bcd_000150.jpg,kitchen,0094ab5b4b9b9bcd,150,5.004,1280,720
train,d:\smartnest.ai\smartnest_media_dataset\data\media_dataset\frames\RealEstate10K_frames\images\train\0094ab5b4b9b9bcd_000165.jpg,kitchen,0094ab5b4b9b9bcd,165,5.505,1280,720
val,d:\smartnest.ai\smartnest_media_dataset\data\media_dataset\frames\RealEstate10K_frames\images\val\0095d64160cfe952_000000.jpg,bedroom,0095d64160cfe952,0,0.000,1280,720
val,d:\smartnest.ai\smartnest_media_dataset\data\media_dataset\frames\RealEstate10K_frames\images\val\0095d64160cfe952_000015.jpg,bedroom,0095d64160cfe952,15,0.500,1280,720
val,d:\smartnest.ai\smartnest_media_dataset\data\media_dataset\frames\RealEstate10K_frames\images\val\0095d64160cfe952_000030.jpg,bedroom,0095d64160cfe952,30,1.001,1280,720
val,d:\smartnest.ai\smartnest_media_dataset\data\media_dataset\frames\RealEstate10K_frames\images\val\0095d64160cfe952_000045.jpg,bedroom,0095d64160cfe952,45,1.501,1280,720
val,d:\smartnest.ai\smartnest_media_dataset\data\media_dataset\frames\RealEstate10K_frames\images\val\0095d64160cfe952_000060.jpg,bedroom,0095d64160cfe952,60,2.002,1280,720
val,d:\smartnest.ai\smartnest_media_dataset\data\media_dataset\frames\RealEstate10K_frames\images\val\0095d64160cfe952_000075.jpg,bedroom,0095d64160cfe952,75,2.502,1280,720
val,d:\smartnest.ai\smartnest_media_dataset\data\media_dataset\frames\RealEstate10K_frames\images\val\0095d64160cfe952_000090.jpg,bedroom,0095d64160cfe952,90,3.003,1280,720
val,d:\smartnest.ai\smartnest_media_dataset\data\media_dataset\frames\RealEstate10K_frames\images\val\0095d64160cfe952_000105.jpg,bedroom,0095d64160cfe952,105,3.503,1280,720
val,d:\smartnest.ai\smartnest_media_dataset\data\media_dataset\frames\RealEstate10K_frames\images\val\0095d64160cfe952_000120.jpg,bedroom,0095d64160cfe952,120,4.004,1280,720
val,d:\smartnest.ai\smartnest_media_dataset\data\media_dataset\frames\RealEstate10K_frames\images\val\0095d64160cfe952_000135.jpg,bedroom,0095d64160cfe952,135,4.504,1280,720
train,d:\smartnest.ai\smartnest_media_dataset\data\media_dataset\frames\RealEstate10K_frames\images\train\009664cb1b8d351a_000000.jpg,kitchen,009664cb1b8d351a,0,0.000,1280,720
train,d:\smartnest.ai\smartnest_media_dataset\data\media_dataset\frames\RealEstate10K_frames\images\train\009664cb1b8d351a_000015.jpg,kitchen,009664cb1b8d351a,15,0.500,1280,720
train,d:\smartnest.ai\smartnest_media_dataset\data\media_dataset\frames\RealEstate10K_frames\images\train\009664cb1b8d351a_000030.jpg,kitchen,009664cb1b8d351a,30,1.001,1280,720
train,d:\smartnest.ai\smartnest_media_dataset\data\media_dataset\frames\RealEstate10K_frames\images\train\009664cb1b8d351a_000045.jpg,kitchen,009664cb1b8d351a,45,1.501,1280,720
train,d:\smartnest.ai\smartnest_media_dataset\data\media_dataset\frames\RealEstate10K_frames\images\train\009664cb1b8d351a_000060.jpg,kitchen,009664cb1b8d351a,60,2.001,1280,720
train,d:\smartnest.ai\smartnest_media_dataset\data\media_dataset\frames\RealEstate10K_frames\images\train\009664cb1b8d351a_000075.jpg,kitchen,009664cb1b8d351a,75,2.502,1280,720
train,d:\smartnest.ai\smartnest_media_dataset\data\media_dataset\frames\RealEstate10K_frames\images\train\009664cb1b8d351a_000090.jpg,kitchen,009664cb1b8d351a,90,3.002,1280,720
train,d:\smartnest.ai\smartnest_media_dataset\data\media_dataset\frames\RealEstate10K_frames\images\train\009664cb1b8d351a_000105.jpg,kitchen,009664cb1b8d351a,105,3.503,1280,720
train,d:\smartnest.ai\smartnest_media_dataset\data\media_dataset\frames\RealEstate10K_frames\images\train\009664cb1b8d351a_000120.jpg,bathroom,009664cb1b8d351a,120,4.003,1280,720
train,d:\smartnest.ai\smartnest_media_dataset\data\media_dataset\frames\RealEstate10K_frames\images\train\009664cb1b8d351a_000135.jpg,bathroom,009664cb1b8d351a,135,4.503,1280,720
train,d:\smartnest.ai\smartnest_media_dataset\data\media_dataset\frames\RealEstate10K_frames\images\train\009664cb1b8d351a_000150.jpg,bathroom,009664cb1b8d351a,150,5.004,1280,720
train,d:\smartnest.ai\smartnest_media_dataset\data\media_dataset\frames\RealEstate10K_frames\images\train\009664cb1b8d351a_000165.jpg,bathroom,009664cb1b8d351a,165,5.504,1280,720
train,d:\smartnest.ai\smartnest_media_dataset\data\media_dataset\frames\RealEstate10K_frames\images\train\009700fcc49fe368_000000.jpg,kitchen,009700fcc49fe368,0,0.000,1280,720
train,d:\smartnest.ai\smartnest_media_dataset\data\media_dataset\frames\RealEstate10K_frames\images\train\009700fcc49fe368_000012.jpg,balcony,009700fcc49fe368,12,0.500,1280,720
train,d:\smartnest.ai\smartnest_media_dataset\data\media_dataset\frames\RealEstate10K_frames\images\train\009700fcc49fe368_000024.jpg,balcony,009700fcc49fe368,24,1.001,1280,720
train,d:\smartnest.ai\smartnest_media_dataset\data\media_dataset\frames\RealEstate10K_frames\images\train\009700fcc49fe368_000036.jpg,balcony,009700fcc49fe368,36,1.501,1280,720
train,d:\smartnest.ai\smartnest_media_dataset\data\media_dataset\frames\RealEstate10K_frames\images\train\009700fcc49fe368_000048.jpg,balcony,009700fcc49fe368,48,2.002,1280,720
train,d:\smartnest.ai\smartnest_media_dataset\data\media_dataset\frames\RealEstate10K_frames\images\train\009700fcc49fe368_000060.jpg,balcony,009700fcc49fe368,60,2.502,1280,720
train,d:\smartnest.ai\smartnest_media_dataset\data\media_dataset\frames\RealEstate10K_frames\images\train\009700fcc49fe368_000072.jpg,balcony,009700fcc49fe368,72,3.003,1280,720
train,d:\smartnest.ai\smartnest_media_dataset\data\media_dataset\frames\RealEstate10K_frames\images\train\009700fcc49fe368_000084.jpg,kitchen,009700fcc49fe368,84,3.503,1280,720
train,d:\smartnest.ai\smartnest_media_dataset\data\media_dataset\frames\RealEstate10K_frames\images\train\009700fcc49fe368_000096.jpg,kitchen,009700fcc49fe368,96,4.004,1280,720
train,d:\smartnest.ai\smartnest_media_dataset\data\media_dataset\frames\RealEstate10K_frames\images\train\009700fcc49fe368_000108.jpg,kitchen,009700fcc49fe368,108,4.504,1280,720
train,d:\smartnest.ai\smartnest_media_dataset\data\media_dataset\frames\RealEstate10K_frames\images\train\009700fcc49fe368_000120.jpg,kitchen,009700fcc49fe368,120,5.005,1280,720
train,d:\smartnest.ai\smartnest_media_dataset\data\media_dataset\frames\RealEstate10K_frames\images\train\009700fcc49fe368_000132.jpg,kitchen,009700fcc49fe368,132,5.505,1280,720
train,d:\smartnest.ai\smartnest_media_dataset\data\media_dataset\frames\RealEstate10K_frames\images\train\009700fcc49fe368_000144.jpg,kitchen,009700fcc49fe368,144,6.006,1280,720
train,d:\smartnest.ai\smartnest_media_dataset\data\media_dataset\frames\RealEstate10K_frames\images\train\009700fcc49fe368_000156.jpg,kitchen,009700fcc49fe368,156,6.506,1280,720
train,d:\smartnest.ai\smartnest_media_dataset\data\media_dataset\frames\RealEstate10K_frames\images\train\009700fcc49fe368_000168.jpg,kitchen,009700fcc49fe368,168,7.007,1280,720
train,d:\smartnest.ai\smartnest_media_dataset\data\media_dataset\frames\RealEstate10K_frames\images\train\009700fcc49fe368_000180.jpg,kitchen,009700fcc49fe368,180,7.507,1280,720
train,d:\smartnest.ai\smartnest_media_dataset\data\media_dataset\frames\RealEstate10K_frames\images\train\009700fcc49fe368_000192.jpg,kitchen,009700fcc49fe368,192,8.008,1280,720
train,d:\smartnest.ai\smartnest_media_dataset\data\media_dataset\frames\RealEstate10K_frames\images\train\009700fcc49fe368_000204.jpg,kitchen,009700fcc49fe368,204,8.508,1280,720
train,d:\smartnest.ai\smartnest_media_dataset\data\media_dataset\frames\RealEstate10K_frames\images\train\00980329a3221f1c_000000.jpg,living,00980329a3221f1c,0,0.000,1280,720
train,d:\smartnest.ai\smartnest_media_dataset\data\media_dataset\frames\RealEstate10K_frames\images\train\00980329a3221f1c_000015.jpg,balcony,00980329a3221f1c,15,0.500,1280,720
train,d:\smartnest.ai\smartnest_media_dataset\data\media_dataset\frames\RealEstate10K_frames\images\train\00980329a3221f1c_000030.jpg,living,00980329a3221f1c,30,1.001,1280,720
train,d:\smartnest.ai\smartnest_media_dataset\data\media_dataset\frames\RealEstate10K_frames\images\train\00980329a3221f1c_000045.jpg,living,00980329a3221f1c,45,1.501,1280,720
train,d:\smartnest.ai\smartnest_media_dataset\data\media_dataset\frames\RealEstate10K_frames\images\train\00980329a3221f1c_000060.jpg,living,00980329a3221f1c,60,2.002,1280,720
train,d:\smartnest.ai\smartnest_media_dataset\data\media_dataset\frames\RealEstate10K_frames\images\train\00980329a3221f1c_000075.jpg,living,00980329a3221f1c,75,2.502,1280,720
train,d:\smartnest.ai\smartnest_media_dataset\data\media_dataset\frames\RealEstate10K_frames\images\train\00980329a3221f1c_000090.jpg,living,00980329a3221f1c,90,3.003,1280,720
train,d:\smartnest.ai\smartnest_media_dataset\data\media_dataset\frames\RealEstate10K_frames\images\train\00980329a3221f1c_000105.jpg,living,00980329a3221f1c,105,3.503,1280,720
train,d:\smartnest.ai\smartnest_media_dataset\data\media_dataset\frames\RealEstate10K_frames\images\train\00980329a3221f1c_000120.jpg,living,00980329a3221f1c,120,4.004,1280,720
train,d:\smartnest.ai\smartnest_media_dataset\data\media_dataset\frames\RealEstate10K_frames\images\train\00980329a3221f1c_000135.jpg,living,00980329a3221f1c,135,4.504,1280,720
train,d:\smartnest.ai\smartnest_media_dataset\data\media_dataset\frames\RealEstate10K_frames\images\train\00980329a3221f1c_000150.jpg,living,00980329a3221f1c,150,5.004,1280,720
train,d:\smartnest.ai\smartnest_media_dataset\data\media_dataset\frames\RealEstate10K_frames\images\train\00980329a3221f1c_000165.jpg,living,00980329a3221f1c,165,5.505,1280,720
train,d:\smartnest.ai\smartnest_media_dataset\data\media_dataset\frames\RealEstate10K_frames\images\train\00983896bd7169fd_000000.jpg,kitchen,00983896bd7169fd,0,0.000,1280,720
train,d:\smartnest.ai\smartnest_media_dataset\data\media_dataset\frames\RealEstate10K_frames\images\train\00983896bd7169fd_000015.jpg,kitchen,00983896bd7169fd,15,0.501,1280,720
train,d:\smartnest.ai\smartnest_media_dataset\data\media_dataset\frames\RealEstate10K_frames\images\train\00983896bd7169fd_000030.jpg,kitchen,00983896bd7169fd,30,1.001,1280,720
train,d:\smartnest.ai\smartnest_media_dataset\data\media_dataset\frames\RealEstate10K_frames\images\train\00983896bd7169fd_000045.jpg,kitchen,00983896bd7169fd,45,1.502,1280,720
train,d:\smartnest.ai\smartnest_media_dataset\data\media_dataset\frames\RealEstate10K_frames\images\train\00983896bd7169fd_000060.jpg,kitchen,00983896bd7169fd,60,2.002,1280,720
train,d:\smartnest.ai\smartnest_media_dataset\data\media_dataset\frames\RealEstate10K_frames\images\train\00983896bd7169fd_000075.jpg,kitchen,00983896bd7169fd,75,2.502,1280,720
train,d:\smartnest.ai\smartnest_media_dataset\data\media_dataset\frames\RealEstate10K_frames\images\train\00983896bd7169fd_000090.jpg,kitchen,00983896bd7169fd,90,3.003,1280,720
train,d:\smartnest.ai\smartnest_media_dataset\data\media_dataset\frames\RealEstate10K_frames\images\train\00983896bd7169fd_000105.jpg,kitchen,00983896bd7169fd,105,3.504,1280,720
train,d:\smartnest.ai\smartnest_media_dataset\data\media_dataset\frames\RealEstate10K_frames\images\train\0098b4cd92c6fef6_000000.jpg,bedroom,0098b4cd92c6fef6,0,0.000,1280,720
train,d:\smartnest.ai\smartnest_media_dataset\data\media_dataset\frames\RealEstate10K_frames\images\train\0098b4cd92c6fef6_000015.jpg,bedroom,0098b4cd92c6fef6,15,0.494,1280,720
train,d:\smartnest.ai\smartnest_media_dataset\data\media_dataset\frames\RealEstate10K_frames\images\train\0098b4cd92c6fef6_000030.jpg,bedroom,0098b4cd92c6fef6,30,0.988,1280,720
train,d:\smartnest.ai\smartnest_media_dataset\data\media_dataset\frames\RealEstate10K_frames\images\train\0098b4cd92c6fef6_000045.jpg,bedroom,0098b4cd92c6fef6,45,1.481,1280,720
train,d:\smartnest.ai\smartnest_media_dataset\data\media_dataset\frames\RealEstate10K_frames\images\train\0098b4cd92c6fef6_000060.jpg,bedroom,0098b4cd92c6fef6,60,1.975,1280,720
train,d:\smartnest.ai\smartnest_media_dataset\data\media_dataset\frames\RealEstate10K_frames\images\train\0098b4cd92c6fef6_000075.jpg,bedroom,0098b4cd92c6fef6,75,2.469,1280,720
train,d:\smartnest.ai\smartnest_media_dataset\data\media_dataset\frames\RealEstate10K_frames\images\train\0099afa1d37142f4_000000.jpg,bedroom,0099afa1d37142f4,0,0.000,1280,720
train,d:\smartnest.ai\smartnest_media_dataset\data\media_dataset\frames\RealEstate10K_frames\images\train\0099afa1d37142f4_000030.jpg,bedroom,0099afa1d37142f4,30,0.499,1280,720
train,d:\smartnest.ai\smartnest_media_dataset\data\media_dataset\frames\RealEstate10K_frames\images\train\0099afa1d37142f4_000060.jpg,bedroom,0099afa1d37142f4,60,0.997,1280,720
train,d:\smartnest.ai\smartnest_media_dataset\data\media_dataset\frames\RealEstate10K_frames\images\train\0099afa1d37142f4_000090.jpg,bedroom,0099afa1d37142f4,90,1.496,1280,720
train,d:\smartnest.ai\smartnest_media_dataset\data\media_dataset\frames\RealEstate10K_frames\images\train\0099afa1d37142f4_000120.jpg,bedroom,0099afa1d37142f4,120,1.994,1280,720
train,d:\smartnest.ai\smartnest_media_dataset\data\media_dataset\frames\RealEstate10K_frames\images\train\0099afa1d37142f4_000150.jpg,bedroom,0099afa1d37142f4,150,2.493,1280,720
train,d:\smartnest.ai\smartnest_media_dataset\data\media_dataset\frames\RealEstate10K_frames\images\train\0099afa1d37142f4_000180.jpg,bedroom,0099afa1d37142f4,180,2.991,1280,720
train,d:\smartnest.ai\smartnest_media_dataset\data\media_dataset\frames\RealEstate10K_frames\images\train\0099afa1d37142f4_000210.jpg,bedroom,0099afa1d37142f4,210,3.490,1280,720
train,d:\smartnest.ai\smartnest_media_dataset\data\media_dataset\frames\RealEstate10K_frames\images\train\0099afa1d37142f4_000240.jpg,bedroom,0099afa1d37142f4,240,3.988,1280,720
train,d:\smartnest.ai\smartnest_media_dataset\data\media_dataset\frames\RealEstate10K_frames\images\train\0099afa1d37142f4_000270.jpg,bedroom,0099afa1d37142f4,270,4.487,1280,720
val,d:\smartnest.ai\smartnest_media_dataset\data\media_dataset\frames\RealEstate10K_frames\images\val\009a939c6fef1912_000000.jpg,bedroom,009a939c6fef1912,0,0.000,1280,720
val,d:\smartnest.ai\smartnest_media_dataset\data\media_dataset\frames\RealEstate10K_frames\images\val\009a939c6fef1912_000030.jpg,bathroom,009a939c6fef1912,30,0.500,1280,720
val,d:\smartnest.ai\smartnest_media_dataset\data\media_dataset\frames\RealEstate10K_frames\images\val\009a939c6fef1912_000060.jpg,bedroom,009a939c6fef1912,60,1.001,1280,720
val,d:\smartnest.ai\smartnest_media_dataset\data\media_dataset\frames\RealEstate10K_frames\images\val\009a939c6fef1912_000090.jpg,bedroom,009a939c6fef1912,90,1.501,1280,720
val,d:\smartnest.ai\smartnest_media_dataset\data\media_dataset\frames\RealEstate10K_frames\images\val\009a939c6fef1912_000120.jpg,bedroom,009a939c6fef1912,120,2.002,1280,720
val,d:\smartnest.ai\smartnest_media_dataset\data\media_dataset\frames\RealEstate10K_frames\images\val\009a939c6fef1912_000150.jpg,bedroom,009a939c6fef1912,150,2.502,1280,720
val,d:\smartnest.ai\smartnest_media_dataset\data\media_dataset\frames\RealEstate10K_frames\images\val\009a939c6fef1912_000180.jpg,bathroom,009a939c6fef1912,180,3.003,1280,720
val,d:\smartnest.ai\smartnest_media_dataset\data\media_dataset\frames\RealEstate10K_frames\images\val\009a939c6fef1912_000210.jpg,bathroom,009a939c6fef1912,210,3.503,1280,720
val,d:\smartnest.ai\smartnest_media_dataset\data\media_dataset\frames\RealEstate10K_frames\images\val\009a939c6fef1912_000240.jpg,bathroom,009a939c6fef1912,240,4.004,1280,720
val,d:\smartnest.ai\smartnest_media_dataset\data\media_dataset\frames\RealEstate10K_frames\images\val\009a939c6fef1912_000270.jpg,bathroom,009a939c6fef1912,270,4.504,1280,720
val,d:\smartnest.ai\smartnest_media_dataset\data\media_dataset\frames\RealEstate10K_frames\images\val\009a939c6fef1912_000300.jpg,bathroom,009a939c6fef1912,300,5.005,1280,720
val,d:\smartnest.ai\smartnest_media_dataset\data\media_dataset\frames\RealEstate10K_frames\images\val\009a939c6fef1912_000330.jpg,bathroom,009a939c6fef1912,330,5.505,1280,720
val,d:\smartnest.ai\smartnest_media_dataset\data\media_dataset\frames\RealEstate10K_frames\images\val\009a939c6fef1912_000360.jpg,bathroom,009a939c6fef1912,360,6.006,1280,720
val,d:\smartnest.ai\smartnest_media_dataset\data\media_dataset\frames\RealEstate10K_frames\images\val\009a939c6fef1912_000390.jpg,bathroom,009a939c6fef1912,390,6.506,1280,720
val,d:\smartnest.ai\smartnest_media_dataset\data\media_dataset\frames\RealEstate10K_frames\images\val\009a939c6fef1912_000420.jpg,bathroom,009a939c6fef1912,420,7.007,1280,720
val,d:\smartnest.ai\smartnest_media_dataset\data\media_dataset\frames\RealEstate10K_frames\images\val\009a939c6fef1912_000450.jpg,bathroom,009a939c6fef1912,450,7.507,1280,720
val,d:\smartnest.ai\smartnest_media_dataset\data\media_dataset\frames\RealEstate10K_frames\images\val\009a939c6fef1912_000480.jpg,bathroom,009a939c6fef1912,480,8.008,1280,720
val,d:\smartnest.ai\smartnest_media_dataset\data\media_dataset\frames\RealEstate10K_frames\images\val\009a939c6fef1912_000510.jpg,bathroom,009a939c6fef1912,510,8.508,1280,720
test,d:\smartnest.ai\smartnest_media_dataset\data\media_dataset\frames\RealEstate10K_frames\images\test\009b0cac4a16bbaf_000000.jpg,balcony,009b0cac4a16bbaf,0,0.000,1280,720
test,d:\smartnest.ai\smartnest_media_dataset\data\media_dataset\frames\RealEstate10K_frames\images\test\009b0cac4a16bbaf_000015.jpg,bedroom,009b0cac4a16bbaf,15,0.500,1280,720
test,d:\smartnest.ai\smartnest_media_dataset\data\media_dataset\frames\RealEstate10K_frames\images\test\009b0cac4a16bbaf_000030.jpg,bedroom,009b0cac4a16bbaf,30,1.001,1280,720
test,d:\smartnest.ai\smartnest_media_dataset\data\media_dataset\frames\RealEstate10K_frames\images\test\009b0cac4a16bbaf_000045.jpg,bedroom,009b0cac4a16bbaf,45,1.501,1280,720
test,d:\smartnest.ai\smartnest_media_dataset\data\media_dataset\frames\RealEstate10K_frames\images\test\009b0cac4a16bbaf_000060.jpg,bedroom,009b0cac4a16bbaf,60,2.002,1280,720
test,d:\smartnest.ai\smartnest_media_dataset\data\media_dataset\frames\RealEstate10K_frames\images\test\009b0cac4a16bbaf_000075.jpg,bedroom,009b0cac4a16bbaf,75,2.502,1280,720
test,d:\smartnest.ai\smartnest_media_dataset\data\media_dataset\frames\RealEstate10K_frames\images\test\009b0cac4a16bbaf_000090.jpg,bedroom,009b0cac4a16bbaf,90,3.003,1280,720
test,d:\smartnest.ai\smartnest_media_dataset\data\media_dataset\frames\RealEstate10K_frames\images\test\009b0cac4a16bbaf_000105.jpg,bedroom,009b0cac4a16bbaf,105,3.503,1280,720
test,d:\smartnest.ai\smartnest_media_dataset\data\media_dataset\frames\RealEstate10K_frames\images\test\009b0cac4a16bbaf_000120.jpg,bedroom,009b0cac4a16bbaf,120,4.003,1280,720
test,d:\smartnest.ai\smartnest_media_dataset\data\media_dataset\frames\RealEstate10K_frames\images\test\009b0cac4a16bbaf_000135.jpg,bedroom,009b0cac4a16bbaf,135,4.504,1280,720
train,d:\smartnest.ai\smartnest_media_dataset\data\media_dataset\frames\RealEstate10K_frames\images\train\009c0252ca19d76b_000000.jpg,balcony,009c0252ca19d76b,0,0.000,1280,720
train,d:\smartnest.ai\smartnest_media_dataset\data\media_dataset\frames\RealEstate10K_frames\images\train\009c0252ca19d76b_000015.jpg,balcony,009c0252ca19d76b,15,0.497,1280,720
train,d:\smartnest.ai\smartnest_media_dataset\data\media_dataset\frames\RealEstate10K_frames\images\train\009c0252ca19d76b_000030.jpg,balcony,009c0252ca19d76b,30,0.993,1280,720
train,d:\smartnest.ai\smartnest_media_dataset\data\media_dataset\frames\RealEstate10K_frames\images\train\009c0252ca19d76b_000045.jpg,balcony,009c0252ca19d76b,45,1.490,1280,720
train,d:\smartnest.ai\smartnest_media_dataset\data\media_dataset\frames\RealEstate10K_frames\images\train\009c0252ca19d76b_000060.jpg,balcony,009c0252ca19d76b,60,1.986,1280,720
train,d:\smartnest.ai\smartnest_media_dataset\data\media_dataset\frames\RealEstate10K_frames\images\train\009c0252ca19d76b_000075.jpg,balcony,009c0252ca19d76b,75,2.483,1280,720
train,d:\smartnest.ai\smartnest_media_dataset\data\media_dataset\frames\RealEstate10K_frames\images\train\009c0252ca19d76b_000090.jpg,balcony,009c0252ca19d76b,90,2.979,1280,720
train,d:\smartnest.ai\smartnest_media_dataset\data\media_dataset\frames\RealEstate10K_frames\images\train\009c0252ca19d76b_000105.jpg,bedroom,009c0252ca19d76b,105,3.476,1280,720
train,d:\smartnest.ai\smartnest_media_dataset\data\media_dataset\frames\RealEstate10K_frames\images\train\009c0252ca19d76b_000120.jpg,bedroom,009c0252ca19d76b,120,3.972,1280,720
train,d:\smartnest.ai\smartnest_media_dataset\data\media_dataset\frames\RealEstate10K_frames\images\train\009ded7e45b6d15f_000000.jpg,bedroom,009ded7e45b6d15f,0,0.000,1280,720
train,d:\smartnest.ai\smartnest_media_dataset\data\media_dataset\frames\RealEstate10K_frames\images\train\009ded7e45b6d15f_000030.jpg,bedroom,009ded7e45b6d15f,30,0.500,1280,720
train,d:\smartnest.ai\smartnest_media_dataset\data\media_dataset\frames\RealEstate10K_frames\images\train\009ded7e45b6d15f_000060.jpg,bedroom,009ded7e45b6d15f,60,1.001,1280,720
train,d:\smartnest.ai\smartnest_media_dataset\data\media_dataset\frames\RealEstate10K_frames\images\train\009ded7e45b6d15f_000090.jpg,bedroom,009ded7e45b6d15f,90,1.501,1280,720
train,d:\smartnest.ai\smartnest_media_dataset\data\media_dataset\frames\RealEstate10K_frames\images\train\009ded7e45b6d15f_000120.jpg,bedroom,009ded7e45b6d15f,120,2.002,1280,720
train,d:\smartnest.ai\smartnest_media_dataset\data\media_dataset\frames\RealEstate10K_frames\images\train\009ded7e45b6d15f_000150.jpg,bedroom,009ded7e45b6d15f,150,2.502,1280,720
train,d:\smartnest.ai\smartnest_media_dataset\data\media_dataset\frames\RealEstate10K_frames\images\train\009ded7e45b6d15f_000180.jpg,bedroom,009ded7e45b6d15f,180,3.003,1280,720
train,d:\smartnest.ai\smartnest_media_dataset\data\media_dataset\frames\RealEstate10K_frames\images\train\009ded7e45b6d15f_000210.jpg,bedroom,009ded7e45b6d15f,210,3.503,1280,720
train,d:\smartnest.ai\smartnest_media_dataset\data\media_dataset\frames\RealEstate10K_frames\images\train\009ded7e45b6d15f_000240.jpg,bedroom,009ded7e45b6d15f,240,4.004,1280,720
train,d:\smartnest.ai\smartnest_media_dataset\data\media_dataset\frames\RealEstate10K_frames\images\train\009ded7e45b6d15f_000270.jpg,bedroom,009ded7e45b6d15f,270,4.504,1280,720
train,d:\smartnest.ai\smartnest_media_dataset\data\media_dataset\frames\RealEstate10K_frames\images\train\009ded7e45b6d15f_000300.jpg,bedroom,009ded7e45b6d15f,300,5.005,1280,720
train,d:\smartnest.ai\smartnest_media_dataset\data\media_dataset\frames\RealEstate10K_frames\images\train\009ded7e45b6d15f_000330.jpg,bedroom,009ded7e45b6d15f,330,5.505,1280,720
train,d:\smartnest.ai\smartnest_media_dataset\data\media_dataset\frames\RealEstate10K_frames\images\train\009ded7e45b6d15f_000360.jpg,bathroom,009ded7e45b6d15f,360,6.006,1280,720
train,d:\smartnest.ai\smartnest_media_dataset\data\media_dataset\frames\RealEstate10K_frames\images\train\009ded7e45b6d15f_000390.jpg,bedroom,009ded7e45b6d15f,390,6.506,1280,720
train,d:\smartnest.ai\smartnest_media_dataset\data\media_dataset\frames\RealEstate10K_frames\images\train\009ded7e45b6d15f_000420.jpg,bathroom,009ded7e45b6d15f,420,7.007,1280,720
val,d:\smartnest.ai\smartnest_media_dataset\data\media_dataset\frames\RealEstate10K_frames\images\val\009e573e59c8c393_000000.jpg,kitchen,009e573e59c8c393,0,0.000,1280,720
val,d:\smartnest.ai\smartnest_media_dataset\data\media_dataset\frames\RealEstate10K_frames\images\val\009e573e59c8c393_000015.jpg,kitchen,009e573e59c8c393,15,0.498,1280,720
val,d:\smartnest.ai\smartnest_media_dataset\data\media_dataset\frames\RealEstate10K_frames\images\val\009e573e59c8c393_000030.jpg,kitchen,009e573e59c8c393,30,0.995,1280,720
val,d:\smartnest.ai\smartnest_media_dataset\data\media_dataset\frames\RealEstate10K_frames\images\val\009e573e59c8c393_000045.jpg,kitchen,009e573e59c8c393,45,1.493,1280,720
val,d:\smartnest.ai\smartnest_media_dataset\data\media_dataset\frames\RealEstate10K_frames\images\val\009e573e59c8c393_000060.jpg,kitchen,009e573e59c8c393,60,1.991,1280,720
val,d:\smartnest.ai\smartnest_media_dataset\data\media_dataset\frames\RealEstate10K_frames\images\val\009e573e59c8c393_000075.jpg,kitchen,009e573e59c8c393,75,2.488,1280,720
val,d:\smartnest.ai\smartnest_media_dataset\data\media_dataset\frames\RealEstate10K_frames\images\val\009e573e59c8c393_000090.jpg,kitchen,009e573e59c8c393,90,2.986,1280,720
val,d:\smartnest.ai\smartnest_media_dataset\data\media_dataset\frames\RealEstate10K_frames\images\val\009e573e59c8c393_000105.jpg,kitchen,009e573e59c8c393,105,3.483,1280,720
val,d:\smartnest.ai\smartnest_media_dataset\data\media_dataset\frames\RealEstate10K_frames\images\val\009e573e59c8c393_000120.jpg,kitchen,009e573e59c8c393,120,3.981,1280,720
val,d:\smartnest.ai\smartnest_media_dataset\data\media_dataset\frames\RealEstate10K_frames\images\val\009e573e59c8c393_000135.jpg,kitchen,009e573e59c8c393,135,4.479,1280,720
val,d:\smartnest.ai\smartnest_media_dataset\data\media_dataset\frames\RealEstate10K_frames\images\val\009e573e59c8c393_000150.jpg,kitchen,009e573e59c8c393,150,4.976,1280,720
val,d:\smartnest.ai\smartnest_media_dataset\data\media_dataset\frames\RealEstate10K_frames\images\val\009e573e59c8c393_000165.jpg,kitchen,009e573e59c8c393,165,5.474,1280,720
train,d:\smartnest.ai\smartnest_media_dataset\data\media_dataset\frames\RealEstate10K_frames\images\train\009e714d9a952807_000000.jpg,bathroom,009e714d9a952807,0,0.000,1280,720
train,d:\smartnest.ai\smartnest_media_dataset\data\media_dataset\frames\RealEstate10K_frames\images\train\009e714d9a952807_000015.jpg,bathroom,009e714d9a952807,15,0.500,1280,720
train,d:\smartnest.ai\smartnest_media_dataset\data\media_dataset\frames\RealEstate10K_frames\images\train\009e714d9a952807_000030.jpg,bedroom,009e714d9a952807,30,1.001,1280,720
train,d:\smartnest.ai\smartnest_media_dataset\data\media_dataset\frames\RealEstate10K_frames\images\train\009e714d9a952807_000045.jpg,bedroom,009e714d9a952807,45,1.501,1280,720
train,d:\smartnest.ai\smartnest_media_dataset\data\media_dataset\frames\RealEstate10K_frames\images\train\009e714d9a952807_000060.jpg,bedroom,009e714d9a952807,60,2.002,1280,720
train,d:\smartnest.ai\smartnest_media_dataset\data\media_dataset\frames\RealEstate10K_frames\images\train\009e714d9a952807_000075.jpg,bathroom,009e714d9a952807,75,2.502,1280,720
train,d:\smartnest.ai\smartnest_media_dataset\data\media_dataset\frames\RealEstate10K_frames\images\train\009e714d9a952807_000090.jpg,bedroom,009e714d9a952807,90,3.003,1280,720
train,d:\smartnest.ai\smartnest_media_dataset\data\media_dataset\frames\RealEstate10K_frames\images\train\009e714d9a952807_000105.jpg,bathroom,009e714d9a952807,105,3.503,1280,720
train,d:\smartnest.ai\smartnest_media_dataset\data\media_dataset\frames\RealEstate10K_frames\images\train\009e714d9a952807_000120.jpg,bathroom,009e714d9a952807,120,4.004,1280,720
train,d:\smartnest.ai\smartnest_media_dataset\data\media_dataset\frames\RealEstate10K_frames\images\train\009e714d9a952807_000135.jpg,bathroom,009e714d9a952807,135,4.504,1280,720
train,d:\smartnest.ai\smartnest_media_dataset\data\media_dataset\frames\RealEstate10K_frames\images\train\009e714d9a952807_000150.jpg,bathroom,009e714d9a952807,150,5.005,1280,720
train,d:\smartnest.ai\smartnest_media_dataset\data\media_dataset\frames\RealEstate10K_frames\images\train\009e714d9a952807_000165.jpg,bathroom,009e714d9a952807,165,5.505,1280,720
train,d:\smartnest.ai\smartnest_media_dataset\data\media_dataset\frames\RealEstate10K_frames\images\train\009e7b2d81e10364_000000.jpg,kitchen,009e7b2d81e10364,0,0.000,1280,720
train,d:\smartnest.ai\smartnest_media_dataset\data\media_dataset\frames\RealEstate10K_frames\images\train\009e7b2d81e10364_000012.jpg,kitchen,009e7b2d81e10364,12,0.495,1280,720
train,d:\smartnest.ai\smartnest_media_dataset\data\media_dataset\frames\RealEstate10K_frames\images\train\009e7b2d81e10364_000024.jpg,kitchen,009e7b2d81e10364,24,0.989,1280,720
train,d:\smartnest.ai\smartnest_media_dataset\data\media_dataset\frames\RealEstate10K_frames\images\train\009e7b2d81e10364_000036.jpg,kitchen,009e7b2d81e10364,36,1.484,1280,720
train,d:\smartnest.ai\smartnest_media_dataset\data\media_dataset\frames\RealEstate10K_frames\images\train\009e7b2d81e10364_000048.jpg,kitchen,009e7b2d81e10364,48,1.978,1280,720
train,d:\smartnest.ai\smartnest_media_dataset\data\media_dataset\frames\RealEstate10K_frames\images\train\009e7b2d81e10364_000060.jpg,kitchen,009e7b2d81e10364,60,2.473,1280,720
train,d:\smartnest.ai\smartnest_media_dataset\data\media_dataset\frames\RealEstate10K_frames\images\train\009e7b2d81e10364_000072.jpg,kitchen,009e7b2d81e10364,72,2.968,1280,720
train,d:\smartnest.ai\smartnest_media_dataset\data\media_dataset\frames\RealEstate10K_frames\images\train\009e7b2d81e10364_000084.jpg,kitchen,009e7b2d81e10364,84,3.462,1280,720
val,d:\smartnest.ai\smartnest_media_dataset\data\media_dataset\frames\RealEstate10K_frames\images\val\009ef0283740e7b3_000000.jpg,bedroom,009ef0283740e7b3,0,0.000,1280,720
val,d:\smartnest.ai\smartnest_media_dataset\data\media_dataset\frames\RealEstate10K_frames\images\val\009ef0283740e7b3_000015.jpg,bedroom,009ef0283740e7b3,15,0.500,1280,720
val,d:\smartnest.ai\smartnest_media_dataset\data\media_dataset\frames\RealEstate10K_frames\images\val\009ef0283740e7b3_000030.jpg,bedroom,009ef0283740e7b3,30,1.001,1280,720
val,d:\smartnest.ai\smartnest_media_dataset\data\media_dataset\frames\RealEstate10K_frames\images\val\009ef0283740e7b3_000045.jpg,bedroom,009ef0283740e7b3,45,1.501,1280,720
val,d:\smartnest.ai\smartnest_media_dataset\data\media_dataset\frames\RealEstate10K_frames\images\val\009ef0283740e7b3_000060.jpg,bedroom,009ef0283740e7b3,60,2.002,1280,720
val,d:\smartnest.ai\smartnest_media_dataset\data\media_dataset\frames\RealEstate10K_frames\images\val\009ef0283740e7b3_000075.jpg,bedroom,009ef0283740e7b3,75,2.502,1280,720
val,d:\smartnest.ai\smartnest_media_dataset\data\media_dataset\frames\RealEstate10K_frames\images\val\009ef0283740e7b3_000090.jpg,bedroom,009ef0283740e7b3,90,3.003,1280,720
val,d:\smartnest.ai\smartnest_media_dataset\data\media_dataset\frames\RealEstate10K_frames\images\val\009ef0283740e7b3_000105.jpg,bedroom,009ef0283740e7b3,105,3.503,1280,720
val,d:\smartnest.ai\smartnest_media_dataset\data\media_dataset\frames\RealEstate10K_frames\images\val\009ef0283740e7b3_000120.jpg,bedroom,009ef0283740e7b3,120,4.004,1280,720
val,d:\smartnest.ai\smartnest_media_dataset\data\media_dataset\frames\RealEstate10K_frames\images\val\009ef0283740e7b3_000135.jpg,bedroom,009ef0283740e7b3,135,4.504,1280,720
val,d:\smartnest.ai\smartnest_media_dataset\data\media_dataset\frames\RealEstate10K_frames\images\val\009ef0283740e7b3_000150.jpg,bedroom,009ef0283740e7b3,150,5.005,1280,720
train,d:\smartnest.ai\smartnest_media_dataset\data\media_dataset\frames\RealEstate10K_frames\images\train\009f5248262f70e0_000000.jpg,bedroom,009f5248262f70e0,0,0.000,1280,720
train,d:\smartnest.ai\smartnest_media_dataset\data\media_dataset\frames\RealEstate10K_frames\images\train\009f5248262f70e0_000030.jpg,kitchen,009f5248262f70e0,30,0.500,1280,720
train,d:\smartnest.ai\smartnest_media_dataset\data\media_dataset\frames\RealEstate10K_frames\images\train\009f5248262f70e0_000060.jpg,kitchen,009f5248262f70e0,60,1.001,1280,720
train,d:\smartnest.ai\smartnest_media_dataset\data\media_dataset\frames\RealEstate10K_frames\images\train\009f5248262f70e0_000090.jpg,kitchen,009f5248262f70e0,90,1.501,1280,720
train,d:\smartnest.ai\smartnest_media_dataset\data\media_dataset\frames\RealEstate10K_frames\images\train\009f5248262f70e0_000120.jpg,kitchen,009f5248262f70e0,120,2.002,1280,720
train,d:\smartnest.ai\smartnest_media_dataset\data\media_dataset\frames\RealEstate10K_frames\images\train\009f5248262f70e0_000150.jpg,kitchen,009f5248262f70e0,150,2.502,1280,720
train,d:\smartnest.ai\smartnest_media_dataset\data\media_dataset\frames\RealEstate10K_frames\images\train\009f5248262f70e0_000180.jpg,kitchen,009f5248262f70e0,180,3.003,1280,720
train,d:\smartnest.ai\smartnest_media_dataset\data\media_dataset\frames\RealEstate10K_frames\images\train\009f5248262f70e0_000210.jpg,kitchen,009f5248262f70e0,210,3.503,1280,720
train,d:\smartnest.ai\smartnest_media_dataset\data\media_dataset\frames\RealEstate10K_frames\images\train\009f5248262f70e0_000240.jpg,kitchen,009f5248262f70e0,240,4.004,1280,720
train,d:\smartnest.ai\smartnest_media_dataset\data\media_dataset\frames\RealEstate10K_frames\images\train\009f5248262f70e0_000270.jpg,kitchen,009f5248262f70e0,270,4.504,1280,720
train,d:\smartnest.ai\smartnest_media_dataset\data\media_dataset\frames\RealEstate10K_frames\images\train\009f5248262f70e0_000300.jpg,kitchen,009f5248262f70e0,300,5.005,1280,720
train,d:\smartnest.ai\smartnest_media_dataset\data\media_dataset\frames\RealEstate10K_frames\images\train\009f5248262f70e0_000330.jpg,kitchen,009f5248262f70e0,330,5.505,1280,720
train,d:\smartnest.ai\smartnest_media_dataset\data\media_dataset\frames\RealEstate10K_frames\images\train\009f5248262f70e0_000360.jpg,kitchen,009f5248262f70e0,360,6.006,1280,720
train,d:\smartnest.ai\smartnest_media_dataset\data\media_dataset\frames\RealEstate10K_frames\images\train\009f5248262f70e0_000390.jpg,kitchen,009f5248262f70e0,390,6.506,1280,720
train,d:\smartnest.ai\smartnest_media_dataset\data\media_dataset\frames\RealEstate10K_frames\images\train\009f5248262f70e0_000420.jpg,kitchen,009f5248262f70e0,420,7.007,1280,720
train,d:\smartnest.ai\smartnest_media_dataset\data\media_dataset\frames\RealEstate10K_frames\images\train\009f5248262f70e0_000450.jpg,kitchen,009f5248262f70e0,450,7.507,1280,720
train,d:\smartnest.ai\smartnest_media_dataset\data\media_dataset\frames\RealEstate10K_frames\images\train\009f5248262f70e0_000480.jpg,kitchen,009f5248262f70e0,480,8.008,1280,720
train,d:\smartnest.ai\smartnest_media_dataset\data\media_dataset\frames\RealEstate10K_frames\images\train\009f5248262f70e0_000510.jpg,kitchen,009f5248262f70e0,510,8.508,1280,720
train,d:\smartnest.ai\smartnest_media_dataset\data\media_dataset\frames\RealEstate10K_frames\images\train\009f5248262f70e0_000540.jpg,kitchen,009f5248262f70e0,540,9.009,1280,720
train,d:\smartnest.ai\smartnest_media_dataset\data\media_dataset\frames\RealEstate10K_frames\images\train\009f6e6c5aea0441_000000.jpg,living,009f6e6c5aea0441,0,0.000,1280,720
train,d:\smartnest.ai\smartnest_media_dataset\data\media_dataset\frames\RealEstate10K_frames\images\train\009f6e6c5aea0441_000015.jpg,living,009f6e6c5aea0441,15,0.501,1280,720
train,d:\smartnest.ai\smartnest_media_dataset\data\media_dataset\frames\RealEstate10K_frames\images\train\009f6e6c5aea0441_000030.jpg,living,009f6e6c5aea0441,30,1.001,1280,720
train,d:\smartnest.ai\smartnest_media_dataset\data\media_dataset\frames\RealEstate10K_frames\images\train\009f6e6c5aea0441_000045.jpg,living,009f6e6c5aea0441,45,1.502,1280,720
train,d:\smartnest.ai\smartnest_media_dataset\data\media_dataset\frames\RealEstate10K_frames\images\train\009f6e6c5aea0441_000060.jpg,living,009f6e6c5aea0441,60,2.002,1280,720
train,d:\smartnest.ai\smartnest_media_dataset\data\media_dataset\frames\RealEstate10K_frames\images\train\009f6e6c5aea0441_000075.jpg,living,009f6e6c5aea0441,75,2.502,1280,720
train,d:\smartnest.ai\smartnest_media_dataset\data\media_dataset\frames\RealEstate10K_frames\images\train\009f6e6c5aea0441_000090.jpg,living,009f6e6c5aea0441,90,3.003,1280,720
train,d:\smartnest.ai\smartnest_media_dataset\data\media_dataset\frames\RealEstate10K_frames\images\train\009f6e6c5aea0441_000105.jpg,living,009f6e6c5aea0441,105,3.504,1280,720
train,d:\smartnest.ai\smartnest_media_dataset\data\media_dataset\frames\RealEstate10K_frames\images\train\009f6e6c5aea0441_000120.jpg,living,009f6e6c5aea0441,120,4.004,1280,720
train,d:\smartnest.ai\smartnest_media_dataset\data\media_dataset\frames\RealEstate10K_frames\images\train\009f6e6c5aea0441_000135.jpg,balcony,009f6e6c5aea0441,135,4.505,1280,720
train,d:\smartnest.ai\smartnest_media_dataset\data\media_dataset\frames\RealEstate10K_frames\images\train\009f6e6c5aea0441_000150.jpg,living,009f6e6c5aea0441,150,5.005,1280,720
train,d:\smartnest.ai\smartnest_media_dataset\data\media_dataset\frames\RealEstate10K_frames\images\train\009f6e6c5aea0441_000165.jpg,living,009f6e6c5aea0441,165,5.506,1280,720
train,d:\smartnest.ai\smartnest_media_dataset\data\media_dataset\frames\RealEstate10K_frames\images\train\009f6e6c5aea0441_000180.jpg,living,009f6e6c5aea0441,180,6.006,1280,720
train,d:\smartnest.ai\smartnest_media_dataset\data\media_dataset\frames\RealEstate10K_frames\images\train\009f6e6c5aea0441_000195.jpg,living,009f6e6c5aea0441,195,6.506,1280,720
train,d:\smartnest.ai\smartnest_media_dataset\data\media_dataset\frames\RealEstate10K_frames\images\train\009f6e6c5aea0441_000210.jpg,living,009f6e6c5aea0441,210,7.007,1280,720
train,d:\smartnest.ai\smartnest_media_dataset\data\media_dataset\frames\RealEstate10K_frames\images\train\009f73815f3e3b42_000000.jpg,kitchen,009f73815f3e3b42,0,0.000,1280,720
train,d:\smartnest.ai\smartnest_media_dataset\data\media_dataset\frames\RealEstate10K_frames\images\train\009f73815f3e3b42_000015.jpg,kitchen,009f73815f3e3b42,15,0.498,1280,720
train,d:\smartnest.ai\smartnest_media_dataset\data\media_dataset\frames\RealEstate10K_frames\images\train\009f73815f3e3b42_000030.jpg,kitchen,009f73815f3e3b42,30,0.997,1280,720
train,d:\smartnest.ai\smartnest_media_dataset\data\media_dataset\frames\RealEstate10K_frames\images\train\009f73815f3e3b42_000045.jpg,kitchen,009f73815f3e3b42,45,1.495,1280,720
train,d:\smartnest.ai\smartnest_media_dataset\data\media_dataset\frames\RealEstate10K_frames\images\train\009f73815f3e3b42_000060.jpg,kitchen,009f73815f3e3b42,60,1.994,1280,720
train,d:\smartnest.ai\smartnest_media_dataset\data\media_dataset\frames\RealEstate10K_frames\images\train\009f73815f3e3b42_000075.jpg,kitchen,009f73815f3e3b42,75,2.492,1280,720
train,d:\smartnest.ai\smartnest_media_dataset\data\media_dataset\frames\RealEstate10K_frames\images\train\009f73815f3e3b42_000090.jpg,kitchen,009f73815f3e3b42,90,2.991,1280,720
train,d:\smartnest.ai\smartnest_media_dataset\data\media_dataset\frames\RealEstate10K_frames\images\train\009f73815f3e3b42_000105.jpg,kitchen,009f73815f3e3b42,105,3.489,1280,720
train,d:\smartnest.ai\smartnest_media_dataset\data\media_dataset\frames\RealEstate10K_frames\images\train\009f73815f3e3b42_000120.jpg,kitchen,009f73815f3e3b42,120,3.988,1280,720
train,d:\smartnest.ai\smartnest_media_dataset\data\media_dataset\frames\RealEstate10K_frames\images\train\009f73815f3e3b42_000135.jpg,kitchen,009f73815f3e3b42,135,4.486,1280,720
train,d:\smartnest.ai\smartnest_media_dataset\data\media_dataset\frames\RealEstate10K_frames\images\train\009f73815f3e3b42_000150.jpg,kitchen,009f73815f3e3b42,150,4.985,1280,720
train,d:\smartnest.ai\smartnest_media_dataset\data\media_dataset\frames\RealEstate10K_frames\images\train\009f73815f3e3b42_000165.jpg,kitchen,009f73815f3e3b42,165,5.483,1280,720
train,d:\smartnest.ai\smartnest_media_dataset\data\media_dataset\frames\RealEstate10K_frames\images\train\009f73815f3e3b42_000180.jpg,kitchen,009f73815f3e3b42,180,5.982,1280,720
train,d:\smartnest.ai\smartnest_media_dataset\data\media_dataset\frames\RealEstate10K_frames\images\train\009f73815f3e3b42_000195.jpg,kitchen,009f73815f3e3b42,195,6.480,1280,720
train,d:\smartnest.ai\smartnest_media_dataset\data\media_dataset\frames\RealEstate10K_frames\images\train\009f73815f3e3b42_000210.jpg,kitchen,009f73815f3e3b42,210,6.979,1280,720
train,d:\smartnest.ai\smartnest_media_dataset\data\media_dataset\frames\RealEstate10K_frames\images\train\009f73815f3e3b42_000225.jpg,kitchen,009f73815f3e3b42,225,7.477,1280,720
train,d:\smartnest.ai\smartnest_media_dataset\data\media_dataset\frames\RealEstate10K_frames\images\train\009f73815f3e3b42_000240.jpg,bathroom,009f73815f3e3b42,240,7.976,1280,720
train,d:\smartnest.ai\smartnest_media_dataset\data\media_dataset\frames\RealEstate10K_frames\images\train\00a50bfbce75d465_000000.jpg,kitchen,00a50bfbce75d465,0,0.000,1280,720
train,d:\smartnest.ai\smartnest_media_dataset\data\media_dataset\frames\RealEstate10K_frames\images\train\00a50bfbce75d465_000030.jpg,kitchen,00a50bfbce75d465,30,0.501,1280,720
train,d:\smartnest.ai\smartnest_media_dataset\data\media_dataset\frames\RealEstate10K_frames\images\train\00a50bfbce75d465_000060.jpg,kitchen,00a50bfbce75d465,60,1.001,1280,720
train,d:\smartnest.ai\smartnest_media_dataset\data\media_dataset\frames\RealEstate10K_frames\images\train\00a50bfbce75d465_000090.jpg,kitchen,00a50bfbce75d465,90,1.502,1280,720
train,d:\smartnest.ai\smartnest_media_dataset\data\media_dataset\frames\RealEstate10K_frames\images\train\00a50bfbce75d465_000120.jpg,kitchen,00a50bfbce75d465,120,2.002,1280,720
train,d:\smartnest.ai\smartnest_media_dataset\data\media_dataset\frames\RealEstate10K_frames\images\train\00a50bfbce75d465_000150.jpg,kitchen,00a50bfbce75d465,150,2.503,1280,720
train,d:\smartnest.ai\smartnest_media_dataset\data\media_dataset\frames\RealEstate10K_frames\images\train\00a50bfbce75d465_000180.jpg,kitchen,00a50bfbce75d465,180,3.003,1280,720
train,d:\smartnest.ai\smartnest_media_dataset\data\media_dataset\frames\RealEstate10K_frames\images\train\00a50bfbce75d465_000210.jpg,kitchen,00a50bfbce75d465,210,3.504,1280,720
train,d:\smartnest.ai\smartnest_media_dataset\data\media_dataset\frames\RealEstate10K_frames\images\train\00a50bfbce75d465_000240.jpg,bedroom,00a50bfbce75d465,240,4.004,1280,720
train,d:\smartnest.ai\smartnest_media_dataset\data\media_dataset\frames\RealEstate10K_frames\images\train\00a50bfbce75d465_000270.jpg,bedroom,00a50bfbce75d465,270,4.505,1280,720
train,d:\smartnest.ai\smartnest_media_dataset\data\media_dataset\frames\RealEstate10K_frames\images\train\00a50bfbce75d465_000300.jpg,bedroom,00a50bfbce75d465,300,5.005,1280,720
train,d:\smartnest.ai\smartnest_media_dataset\data\media_dataset\frames\RealEstate10K_frames\images\train\00a50bfbce75d465_000330.jpg,bedroom,00a50bfbce75d465,330,5.506,1280,720
train,d:\smartnest.ai\smartnest_media_dataset\data\media_dataset\frames\RealEstate10K_frames\images\train\00a50bfbce75d465_000360.jpg,bedroom,00a50bfbce75d465,360,6.006,1280,720
train,d:\smartnest.ai\smartnest_media_dataset\data\media_dataset\frames\RealEstate10K_frames\images\train\00a50bfbce75d465_000390.jpg,bedroom,00a50bfbce75d465,390,6.507,1280,720
train,d:\smartnest.ai\smartnest_media_dataset\data\media_dataset\frames\RealEstate10K_frames\images\train\00a50bfbce75d465_000420.jpg,bedroom,00a50bfbce75d465,420,7.007,1280,720
train,d:\smartnest.ai\smartnest_media_dataset\data\media_dataset\frames\RealEstate10K_frames\images\train\00a50bfbce75d465_000450.jpg,bedroom,00a50bfbce75d465,450,7.508,1280,720
train,d:\smartnest.ai\smartnest_media_dataset\data\media_dataset\frames\RealEstate10K_frames\images\train\00a50bfbce75d465_000480.jpg,bedroom,00a50bfbce75d465,480,8.008,1280,720
train,d:\smartnest.ai\smartnest_media_dataset\data\media_dataset\frames\RealEstate10K_frames\images\train\00a50bfbce75d465_000510.jpg,kitchen,00a50bfbce75d465,510,8.509,1280,720
train,d:\smartnest.ai\smartnest_media_dataset\data\media_dataset\frames\RealEstate10K_frames\images\train\00a50bfbce75d465_000540.jpg,kitchen,00a50bfbce75d465,540,9.009,1280,720
train,d:\smartnest.ai\smartnest_media_dataset\data\media_dataset\frames\RealEstate10K_frames\images\train\00a50bfbce75d465_000570.jpg,bedroom,00a50bfbce75d465,570,9.510,1280,720
train,d:\smartnest.ai\smartnest_media_dataset\data\media_dataset\frames\RealEstate10K_frames\images\train\00a50bfbce75d465_000600.jpg,bedroom,00a50bfbce75d465,600,10.010,1280,720
train,d:\smartnest.ai\smartnest_media_dataset\data\media_dataset\frames\RealEstate10K_frames\images\train\00a50bfbce75d465_000630.jpg,kitchen,00a50bfbce75d465,630,10.511,1280,720
train,d:\smartnest.ai\smartnest_media_dataset\data\media_dataset\frames\RealEstate10K_frames\images\train\00a50bfbce75d465_000660.jpg,kitchen,00a50bfbce75d465,660,11.011,1280,720
train,d:\smartnest.ai\smartnest_media_dataset\data\media_dataset\frames\RealEstate10K_frames\images\train\00a50bfbce75d465_000690.jpg,kitchen,00a50bfbce75d465,690,11.512,1280,720
train,d:\smartnest.ai\smartnest_media_dataset\data\media_dataset\frames\RealEstate10K_frames\images\train\00a50bfbce75d465_000720.jpg,kitchen,00a50bfbce75d465,720,12.012,1280,720
train,d:\smartnest.ai\smartnest_media_dataset\data\media_dataset\frames\RealEstate10K_frames\images\train\00a50bfbce75d465_000750.jpg,bedroom,00a50bfbce75d465,750,12.513,1280,720
train,d:\smartnest.ai\smartnest_media_dataset\data\media_dataset\frames\RealEstate10K_frames\images\train\00a50bfbce75d465_000780.jpg,bedroom,00a50bfbce75d465,780,13.013,1280,720
train,d:\smartnest.ai\smartnest_media_dataset\data\media_dataset\frames\RealEstate10K_frames\images\train\00a50bfbce75d465_000810.jpg,kitchen,00a50bfbce75d465,810,13.514,1280,720
train,d:\smartnest.ai\smartnest_media_dataset\data\media_dataset\frames\RealEstate10K_frames\images\train\00a50bfbce75d465_000840.jpg,kitchen,00a50bfbce75d465,840,14.014,1280,720
train,d:\smartnest.ai\smartnest_media_dataset\data\media_dataset\frames\RealEstate10K_frames\images\train\00a5a09a0c68b59b_000000.jpg,bedroom,00a5a09a0c68b59b,0,0.000,1280,720
train,d:\smartnest.ai\smartnest_media_dataset\data\media_dataset\frames\RealEstate10K_frames\images\train\00a5a09a0c68b59b_000030.jpg,bedroom,00a5a09a0c68b59b,30,0.500,1280,720
train,d:\smartnest.ai\smartnest_media_dataset\data\media_dataset\frames\RealEstate10K_frames\images\train\00a5a09a0c68b59b_000060.jpg,bedroom,00a5a09a0c68b59b,60,1.001,1280,720
train,d:\smartnest.ai\smartnest_media_dataset\data\media_dataset\frames\RealEstate10K_frames\images\train\00a5a09a0c68b59b_000090.jpg,bedroom,00a5a09a0c68b59b,90,1.501,1280,720
train,d:\smartnest.ai\smartnest_media_dataset\data\media_dataset\frames\RealEstate10K_frames\images\train\00a5a09a0c68b59b_000120.jpg,bedroom,00a5a09a0c68b59b,120,2.002,1280,720
train,d:\smartnest.ai\smartnest_media_dataset\data\media_dataset\frames\RealEstate10K_frames\images\train\00a5a09a0c68b59b_000150.jpg,bedroom,00a5a09a0c68b59b,150,2.502,1280,720
train,d:\smartnest.ai\smartnest_media_dataset\data\media_dataset\frames\RealEstate10K_frames\images\train\00a5a09a0c68b59b_000180.jpg,bedroom,00a5a09a0c68b59b,180,3.003,1280,720
train,d:\smartnest.ai\smartnest_media_dataset\data\media_dataset\frames\RealEstate10K_frames\images\train\00a5a09a0c68b59b_000210.jpg,bathroom,00a5a09a0c68b59b,210,3.503,1280,720
train,d:\smartnest.ai\smartnest_media_dataset\data\media_dataset\frames\RealEstate10K_frames\images\train\00a5a09a0c68b59b_000240.jpg,bathroom,00a5a09a0c68b59b,240,4.004,1280,720
train,d:\smartnest.ai\smartnest_media_dataset\data\media_dataset\frames\RealEstate10K_frames\images\train\00a5a09a0c68b59b_000270.jpg,bathroom,00a5a09a0c68b59b,270,4.504,1280,720
train,d:\smartnest.ai\smartnest_media_dataset\data\media_dataset\frames\RealEstate10K_frames\images\train\00a5a09a0c68b59b_000300.jpg,bathroom,00a5a09a0c68b59b,300,5.005,1280,720
train,d:\smartnest.ai\smartnest_media_dataset\data\media_dataset\frames\RealEstate10K_frames\images\train\00a5a09a0c68b59b_000330.jpg,bathroom,00a5a09a0c68b59b,330,5.505,1280,720
train,d:\smartnest.ai\smartnest_media_dataset\data\media_dataset\frames\RealEstate10K_frames\images\train\00a5a09a0c68b59b_000360.jpg,bathroom,00a5a09a0c68b59b,360,6.006,1280,720
train,d:\smartnest.ai\smartnest_media_dataset\data\media_dataset\frames\RealEstate10K_frames\images\train\00a5a09a0c68b59b_000390.jpg,bathroom,00a5a09a0c68b59b,390,6.506,1280,720
train,d:\smartnest.ai\smartnest_media_dataset\data\media_dataset\frames\RealEstate10K_frames\images\train\00a5a09a0c68b59b_000420.jpg,bathroom,00a5a09a0c68b59b,420,7.007,1280,720
train,d:\smartnest.ai\smartnest_media_dataset\data\media_dataset\frames\RealEstate10K_frames\images\train\00a5a09a0c68b59b_000450.jpg,bathroom,00a5a09a0c68b59b,450,7.507,1280,720
train,d:\smartnest.ai\smartnest_media_dataset\data\media_dataset\frames\RealEstate10K_frames\images\train\00a5a09a0c68b59b_000480.jpg,bathroom,00a5a09a0c68b59b,480,8.008,1280,720
train,d:\smartnest.ai\smartnest_media_dataset\data\media_dataset\frames\RealEstate10K_frames\images\train\00a5a09a0c68b59b_000510.jpg,bathroom,00a5a09a0c68b59b,510,8.508,1280,720
train,d:\smartnest.ai\smartnest_media_dataset\data\media_dataset\frames\RealEstate10K_frames\images\train\00a5a09a0c68b59b_000540.jpg,bathroom,00a5a09a0c68b59b,540,9.009,1280,720
train,d:\smartnest.ai\smartnest_media_dataset\data\media_dataset\frames\RealEstate10K_frames\images\train\00a5a09a0c68b59b_000570.jpg,bathroom,00a5a09a0c68b59b,570,9.509,1280,720
train,d:\smartnest.ai\smartnest_media_dataset\data\media_dataset\frames\RealEstate10K_frames\images\train\00a5a09a0c68b59b_000600.jpg,bathroom,00a5a09a0c68b59b,600,10.010,1280,720
test,d:\smartnest.ai\smartnest_media_dataset\data\media_dataset\frames\RealEstate10K_frames\images\test\00a5cfccd6508e96_000000.jpg,bedroom,00a5cfccd6508e96,0,0.000,1280,720
test,d:\smartnest.ai\smartnest_media_dataset\data\media_dataset\frames\RealEstate10K_frames\images\test\00a5cfccd6508e96_000015.jpg,bedroom,00a5cfccd6508e96,15,0.500,1280,720
test,d:\smartnest.ai\smartnest_media_dataset\data\media_dataset\frames\RealEstate10K_frames\images\test\00a5cfccd6508e96_000030.jpg,bedroom,00a5cfccd6508e96,30,1.001,1280,720
test,d:\smartnest.ai\smartnest_media_dataset\data\media_dataset\frames\RealEstate10K_frames\images\test\00a5cfccd6508e96_000045.jpg,kitchen,00a5cfccd6508e96,45,1.501,1280,720
test,d:\smartnest.ai\smartnest_media_dataset\data\media_dataset\frames\RealEstate10K_frames\images\test\00a5cfccd6508e96_000060.jpg,kitchen,00a5cfccd6508e96,60,2.002,1280,720
test,d:\smartnest.ai\smartnest_media_dataset\data\media_dataset\frames\RealEstate10K_frames\images\test\00a5cfccd6508e96_000075.jpg,kitchen,00a5cfccd6508e96,75,2.502,1280,720
test,d:\smartnest.ai\smartnest_media_dataset\data\media_dataset\frames\RealEstate10K_frames\images\test\00a5cfccd6508e96_000090.jpg,kitchen,00a5cfccd6508e96,90,3.003,1280,720
test,d:\smartnest.ai\smartnest_media_dataset\data\media_dataset\frames\RealEstate10K_frames\images\test\00a5cfccd6508e96_000105.jpg,kitchen,00a5cfccd6508e96,105,3.503,1280,720
test,d:\smartnest.ai\smartnest_media_dataset\data\media_dataset\frames\RealEstate10K_frames\images\test\00a5cfccd6508e96_000120.jpg,kitchen,00a5cfccd6508e96,120,4.004,1280,720
test,d:\smartnest.ai\smartnest_media_dataset\data\media_dataset\frames\RealEstate10K_frames\images\test\00a5cfccd6508e96_000135.jpg,kitchen,00a5cfccd6508e96,135,4.504,1280,720
test,d:\smartnest.ai\smartnest_media_dataset\data\media_dataset\frames\RealEstate10K_frames\images\test\00a5cfccd6508e96_000150.jpg,kitchen,00a5cfccd6508e96,150,5.005,1280,720
test,d:\smartnest.ai\smartnest_media_dataset\data\media_dataset\frames\RealEstate10K_frames\images\test\00a5cfccd6508e96_000165.jpg,kitchen,00a5cfccd6508e96,165,5.505,1280,720
test,d:\smartnest.ai\smartnest_media_dataset\data\media_dataset\frames\RealEstate10K_frames\images\test\00a5cfccd6508e96_000180.jpg,kitchen,00a5cfccd6508e96,180,6.006,1280,720
test,d:\smartnest.ai\smartnest_media_dataset\data\media_dataset\frames\RealEstate10K_frames\images\test\00a5cfccd6508e96_000195.jpg,kitchen,00a5cfccd6508e96,195,6.506,1280,720
test,d:\smartnest.ai\smartnest_media_dataset\data\media_dataset\frames\RealEstate10K_frames\images\test\00a5cfccd6508e96_000210.jpg,kitchen,00a5cfccd6508e96,210,7.006,1280,720
test,d:\smartnest.ai\smartnest_media_dataset\data\media_dataset\frames\RealEstate10K_frames\images\test\00a5cfccd6508e96_000225.jpg,kitchen,00a5cfccd6508e96,225,7.507,1280,720
test,d:\smartnest.ai\smartnest_media_dataset\data\media_dataset\frames\RealEstate10K_frames\images\test\00a5cfccd6508e96_000240.jpg,kitchen,00a5cfccd6508e96,240,8.007,1280,720
test,d:\smartnest.ai\smartnest_media_dataset\data\media_dataset\frames\RealEstate10K_frames\images\test\00a5cfccd6508e96_000255.jpg,kitchen,00a5cfccd6508e96,255,8.508,1280,720
test,d:\smartnest.ai\smartnest_media_dataset\data\media_dataset\frames\RealEstate10K_frames\images\test\00a5cfccd6508e96_000270.jpg,kitchen,00a5cfccd6508e96,270,9.008,1280,720
test,d:\smartnest.ai\smartnest_media_dataset\data\media_dataset\frames\RealEstate10K_frames\images\test\00a5cfccd6508e96_000285.jpg,kitchen,00a5cfccd6508e96,285,9.509,1280,720
test,d:\smartnest.ai\smartnest_media_dataset\data\media_dataset\frames\RealEstate10K_frames\images\test\00a5cfccd6508e96_000300.jpg,kitchen,00a5cfccd6508e96,300,10.009,1280,720
test,d:\smartnest.ai\smartnest_media_dataset\data\media_dataset\frames\RealEstate10K_frames\images\test\00a5cfccd6508e96_000315.jpg,kitchen,00a5cfccd6508e96,315,10.510,1280,720
test,d:\smartnest.ai\smartnest_media_dataset\data\media_dataset\frames\RealEstate10K_frames\images\test\00a5cfccd6508e96_000330.jpg,kitchen,00a5cfccd6508e96,330,11.010,1280,720
test,d:\smartnest.ai\smartnest_media_dataset\data\media_dataset\frames\RealEstate10K_frames\images\test\00a5cfccd6508e96_000345.jpg,kitchen,00a5cfccd6508e96,345,11.511,1280,720
train,d:\smartnest.ai\smartnest_media_dataset\data\media_dataset\frames\RealEstate10K_frames\images\train\00a61821997f3fac_000000.jpg,bedroom,00a61821997f3fac,0,0.000,1280,720
train,d:\smartnest.ai\smartnest_media_dataset\data\media_dataset\frames\RealEstate10K_frames\images\train\00a61821997f3fac_000015.jpg,bedroom,00a61821997f3fac,15,0.498,1280,720
train,d:\smartnest.ai\smartnest_media_dataset\data\media_dataset\frames\RealEstate10K_frames\images\train\00a61821997f3fac_000030.jpg,bedroom,00a61821997f3fac,30,0.996,1280,720
train,d:\smartnest.ai\smartnest_media_dataset\data\media_dataset\frames\RealEstate10K_frames\images\train\00a61821997f3fac_000045.jpg,bedroom,00a61821997f3fac,45,1.493,1280,720
train,d:\smartnest.ai\smartnest_media_dataset\data\media_dataset\frames\RealEstate10K_frames\images\train\00a61821997f3fac_000060.jpg,bedroom,00a61821997f3fac,60,1.991,1280,720
train,d:\smartnest.ai\smartnest_media_dataset\data\media_dataset\frames\RealEstate10K_frames\images\train\00a61821997f3fac_000075.jpg,bedroom,00a61821997f3fac,75,2.489,1280,720
train,d:\smartnest.ai\smartnest_media_dataset\data\media_dataset\frames\RealEstate10K_frames\images\train\00a61821997f3fac_000090.jpg,bedroom,00a61821997f3fac,90,2.987,1280,720
train,d:\smartnest.ai\smartnest_media_dataset\data\media_dataset\frames\RealEstate10K_frames\images\train\00a61821997f3fac_000105.jpg,bedroom,00a61821997f3fac,105,3.484,1280,720
train,d:\smartnest.ai\smartnest_media_dataset\data\media_dataset\frames\RealEstate10K_frames\images\train\00a61821997f3fac_000120.jpg,bedroom,00a61821997f3fac,120,3.982,1280,720
train,d:\smartnest.ai\smartnest_media_dataset\data\media_dataset\frames\RealEstate10K_frames\images\train\00a61821997f3fac_000135.jpg,bedroom,00a61821997f3fac,135,4.480,1280,720
train,d:\smartnest.ai\smartnest_media_dataset\data\media_dataset\frames\RealEstate10K_frames\images\train\00a61821997f3fac_000150.jpg,bedroom,00a61821997f3fac,150,4.978,1280,720
train,d:\smartnest.ai\smartnest_media_dataset\data\media_dataset\frames\RealEstate10K_frames\images\train\00a61821997f3fac_000165.jpg,bedroom,00a61821997f3fac,165,5.475,1280,720
train,d:\smartnest.ai\smartnest_media_dataset\data\media_dataset\frames\RealEstate10K_frames\images\train\00a61821997f3fac_000180.jpg,bedroom,00a61821997f3fac,180,5.973,1280,720
train,d:\smartnest.ai\smartnest_media_dataset\data\media_dataset\frames\RealEstate10K_frames\images\train\00a7a9c0ea61670d_000000.jpg,bedroom,00a7a9c0ea61670d,0,0.000,1280,720
train,d:\smartnest.ai\smartnest_media_dataset\data\media_dataset\frames\RealEstate10K_frames\images\train\00a7a9c0ea61670d_000012.jpg,bedroom,00a7a9c0ea61670d,12,0.500,1280,720
train,d:\smartnest.ai\smartnest_media_dataset\data\media_dataset\frames\RealEstate10K_frames\images\train\00a7a9c0ea61670d_000024.jpg,kitchen,00a7a9c0ea61670d,24,1.001,1280,720
train,d:\smartnest.ai\smartnest_media_dataset\data\media_dataset\frames\RealEstate10K_frames\images\train\00a7a9c0ea61670d_000036.jpg,kitchen,00a7a9c0ea61670d,36,1.501,1280,720
train,d:\smartnest.ai\smartnest_media_dataset\data\media_dataset\frames\RealEstate10K_frames\images\train\00a7a9c0ea61670d_000048.jpg,bathroom,00a7a9c0ea61670d,48,2.002,1280,720
train,d:\smartnest.ai\smartnest_media_dataset\data\media_dataset\frames\RealEstate10K_frames\images\train\00a7a9c0ea61670d_000060.jpg,kitchen,00a7a9c0ea61670d,60,2.502,1280,720
train,d:\smartnest.ai\smartnest_media_dataset\data\media_dataset\frames\RealEstate10K_frames\images\train\00a7a9c0ea61670d_000072.jpg,kitchen,00a7a9c0ea61670d,72,3.003,1280,720
train,d:\smartnest.ai\smartnest_media_dataset\data\media_dataset\frames\RealEstate10K_frames\images\train\00a7a9c0ea61670d_000084.jpg,kitchen,00a7a9c0ea61670d,84,3.503,1280,720
train,d:\smartnest.ai\smartnest_media_dataset\data\media_dataset\frames\RealEstate10K_frames\images\train\00a7a9c0ea61670d_000096.jpg,kitchen,00a7a9c0ea61670d,96,4.004,1280,720
train,d:\smartnest.ai\smartnest_media_dataset\data\media_dataset\frames\RealEstate10K_frames\images\train\00a7a9c0ea61670d_000108.jpg,kitchen,00a7a9c0ea61670d,108,4.504,1280,720
train,d:\smartnest.ai\smartnest_media_dataset\data\media_dataset\frames\RealEstate10K_frames\images\train\00a7a9c0ea61670d_000120.jpg,kitchen,00a7a9c0ea61670d,120,5.005,1280,720
train,d:\smartnest.ai\smartnest_media_dataset\data\media_dataset\frames\RealEstate10K_frames\images\train\00a7a9c0ea61670d_000132.jpg,kitchen,00a7a9c0ea61670d,132,5.505,1280,720
train,d:\smartnest.ai\smartnest_media_dataset\data\media_dataset\frames\RealEstate10K_frames\images\train\00a861d699fb7797_000000.jpg,bedroom,00a861d699fb7797,0,0.000,1280,720
train,d:\smartnest.ai\smartnest_media_dataset\data\media_dataset\frames\RealEstate10K_frames\images\train\00a861d699fb7797_000015.jpg,bedroom,00a861d699fb7797,15,0.501,1280,720
train,d:\smartnest.ai\smartnest_media_dataset\data\media_dataset\frames\RealEstate10K_frames\images\train\00a861d699fb7797_000030.jpg,bedroom,00a861d699fb7797,30,1.001,1280,720
train,d:\smartnest.ai\smartnest_media_dataset\data\media_dataset\frames\RealEstate10K_frames\images\train\00a861d699fb7797_000045.jpg,living,00a861d699fb7797,45,1.502,1280,720
train,d:\smartnest.ai\smartnest_media_dataset\data\media_dataset\frames\RealEstate10K_frames\images\train\00a861d699fb7797_000060.jpg,balcony,00a861d699fb7797,60,2.002,1280,720
train,d:\smartnest.ai\smartnest_media_dataset\data\media_dataset\frames\RealEstate10K_frames\images\train\00a861d699fb7797_000075.jpg,balcony,00a861d699fb7797,75,2.503,1280,720
train,d:\smartnest.ai\smartnest_media_dataset\data\media_dataset\frames\RealEstate10K_frames\images\train\00a861d699fb7797_000090.jpg,balcony,00a861d699fb7797,90,3.003,1280,720
train,d:\smartnest.ai\smartnest_media_dataset\data\media_dataset\frames\RealEstate10K_frames\images\train\00a861d699fb7797_000105.jpg,balcony,00a861d699fb7797,105,3.504,1280,720
train,d:\smartnest.ai\smartnest_media_dataset\data\media_dataset\frames\RealEstate10K_frames\images\train\00a861d699fb7797_000120.jpg,balcony,00a861d699fb7797,120,4.004,1280,720
train,d:\smartnest.ai\smartnest_media_dataset\data\media_dataset\frames\RealEstate10K_frames\images\train\00a861d699fb7797_000135.jpg,balcony,00a861d699fb7797,135,4.505,1280,720
train,d:\smartnest.ai\smartnest_media_dataset\data\media_dataset\frames\RealEstate10K_frames\images\train\00a861d699fb7797_000150.jpg,balcony,00a861d699fb7797,150,5.005,1280,720
train,d:\smartnest.ai\smartnest_media_dataset\data\media_dataset\frames\RealEstate10K_frames\images\train\00a861d699fb7797_000165.jpg,balcony,00a861d699fb7797,165,5.506,1280,720
train,d:\smartnest.ai\smartnest_media_dataset\data\media_dataset\frames\RealEstate10K_frames\images\train\00a861d699fb7797_000180.jpg,balcony,00a861d699fb7797,180,6.006,1280,720
train,d:\smartnest.ai\smartnest_media_dataset\data\media_dataset\frames\RealEstate10K_frames\images\train\00a861d699fb7797_000195.jpg,balcony,00a861d699fb7797,195,6.507,1280,720
train,d:\smartnest.ai\smartnest_media_dataset\data\media_dataset\frames\RealEstate10K_frames\images\train\00a861d699fb7797_000210.jpg,balcony,00a861d699fb7797,210,7.007,1280,720
train,d:\smartnest.ai\smartnest_media_dataset\data\media_dataset\frames\RealEstate10K_frames\images\train\00a861d699fb7797_000225.jpg,balcony,00a861d699fb7797,225,7.508,1280,720
train,d:\smartnest.ai\smartnest_media_dataset\data\media_dataset\frames\RealEstate10K_frames\images\train\00a861d699fb7797_000240.jpg,balcony,00a861d699fb7797,240,8.008,1280,720
train,d:\smartnest.ai\smartnest_media_dataset\data\media_dataset\frames\RealEstate10K_frames\images\train\00a861d699fb7797_000255.jpg,balcony,00a861d699fb7797,255,8.509,1280,720
train,d:\smartnest.ai\smartnest_media_dataset\data\media_dataset\frames\RealEstate10K_frames\images\train\00a861d699fb7797_000270.jpg,balcony,00a861d699fb7797,270,9.009,1280,720
train,d:\smartnest.ai\smartnest_media_dataset\data\media_dataset\frames\RealEstate10K_frames\images\train\00a861d699fb7797_000285.jpg,balcony,00a861d699fb7797,285,9.510,1280,720
train,d:\smartnest.ai\smartnest_media_dataset\data\media_dataset\frames\RealEstate10K_frames\images\train\00a861d699fb7797_000300.jpg,balcony,00a861d699fb7797,300,10.010,1280,720
train,d:\smartnest.ai\smartnest_media_dataset\data\media_dataset\frames\RealEstate10K_frames\images\train\00a861d699fb7797_000315.jpg,balcony,00a861d699fb7797,315,10.511,1280,720
train,d:\smartnest.ai\smartnest_media_dataset\data\media_dataset\frames\RealEstate10K_frames\images\train\00a861d699fb7797_000330.jpg,balcony,00a861d699fb7797,330,11.011,1280,720
train,d:\smartnest.ai\smartnest_media_dataset\data\media_dataset\frames\RealEstate10K_frames\images\train\00a861d699fb7797_000345.jpg,balcony,00a861d699fb7797,345,11.512,1280,720
train,d:\smartnest.ai\smartnest_media_dataset\data\media_dataset\frames\RealEstate10K_frames\images\train\00a861d699fb7797_000360.jpg,balcony,00a861d699fb7797,360,12.012,1280,720
train,d:\smartnest.ai\smartnest_media_dataset\data\media_dataset\frames\RealEstate10K_frames\images\train\00a861d699fb7797_000375.jpg,balcony,00a861d699fb7797,375,12.513,1280,720
train,d:\smartnest.ai\smartnest_media_dataset\data\media_dataset\frames\RealEstate10K_frames\images\train\00a87dd567cdc292_000000.jpg,kitchen,00a87dd567cdc292,0,0.000,1280,720
train,d:\smartnest.ai\smartnest_media_dataset\data\media_dataset\frames\RealEstate10K_frames\images\train\00a87dd567cdc292_000015.jpg,kitchen,00a87dd567cdc292,15,0.500,1280,720
train,d:\smartnest.ai\smartnest_media_dataset\data\media_dataset\frames\RealEstate10K_frames\images\train\00a87dd567cdc292_000030.jpg,kitchen,00a87dd567cdc292,30,1.001,1280,720
train,d:\smartnest.ai\smartnest_media_dataset\data\media_dataset\frames\RealEstate10K_frames\images\train\00a87dd567cdc292_000045.jpg,kitchen,00a87dd567cdc292,45,1.501,1280,720
train,d:\smartnest.ai\smartnest_media_dataset\data\media_dataset\frames\RealEstate10K_frames\images\train\00a87dd567cdc292_000060.jpg,kitchen,00a87dd567cdc292,60,2.002,1280,720
train,d:\smartnest.ai\smartnest_media_dataset\data\media_dataset\frames\RealEstate10K_frames\images\train\00a87dd567cdc292_000075.jpg,kitchen,00a87dd567cdc292,75,2.502,1280,720
train,d:\smartnest.ai\smartnest_media_dataset\data\media_dataset\frames\RealEstate10K_frames\images\train\00a87dd567cdc292_000090.jpg,kitchen,00a87dd567cdc292,90,3.003,1280,720
train,d:\smartnest.ai\smartnest_media_dataset\data\media_dataset\frames\RealEstate10K_frames\images\train\00a87dd567cdc292_000105.jpg,kitchen,00a87dd567cdc292,105,3.503,1280,720
train,d:\smartnest.ai\smartnest_media_dataset\data\media_dataset\frames\RealEstate10K_frames\images\train\00a87dd567cdc292_000120.jpg,kitchen,00a87dd567cdc292,120,4.004,1280,720
train,d:\smartnest.ai\smartnest_media_dataset\data\media_dataset\frames\RealEstate10K_frames\images\train\00a87dd567cdc292_000135.jpg,kitchen,00a87dd567cdc292,135,4.504,1280,720
train,d:\smartnest.ai\smartnest_media_dataset\data\media_dataset\frames\RealEstate10K_frames\images\train\00a87dd567cdc292_000150.jpg,kitchen,00a87dd567cdc292,150,5.005,1280,720
train,d:\smartnest.ai\smartnest_media_dataset\data\media_dataset\frames\RealEstate10K_frames\images\train\00a87dd567cdc292_000165.jpg,kitchen,00a87dd567cdc292,165,5.505,1280,720
train,d:\smartnest.ai\smartnest_media_dataset\data\media_dataset\frames\RealEstate10K_frames\images\train\00a87dd567cdc292_000180.jpg,kitchen,00a87dd567cdc292,180,6.006,1280,720
train,d:\smartnest.ai\smartnest_media_dataset\data\media_dataset\frames\RealEstate10K_frames\images\train\00a87dd567cdc292_000195.jpg,kitchen,00a87dd567cdc292,195,6.506,1280,720
train,d:\smartnest.ai\smartnest_media_dataset\data\media_dataset\frames\RealEstate10K_frames\images\train\00a87dd567cdc292_000210.jpg,kitchen,00a87dd567cdc292,210,7.007,1280,720
train,d:\smartnest.ai\smartnest_media_dataset\data\media_dataset\frames\RealEstate10K_frames\images\train\00a87dd567cdc292_000225.jpg,kitchen,00a87dd567cdc292,225,7.507,1280,720
train,d:\smartnest.ai\smartnest_media_dataset\data\media_dataset\frames\RealEstate10K_frames\images\train\00a87dd567cdc292_000240.jpg,kitchen,00a87dd567cdc292,240,8.007,1280,720
train,d:\smartnest.ai\smartnest_media_dataset\data\media_dataset\frames\RealEstate10K_frames\images\train\00a87dd567cdc292_000255.jpg,kitchen,00a87dd567cdc292,255,8.508,1280,720
train,d:\smartnest.ai\smartnest_media_dataset\data\media_dataset\frames\RealEstate10K_frames\images\train\00a87dd567cdc292_000270.jpg,kitchen,00a87dd567cdc292,270,9.008,1280,720
train,d:\smartnest.ai\smartnest_media_dataset\data\media_dataset\frames\RealEstate10K_frames\images\train\00a87dd567cdc292_000285.jpg,kitchen,00a87dd567cdc292,285,9.509,1280,720
train,d:\smartnest.ai\smartnest_media_dataset\data\media_dataset\frames\RealEstate10K_frames\images\train\00a87dd567cdc292_000300.jpg,kitchen,00a87dd567cdc292,300,10.009,1280,720
train,d:\smartnest.ai\smartnest_media_dataset\data\media_dataset\frames\RealEstate10K_frames\images\train\00a87dd567cdc292_000315.jpg,kitchen,00a87dd567cdc292,315,10.510,1280,720
train,d:\smartnest.ai\smartnest_media_dataset\data\media_dataset\frames\RealEstate10K_frames\images\train\00a87dd567cdc292_000330.jpg,kitchen,00a87dd567cdc292,330,11.010,1280,720
train,d:\smartnest.ai\smartnest_media_dataset\data\media_dataset\frames\RealEstate10K_frames\images\train\00a907a68edf05c7_000000.jpg,balcony,00a907a68edf05c7,0,0.000,1280,720
train,d:\smartnest.ai\smartnest_media_dataset\data\media_dataset\frames\RealEstate10K_frames\images\train\00a907a68edf05c7_000015.jpg,balcony,00a907a68edf05c7,15,0.500,1280,720
train,d:\smartnest.ai\smartnest_media_dataset\data\media_dataset\frames\RealEstate10K_frames\images\train\00a907a68edf05c7_000030.jpg,balcony,00a907a68edf05c7,30,1.001,1280,720
train,d:\smartnest.ai\smartnest_media_dataset\data\media_dataset\frames\RealEstate10K_frames\images\train\00a907a68edf05c7_000045.jpg,bedroom,00a907a68edf05c7,45,1.501,1280,720
train,d:\smartnest.ai\smartnest_media_dataset\data\media_dataset\frames\RealEstate10K_frames\images\train\00a907a68edf05c7_000060.jpg,bedroom,00a907a68edf05c7,60,2.002,1280,720
train,d:\smartnest.ai\smartnest_media_dataset\data\media_dataset\frames\RealEstate10K_frames\images\train\00a907a68edf05c7_000075.jpg,bedroom,00a907a68edf05c7,75,2.502,1280,720
train,d:\smartnest.ai\smartnest_media_dataset\data\media_dataset\frames\RealEstate10K_frames\images\train\00a907a68edf05c7_000090.jpg,bedroom,00a907a68edf05c7,90,3.003,1280,720
train,d:\smartnest.ai\smartnest_media_dataset\data\media_dataset\frames\RealEstate10K_frames\images\train\00a907a68edf05c7_000105.jpg,bedroom,00a907a68edf05c7,105,3.503,1280,720
train,d:\smartnest.ai\smartnest_media_dataset\data\media_dataset\frames\RealEstate10K_frames\images\train\00a907a68edf05c7_000120.jpg,bedroom,00a907a68edf05c7,120,4.004,1280,720
train,d:\smartnest.ai\smartnest_media_dataset\data\media_dataset\frames\RealEstate10K_frames\images\train\00a907a68edf05c7_000135.jpg,balcony,00a907a68edf05c7,135,4.504,1280,720
train,d:\smartnest.ai\smartnest_media_dataset\data\media_dataset\frames\RealEstate10K_frames\images\train\00a907a68edf05c7_000150.jpg,balcony,00a907a68edf05c7,150,5.005,1280,720
train,d:\smartnest.ai\smartnest_media_dataset\data\media_dataset\frames\RealEstate10K_frames\images\train\00a907a68edf05c7_000165.jpg,balcony,00a907a68edf05c7,165,5.505,1280,720
train,d:\smartnest.ai\smartnest_media_dataset\data\media_dataset\frames\RealEstate10K_frames\images\train\00a907a68edf05c7_000180.jpg,balcony,00a907a68edf05c7,180,6.006,1280,720
train,d:\smartnest.ai\smartnest_media_dataset\data\media_dataset\frames\RealEstate10K_frames\images\train\00a907a68edf05c7_000195.jpg,balcony,00a907a68edf05c7,195,6.506,1280,720
val,d:\smartnest.ai\smartnest_media_dataset\data\media_dataset\frames\RealEstate10K_frames\images\val\00a97cfa89150952_000000.jpg,bedroom,00a97cfa89150952,0,0.000,1280,720
val,d:\smartnest.ai\smartnest_media_dataset\data\media_dataset\frames\RealEstate10K_frames\images\val\00a97cfa89150952_000015.jpg,bedroom,00a97cfa89150952,15,0.495,1280,720
val,d:\smartnest.ai\smartnest_media_dataset\data\media_dataset\frames\RealEstate10K_frames\images\val\00a97cfa89150952_000030.jpg,bedroom,00a97cfa89150952,30,0.991,1280,720
val,d:\smartnest.ai\smartnest_media_dataset\data\media_dataset\frames\RealEstate10K_frames\images\val\00a97cfa89150952_000045.jpg,bedroom,00a97cfa89150952,45,1.486,1280,720
val,d:\smartnest.ai\smartnest_media_dataset\data\media_dataset\frames\RealEstate10K_frames\images\val\00a97cfa89150952_000060.jpg,bedroom,00a97cfa89150952,60,1.982,1280,720
val,d:\smartnest.ai\smartnest_media_dataset\data\media_dataset\frames\RealEstate10K_frames\images\val\00a97cfa89150952_000075.jpg,bedroom,00a97cfa89150952,75,2.477,1280,720
val,d:\smartnest.ai\smartnest_media_dataset\data\media_dataset\frames\RealEstate10K_frames\images\val\00a97cfa89150952_000090.jpg,bedroom,00a97cfa89150952,90,2.973,1280,720
train,d:\smartnest.ai\smartnest_media_dataset\data\media_dataset\frames\RealEstate10K_frames\images\train\00a9f110ad222aa4_000000.jpg,balcony,00a9f110ad222aa4,0,0.000,1280,720
train,d:\smartnest.ai\smartnest_media_dataset\data\media_dataset\frames\RealEstate10K_frames\images\train\00a9f110ad222aa4_000015.jpg,balcony,00a9f110ad222aa4,15,0.499,1280,720
train,d:\smartnest.ai\smartnest_media_dataset\data\media_dataset\frames\RealEstate10K_frames\images\train\00a9f110ad222aa4_000030.jpg,balcony,00a9f110ad222aa4,30,0.998,1280,720
train,d:\smartnest.ai\smartnest_media_dataset\data\media_dataset\frames\RealEstate10K_frames\images\train\00a9f110ad222aa4_000045.jpg,balcony,00a9f110ad222aa4,45,1.497,1280,720
train,d:\smartnest.ai\smartnest_media_dataset\data\media_dataset\frames\RealEstate10K_frames\images\train\00a9f110ad222aa4_000060.jpg,living,00a9f110ad222aa4,60,1.996,1280,720
train,d:\smartnest.ai\smartnest_media_dataset\data\media_dataset\frames\RealEstate10K_frames\images\train\00a9f110ad222aa4_000075.jpg,balcony,00a9f110ad222aa4,75,2.494,1280,720
train,d:\smartnest.ai\smartnest_media_dataset\data\media_dataset\frames\RealEstate10K_frames\images\train\00a9f110ad222aa4_000090.jpg,living,00a9f110ad222aa4,90,2.993,1280,720
train,d:\smartnest.ai\smartnest_media_dataset\data\media_dataset\frames\RealEstate10K_frames\images\train\00a9f110ad222aa4_000105.jpg,living,00a9f110ad222aa4,105,3.492,1280,720
train,d:\smartnest.ai\smartnest_media_dataset\data\media_dataset\frames\RealEstate10K_frames\images\train\00a9f110ad222aa4_000120.jpg,living,00a9f110ad222aa4,120,3.991,1280,720
train,d:\smartnest.ai\smartnest_media_dataset\data\media_dataset\frames\RealEstate10K_frames\images\train\00a9f110ad222aa4_000135.jpg,living,00a9f110ad222aa4,135,4.490,1280,720
train,d:\smartnest.ai\smartnest_media_dataset\data\media_dataset\frames\RealEstate10K_frames\images\train\00a9f110ad222aa4_000150.jpg,living,00a9f110ad222aa4,150,4.989,1280,720
train,d:\smartnest.ai\smartnest_media_dataset\data\media_dataset\frames\RealEstate10K_frames\images\train\00a9f110ad222aa4_000165.jpg,living,00a9f110ad222aa4,165,5.488,1280,720
train,d:\smartnest.ai\smartnest_media_dataset\data\media_dataset\frames\RealEstate10K_frames\images\train\00a9f110ad222aa4_000180.jpg,living,00a9f110ad222aa4,180,5.987,1280,720
train,d:\smartnest.ai\smartnest_media_dataset\data\media_dataset\frames\RealEstate10K_frames\images\train\00a9f110ad222aa4_000195.jpg,living,00a9f110ad222aa4,195,6.486,1280,720
train,d:\smartnest.ai\smartnest_media_dataset\data\media_dataset\frames\RealEstate10K_frames\images\train\00a9f110ad222aa4_000210.jpg,living,00a9f110ad222aa4,210,6.985,1280,720
train,d:\smartnest.ai\smartnest_media_dataset\data\media_dataset\frames\RealEstate10K_frames\images\train\00a9f110ad222aa4_000225.jpg,living,00a9f110ad222aa4,225,7.483,1280,720
train,d:\smartnest.ai\smartnest_media_dataset\data\media_dataset\frames\RealEstate10K_frames\images\train\00a9f110ad222aa4_000240.jpg,balcony,00a9f110ad222aa4,240,7.982,1280,720
train,d:\smartnest.ai\smartnest_media_dataset\data\media_dataset\frames\RealEstate10K_frames\images\train\00a9f110ad222aa4_000255.jpg,balcony,00a9f110ad222aa4,255,8.481,1280,720
train,d:\smartnest.ai\smartnest_media_dataset\data\media_dataset\frames\RealEstate10K_frames\images\train\00a9f110ad222aa4_000270.jpg,balcony,00a9f110ad222aa4,270,8.980,1280,720
train,d:\smartnest.ai\smartnest_media_dataset\data\media_dataset\frames\RealEstate10K_frames\images\train\00a9f110ad222aa4_000285.jpg,balcony,00a9f110ad222aa4,285,9.479,1280,720
train,d:\smartnest.ai\smartnest_media_dataset\data\media_dataset\frames\RealEstate10K_frames\images\train\00a9f110ad222aa4_000300.jpg,balcony,00a9f110ad222aa4,300,9.978,1280,720
train,d:\smartnest.ai\smartnest_media_dataset\data\media_dataset\frames\RealEstate10K_frames\images\train\00aa25d111d218cc_000000.jpg,kitchen,00aa25d111d218cc,0,0.000,1280,720
train,d:\smartnest.ai\smartnest_media_dataset\data\media_dataset\frames\RealEstate10K_frames\images\train\00aa25d111d218cc_000015.jpg,living,00aa25d111d218cc,15,0.500,1280,720
train,d:\smartnest.ai\smartnest_media_dataset\data\media_dataset\frames\RealEstate10K_frames\images\train\00aa25d111d218cc_000030.jpg,living,00aa25d111d218cc,30,1.001,1280,720
train,d:\smartnest.ai\smartnest_media_dataset\data\media_dataset\frames\RealEstate10K_frames\images\train\00aa25d111d218cc_000045.jpg,living,00aa25d111d218cc,45,1.501,1280,720
train,d:\smartnest.ai\smartnest_media_dataset\data\media_dataset\frames\RealEstate10K_frames\images\train\00aa25d111d218cc_000060.jpg,living,00aa25d111d218cc,60,2.002,1280,720
train,d:\smartnest.ai\smartnest_media_dataset\data\media_dataset\frames\RealEstate10K_frames\images\train\00aa25d111d218cc_000075.jpg,living,00aa25d111d218cc,75,2.502,1280,720
train,d:\smartnest.ai\smartnest_media_dataset\data\media_dataset\frames\RealEstate10K_frames\images\train\00aa25d111d218cc_000090.jpg,living,00aa25d111d218cc,90,3.003,1280,720
train,d:\smartnest.ai\smartnest_media_dataset\data\media_dataset\frames\RealEstate10K_frames\images\train\00aa25d111d218cc_000105.jpg,living,00aa25d111d218cc,105,3.503,1280,720
train,d:\smartnest.ai\smartnest_media_dataset\data\media_dataset\frames\RealEstate10K_frames\images\train\00aa25d111d218cc_000120.jpg,living,00aa25d111d218cc,120,4.004,1280,720
train,d:\smartnest.ai\smartnest_media_dataset\data\media_dataset\frames\RealEstate10K_frames\images\train\00aa25d111d218cc_000135.jpg,living,00aa25d111d218cc,135,4.504,1280,720
train,d:\smartnest.ai\smartnest_media_dataset\data\media_dataset\frames\RealEstate10K_frames\images\train\00aa25d111d218cc_000150.jpg,living,00aa25d111d218cc,150,5.005,1280,720
train,d:\smartnest.ai\smartnest_media_dataset\data\media_dataset\frames\RealEstate10K_frames\images\train\00aa25d111d218cc_000165.jpg,living,00aa25d111d218cc,165,5.505,1280,720
train,d:\smartnest.ai\smartnest_media_dataset\data\media_dataset\frames\RealEstate10K_frames\images\train\00aa25d111d218cc_000180.jpg,living,00aa25d111d218cc,180,6.006,1280,720
train,d:\smartnest.ai\smartnest_media_dataset\data\media_dataset\frames\RealEstate10K_frames\images\train\00aa25d111d218cc_000195.jpg,living,00aa25d111d218cc,195,6.506,1280,720
train,d:\smartnest.ai\smartnest_media_dataset\data\media_dataset\frames\RealEstate10K_frames\images\train\00aa25d111d218cc_000210.jpg,living,00aa25d111d218cc,210,7.006,1280,720
train,d:\smartnest.ai\smartnest_media_dataset\data\media_dataset\frames\RealEstate10K_frames\images\train\00aa25d111d218cc_000225.jpg,balcony,00aa25d111d218cc,225,7.507,1280,720
train,d:\smartnest.ai\smartnest_media_dataset\data\media_dataset\frames\RealEstate10K_frames\images\train\00aa25d111d218cc_000240.jpg,balcony,00aa25d111d218cc,240,8.007,1280,720
train,d:\smartnest.ai\smartnest_media_dataset\data\media_dataset\frames\RealEstate10K_frames\images\train\00aa25d111d218cc_000255.jpg,balcony,00aa25d111d218cc,255,8.508,1280,720
train,d:\smartnest.ai\smartnest_media_dataset\data\media_dataset\frames\RealEstate10K_frames\images\train\00aa25d111d218cc_000270.jpg,kitchen,00aa25d111d218cc,270,9.008,1280,720
train,d:\smartnest.ai\smartnest_media_dataset\data\media_dataset\frames\RealEstate10K_frames\images\train\00aa25d111d218cc_000285.jpg,kitchen,00aa25d111d218cc,285,9.509,1280,720
train,d:\smartnest.ai\smartnest_media_dataset\data\media_dataset\frames\RealEstate10K_frames\images\train\00aa25d111d218cc_000300.jpg,kitchen,00aa25d111d218cc,300,10.009,1280,720
train,d:\smartnest.ai\smartnest_media_dataset\data\media_dataset\frames\RealEstate10K_frames\images\train\00aa25d111d218cc_000315.jpg,kitchen,00aa25d111d218cc,315,10.510,1280,720
train,d:\smartnest.ai\smartnest_media_dataset\data\media_dataset\frames\RealEstate10K_frames\images\train\00aa25d111d218cc_000330.jpg,kitchen,00aa25d111d218cc,330,11.010,1280,720
train,d:\smartnest.ai\smartnest_media_dataset\data\media_dataset\frames\RealEstate10K_frames\images\train\00aa25d111d218cc_000345.jpg,balcony,00aa25d111d218cc,345,11.511,1280,720
train,d:\smartnest.ai\smartnest_media_dataset\data\media_dataset\frames\RealEstate10K_frames\images\train\00aa25d111d218cc_000360.jpg,kitchen,00aa25d111d218cc,360,12.011,1280,720
train,d:\smartnest.ai\smartnest_media_dataset\data\media_dataset\frames\RealEstate10K_frames\images\train\00aa25d111d218cc_000375.jpg,kitchen,00aa25d111d218cc,375,12.512,1280,720
train,d:\smartnest.ai\smartnest_media_dataset\data\media_dataset\frames\RealEstate10K_frames\images\train\00aa25d111d218cc_000390.jpg,living,00aa25d111d218cc,390,13.012,1280,720
train,d:\smartnest.ai\smartnest_media_dataset\data\media_dataset\frames\RealEstate10K_frames\images\train\00aa25d111d218cc_000405.jpg,living,00aa25d111d218cc,405,13.513,1280,720
train,d:\smartnest.ai\smartnest_media_dataset\data\media_dataset\frames\RealEstate10K_frames\images\train\00aa25d111d218cc_000420.jpg,kitchen,00aa25d111d218cc,420,14.013,1280,720
train,d:\smartnest.ai\smartnest_media_dataset\data\media_dataset\frames\RealEstate10K_frames\images\train\00aa25d111d218cc_000435.jpg,kitchen,00aa25d111d218cc,435,14.513,1280,720
train,d:\smartnest.ai\smartnest_media_dataset\data\media_dataset\frames\RealEstate10K_frames\images\train\00aa25d111d218cc_000450.jpg,kitchen,00aa25d111d218cc,450,15.014,1280,720
train,d:\smartnest.ai\smartnest_media_dataset\data\media_dataset\frames\RealEstate10K_frames\images\train\00aad2a54c447c8f_000000.jpg,bedroom,00aad2a54c447c8f,0,0.000,1280,720
train,d:\smartnest.ai\smartnest_media_dataset\data\media_dataset\frames\RealEstate10K_frames\images\train\00aad2a54c447c8f_000015.jpg,bedroom,00aad2a54c447c8f,15,0.500,1280,720
train,d:\smartnest.ai\smartnest_media_dataset\data\media_dataset\frames\RealEstate10K_frames\images\train\00aad2a54c447c8f_000030.jpg,bedroom,00aad2a54c447c8f,30,1.001,1280,720
train,d:\smartnest.ai\smartnest_media_dataset\data\media_dataset\frames\RealEstate10K_frames\images\train\00aad2a54c447c8f_000045.jpg,bedroom,00aad2a54c447c8f,45,1.501,1280,720
train,d:\smartnest.ai\smartnest_media_dataset\data\media_dataset\frames\RealEstate10K_frames\images\train\00aad2a54c447c8f_000060.jpg,kitchen,00aad2a54c447c8f,60,2.002,1280,720
train,d:\smartnest.ai\smartnest_media_dataset\data\media_dataset\frames\RealEstate10K_frames\images\train\00aad2a54c447c8f_000075.jpg,kitchen,00aad2a54c447c8f,75,2.502,1280,720
train,d:\smartnest.ai\smartnest_media_dataset\data\media_dataset\frames\RealEstate10K_frames\images\train\00aad2a54c447c8f_000090.jpg,kitchen,00aad2a54c447c8f,90,3.003,1280,720
train,d:\smartnest.ai\smartnest_media_dataset\data\media_dataset\frames\RealEstate10K_frames\images\train\00aad2a54c447c8f_000105.jpg,kitchen,00aad2a54c447c8f,105,3.503,1280,720
train,d:\smartnest.ai\smartnest_media_dataset\data\media_dataset\frames\RealEstate10K_frames\images\train\00aad2a54c447c8f_000120.jpg,kitchen,00aad2a54c447c8f,120,4.004,1280,720
train,d:\smartnest.ai\smartnest_media_dataset\data\media_dataset\frames\RealEstate10K_frames\images\train\00aad2a54c447c8f_000135.jpg,kitchen,00aad2a54c447c8f,135,4.504,1280,720
train,d:\smartnest.ai\smartnest_media_dataset\data\media_dataset\frames\RealEstate10K_frames\images\train\00aad2a54c447c8f_000150.jpg,bedroom,00aad2a54c447c8f,150,5.005,1280,720
train,d:\smartnest.ai\smartnest_media_dataset\data\media_dataset\frames\RealEstate10K_frames\images\train\00aad2a54c447c8f_000165.jpg,bedroom,00aad2a54c447c8f,165,5.505,1280,720
train,d:\smartnest.ai\smartnest_media_dataset\data\media_dataset\frames\RealEstate10K_frames\images\train\00aad2a54c447c8f_000180.jpg,bedroom,00aad2a54c447c8f,180,6.006,1280,720
train,d:\smartnest.ai\smartnest_media_dataset\data\media_dataset\frames\RealEstate10K_frames\images\train\00aad2a54c447c8f_000195.jpg,bedroom,00aad2a54c447c8f,195,6.506,1280,720
train,d:\smartnest.ai\smartnest_media_dataset\data\media_dataset\frames\RealEstate10K_frames\images\train\00aad2a54c447c8f_000210.jpg,bedroom,00aad2a54c447c8f,210,7.006,1280,720
train,d:\smartnest.ai\smartnest_media_dataset\data\media_dataset\frames\RealEstate10K_frames\images\train\00aad2a54c447c8f_000225.jpg,bedroom,00aad2a54c447c8f,225,7.507,1280,720
train,d:\smartnest.ai\smartnest_media_dataset\data\media_dataset\frames\RealEstate10K_frames\images\train\00aad2a54c447c8f_000240.jpg,kitchen,00aad2a54c447c8f,240,8.007,1280,720
train,d:\smartnest.ai\smartnest_media_dataset\data\media_dataset\frames\RealEstate10K_frames\images\train\00aad2a54c447c8f_000255.jpg,bedroom,00aad2a54c447c8f,255,8.508,1280,720
train,d:\smartnest.ai\smartnest_media_dataset\data\media_dataset\frames\RealEstate10K_frames\images\train\00aad2a54c447c8f_000270.jpg,bedroom,00aad2a54c447c8f,270,9.008,1280,720
train,d:\smartnest.ai\smartnest_media_dataset\data\media_dataset\frames\RealEstate10K_frames\images\train\00aad2a54c447c8f_000285.jpg,bedroom,00aad2a54c447c8f,285,9.509,1280,720
train,d:\smartnest.ai\smartnest_media_dataset\data\media_dataset\frames\RealEstate10K_frames\images\train\00aad2a54c447c8f_000300.jpg,bedroom,00aad2a54c447c8f,300,10.009,1280,720
test,d:\smartnest.ai\smartnest_media_dataset\data\media_dataset\frames\RealEstate10K_frames\images\test\00ab0ac739885029_000000.jpg,bedroom,00ab0ac739885029,0,0.000,1280,720
test,d:\smartnest.ai\smartnest_media_dataset\data\media_dataset\frames\RealEstate10K_frames\images\test\00ab0ac739885029_000015.jpg,bedroom,00ab0ac739885029,15,0.501,1280,720
test,d:\smartnest.ai\smartnest_media_dataset\data\media_dataset\frames\RealEstate10K_frames\images\test\00ab0ac739885029_000030.jpg,bedroom,00ab0ac739885029,30,1.001,1280,720
test,d:\smartnest.ai\smartnest_media_dataset\data\media_dataset\frames\RealEstate10K_frames\images\test\00ab0ac739885029_000045.jpg,bedroom,00ab0ac739885029,45,1.502,1280,720
test,d:\smartnest.ai\smartnest_media_dataset\data\media_dataset\frames\RealEstate10K_frames\images\test\00ab0ac739885029_000060.jpg,bedroom,00ab0ac739885029,60,2.002,1280,720
test,d:\smartnest.ai\smartnest_media_dataset\data\media_dataset\frames\RealEstate10K_frames\images\test\00ab0ac739885029_000075.jpg,bedroom,00ab0ac739885029,75,2.502,1280,720
train,d:\smartnest.ai\smartnest_media_dataset\data\media_dataset\frames\RealEstate10K_frames\images\train\00ac578dde876be6_000000.jpg,living,00ac578dde876be6,0,0.000,1280,720
train,d:\smartnest.ai\smartnest_media_dataset\data\media_dataset\frames\RealEstate10K_frames\images\train\00ac578dde876be6_000012.jpg,living,00ac578dde876be6,12,0.500,1280,720
train,d:\smartnest.ai\smartnest_media_dataset\data\media_dataset\frames\RealEstate10K_frames\images\train\00ac578dde876be6_000024.jpg,living,00ac578dde876be6,24,1.001,1280,720
train,d:\smartnest.ai\smartnest_media_dataset\data\media_dataset\frames\RealEstate10K_frames\images\train\00ac578dde876be6_000036.jpg,living,00ac578dde876be6,36,1.501,1280,720
train,d:\smartnest.ai\smartnest_media_dataset\data\media_dataset\frames\RealEstate10K_frames\images\train\00ac578dde876be6_000048.jpg,living,00ac578dde876be6,48,2.002,1280,720
train,d:\smartnest.ai\smartnest_media_dataset\data\media_dataset\frames\RealEstate10K_frames\images\train\00ac578dde876be6_000060.jpg,living,00ac578dde876be6,60,2.502,1280,720
train,d:\smartnest.ai\smartnest_media_dataset\data\media_dataset\frames\RealEstate10K_frames\images\train\00ac578dde876be6_000072.jpg,living,00ac578dde876be6,72,3.003,1280,720
train,d:\smartnest.ai\smartnest_media_dataset\data\media_dataset\frames\RealEstate10K_frames\images\train\00ac578dde876be6_000084.jpg,living,00ac578dde876be6,84,3.503,1280,720
train,d:\smartnest.ai\smartnest_media_dataset\data\media_dataset\frames\RealEstate10K_frames\images\train\00ac578dde876be6_000096.jpg,living,00ac578dde876be6,96,4.004,1280,720
train,d:\smartnest.ai\smartnest_media_dataset\data\media_dataset\frames\RealEstate10K_frames\images\train\00ac578dde876be6_000108.jpg,living,00ac578dde876be6,108,4.504,1280,720
train,d:\smartnest.ai\smartnest_media_dataset\data\media_dataset\frames\RealEstate10K_frames\images\train\00ac578dde876be6_000120.jpg,living,00ac578dde876be6,120,5.005,1280,720
train,d:\smartnest.ai\smartnest_media_dataset\data\media_dataset\frames\RealEstate10K_frames\images\train\00ac578dde876be6_000132.jpg,living,00ac578dde876be6,132,5.505,1280,720
train,d:\smartnest.ai\smartnest_media_dataset\data\media_dataset\frames\RealEstate10K_frames\images\train\00ac578dde876be6_000144.jpg,living,00ac578dde876be6,144,6.006,1280,720
train,d:\smartnest.ai\smartnest_media_dataset\data\media_dataset\frames\RealEstate10K_frames\images\train\00ac578dde876be6_000156.jpg,living,00ac578dde876be6,156,6.506,1280,720
train,d:\smartnest.ai\smartnest_media_dataset\data\media_dataset\frames\RealEstate10K_frames\images\train\00ac578dde876be6_000168.jpg,living,00ac578dde876be6,168,7.007,1280,720
train,d:\smartnest.ai\smartnest_media_dataset\data\media_dataset\frames\RealEstate10K_frames\images\train\00ad47b927f0c851_000000.jpg,bedroom,00ad47b927f0c851,0,0.000,1280,720
train,d:\smartnest.ai\smartnest_media_dataset\data\media_dataset\frames\RealEstate10K_frames\images\train\00ad47b927f0c851_000015.jpg,bedroom,00ad47b927f0c851,15,0.500,1280,720
train,d:\smartnest.ai\smartnest_media_dataset\data\media_dataset\frames\RealEstate10K_frames\images\train\00ad47b927f0c851_000030.jpg,bedroom,00ad47b927f0c851,30,1.001,1280,720
train,d:\smartnest.ai\smartnest_media_dataset\data\media_dataset\frames\RealEstate10K_frames\images\train\00ad47b927f0c851_000045.jpg,bedroom,00ad47b927f0c851,45,1.501,1280,720
train,d:\smartnest.ai\smartnest_media_dataset\data\media_dataset\frames\RealEstate10K_frames\images\train\00ad47b927f0c851_000060.jpg,bedroom,00ad47b927f0c851,60,2.002,1280,720
train,d:\smartnest.ai\smartnest_media_dataset\data\media_dataset\frames\RealEstate10K_frames\images\train\00ad47b927f0c851_000075.jpg,bedroom,00ad47b927f0c851,75,2.502,1280,720
train,d:\smartnest.ai\smartnest_media_dataset\data\media_dataset\frames\RealEstate10K_frames\images\train\00ad47b927f0c851_000090.jpg,bedroom,00ad47b927f0c851,90,3.003,1280,720
train,d:\smartnest.ai\smartnest_media_dataset\data\media_dataset\frames\RealEstate10K_frames\images\train\00ad47b927f0c851_000105.jpg,bedroom,00ad47b927f0c851,105,3.503,1280,720
val,d:\smartnest.ai\smartnest_media_dataset\data\media_dataset\frames\RealEstate10K_frames\images\val\00adc59ebcbe00f7_000000.jpg,bedroom,00adc59ebcbe00f7,0,0.000,1280,720
val,d:\smartnest.ai\smartnest_media_dataset\data\media_dataset\frames\RealEstate10K_frames\images\val\00adc59ebcbe00f7_000030.jpg,bedroom,00adc59ebcbe00f7,30,0.500,1280,720
val,d:\smartnest.ai\smartnest_media_dataset\data\media_dataset\frames\RealEstate10K_frames\images\val\00adc59ebcbe00f7_000060.jpg,bedroom,00adc59ebcbe00f7,60,1.001,1280,720
val,d:\smartnest.ai\smartnest_media_dataset\data\media_dataset\frames\RealEstate10K_frames\images\val\00adc59ebcbe00f7_000090.jpg,bedroom,00adc59ebcbe00f7,90,1.501,1280,720
val,d:\smartnest.ai\smartnest_media_dataset\data\media_dataset\frames\RealEstate10K_frames\images\val\00adc59ebcbe00f7_000120.jpg,bedroom,00adc59ebcbe00f7,120,2.002,1280,720
val,d:\smartnest.ai\smartnest_media_dataset\data\media_dataset\frames\RealEstate10K_frames\images\val\00adc59ebcbe00f7_000150.jpg,kitchen,00adc59ebcbe00f7,150,2.502,1280,720
val,d:\smartnest.ai\smartnest_media_dataset\data\media_dataset\frames\RealEstate10K_frames\images\val\00adc59ebcbe00f7_000180.jpg,balcony,00adc59ebcbe00f7,180,3.003,1280,720
val,d:\smartnest.ai\smartnest_media_dataset\data\media_dataset\frames\RealEstate10K_frames\images\val\00adc59ebcbe00f7_000210.jpg,balcony,00adc59ebcbe00f7,210,3.503,1280,720
val,d:\smartnest.ai\smartnest_media_dataset\data\media_dataset\frames\RealEstate10K_frames\images\val\00adc59ebcbe00f7_000240.jpg,balcony,00adc59ebcbe00f7,240,4.004,1280,720
val,d:\smartnest.ai\smartnest_media_dataset\data\media_dataset\frames\RealEstate10K_frames\images\val\00adc59ebcbe00f7_000270.jpg,balcony,00adc59ebcbe00f7,270,4.504,1280,720
val,d:\smartnest.ai\smartnest_media_dataset\data\media_dataset\frames\RealEstate10K_frames\images\val\00adc59ebcbe00f7_000300.jpg,balcony,00adc59ebcbe00f7,300,5.005,1280,720
val,d:\smartnest.ai\smartnest_media_dataset\data\media_dataset\frames\RealEstate10K_frames\images\val\00adc59ebcbe00f7_000330.jpg,balcony,00adc59ebcbe00f7,330,5.505,1280,720
val,d:\smartnest.ai\smartnest_media_dataset\data\media_dataset\frames\RealEstate10K_frames\images\val\00adc59ebcbe00f7_000360.jpg,balcony,00adc59ebcbe00f7,360,6.006,1280,720
val,d:\smartnest.ai\smartnest_media_dataset\data\media_dataset\frames\RealEstate10K_frames\images\val\00ae4a6d0bd2eccc_000000.jpg,bathroom,00ae4a6d0bd2eccc,0,0.000,1280,720
val,d:\smartnest.ai\smartnest_media_dataset\data\media_dataset\frames\RealEstate10K_frames\images\val\00ae4a6d0bd2eccc_000030.jpg,bathroom,00ae4a6d0bd2eccc,30,0.501,1280,720
val,d:\smartnest.ai\smartnest_media_dataset\data\media_dataset\frames\RealEstate10K_frames\images\val\00ae4a6d0bd2eccc_000060.jpg,bathroom,00ae4a6d0bd2eccc,60,1.001,1280,720
val,d:\smartnest.ai\smartnest_media_dataset\data\media_dataset\frames\RealEstate10K_frames\images\val\00ae4a6d0bd2eccc_000090.jpg,bathroom,00ae4a6d0bd2eccc,90,1.502,1280,720
val,d:\smartnest.ai\smartnest_media_dataset\data\media_dataset\frames\RealEstate10K_frames\images\val\00ae4a6d0bd2eccc_000120.jpg,bathroom,00ae4a6d0bd2eccc,120,2.002,1280,720
val,d:\smartnest.ai\smartnest_media_dataset\data\media_dataset\frames\RealEstate10K_frames\images\val\00ae4a6d0bd2eccc_000150.jpg,bathroom,00ae4a6d0bd2eccc,150,2.503,1280,720
val,d:\smartnest.ai\smartnest_media_dataset\data\media_dataset\frames\RealEstate10K_frames\images\val\00ae4a6d0bd2eccc_000180.jpg,bathroom,00ae4a6d0bd2eccc,180,3.003,1280,720
val,d:\smartnest.ai\smartnest_media_dataset\data\media_dataset\frames\RealEstate10K_frames\images\val\00ae4a6d0bd2eccc_000210.jpg,bathroom,00ae4a6d0bd2eccc,210,3.504,1280,720
val,d:\smartnest.ai\smartnest_media_dataset\data\media_dataset\frames\RealEstate10K_frames\images\val\00ae4a6d0bd2eccc_000240.jpg,bathroom,00ae4a6d0bd2eccc,240,4.004,1280,720
val,d:\smartnest.ai\smartnest_media_dataset\data\media_dataset\frames\RealEstate10K_frames\images\val\00ae4a6d0bd2eccc_000270.jpg,bathroom,00ae4a6d0bd2eccc,270,4.505,1280,720
val,d:\smartnest.ai\smartnest_media_dataset\data\media_dataset\frames\RealEstate10K_frames\images\val\00ae4a6d0bd2eccc_000300.jpg,bathroom,00ae4a6d0bd2eccc,300,5.005,1280,720
val,d:\smartnest.ai\smartnest_media_dataset\data\media_dataset\frames\RealEstate10K_frames\images\val\00ae4a6d0bd2eccc_000330.jpg,bathroom,00ae4a6d0bd2eccc,330,5.506,1280,720
train,d:\smartnest.ai\smartnest_media_dataset\data\media_dataset\frames\RealEstate10K_frames\images\train\00aefda94b20b99c_000000.jpg,balcony,00aefda94b20b99c,0,0.000,1280,720
train,d:\smartnest.ai\smartnest_media_dataset\data\media_dataset\frames\RealEstate10K_frames\images\train\00aefda94b20b99c_000015.jpg,balcony,00aefda94b20b99c,15,0.500,1280,720
train,d:\smartnest.ai\smartnest_media_dataset\data\media_dataset\frames\RealEstate10K_frames\images\train\00aefda94b20b99c_000030.jpg,balcony,00aefda94b20b99c,30,1.001,1280,720
train,d:\smartnest.ai\smartnest_media_dataset\data\media_dataset\frames\RealEstate10K_frames\images\train\00aefda94b20b99c_000045.jpg,balcony,00aefda94b20b99c,45,1.501,1280,720
train,d:\smartnest.ai\smartnest_media_dataset\data\media_dataset\frames\RealEstate10K_frames\images\train\00aefda94b20b99c_000060.jpg,balcony,00aefda94b20b99c,60,2.002,1280,720
train,d:\smartnest.ai\smartnest_media_dataset\data\media_dataset\frames\RealEstate10K_frames\images\train\00aefda94b20b99c_000075.jpg,balcony,00aefda94b20b99c,75,2.502,1280,720
train,d:\smartnest.ai\smartnest_media_dataset\data\media_dataset\frames\RealEstate10K_frames\images\train\00aefda94b20b99c_000090.jpg,balcony,00aefda94b20b99c,90,3.003,1280,720
train,d:\smartnest.ai\smartnest_media_dataset\data\media_dataset\frames\RealEstate10K_frames\images\train\00aefda94b20b99c_000105.jpg,bedroom,00aefda94b20b99c,105,3.503,1280,720
train,d:\smartnest.ai\smartnest_media_dataset\data\media_dataset\frames\RealEstate10K_frames\images\train\00aefda94b20b99c_000120.jpg,balcony,00aefda94b20b99c,120,4.004,1280,720
train,d:\smartnest.ai\smartnest_media_dataset\data\media_dataset\frames\RealEstate10K_frames\images\train\00aefda94b20b99c_000135.jpg,bedroom,00aefda94b20b99c,135,4.504,1280,720
train,d:\smartnest.ai\smartnest_media_dataset\data\media_dataset\frames\RealEstate10K_frames\images\train\00aefda94b20b99c_000150.jpg,bedroom,00aefda94b20b99c,150,5.004,1280,720
train,d:\smartnest.ai\smartnest_media_dataset\data\media_dataset\frames\RealEstate10K_frames\images\train\00aefda94b20b99c_000165.jpg,bedroom,00aefda94b20b99c,165,5.505,1280,720
train,d:\smartnest.ai\smartnest_media_dataset\data\media_dataset\frames\RealEstate10K_frames\images\train\00b180c077d3e3d4_000000.jpg,bathroom,00b180c077d3e3d4,0,0.000,1280,720
train,d:\smartnest.ai\smartnest_media_dataset\data\media_dataset\frames\RealEstate10K_frames\images\train\00b180c077d3e3d4_000015.jpg,bathroom,00b180c077d3e3d4,15,0.500,1280,720
train,d:\smartnest.ai\smartnest_media_dataset\data\media_dataset\frames\RealEstate10K_frames\images\train\00b180c077d3e3d4_000030.jpg,bedroom,00b180c077d3e3d4,30,1.001,1280,720
train,d:\smartnest.ai\smartnest_media_dataset\data\media_dataset\frames\RealEstate10K_frames\images\train\00b180c077d3e3d4_000045.jpg,kitchen,00b180c077d3e3d4,45,1.501,1280,720
train,d:\smartnest.ai\smartnest_media_dataset\data\media_dataset\frames\RealEstate10K_frames\images\train\00b180c077d3e3d4_000060.jpg,kitchen,00b180c077d3e3d4,60,2.002,1280,720
train,d:\smartnest.ai\smartnest_media_dataset\data\media_dataset\frames\RealEstate10K_frames\images\train\00b180c077d3e3d4_000075.jpg,kitchen,00b180c077d3e3d4,75,2.502,1280,720
train,d:\smartnest.ai\smartnest_media_dataset\data\media_dataset\frames\RealEstate10K_frames\images\train\00b180c077d3e3d4_000090.jpg,kitchen,00b180c077d3e3d4,90,3.003,1280,720
train,d:\smartnest.ai\smartnest_media_dataset\data\media_dataset\frames\RealEstate10K_frames\images\train\00b180c077d3e3d4_000105.jpg,kitchen,00b180c077d3e3d4,105,3.503,1280,720
train,d:\smartnest.ai\smartnest_media_dataset\data\media_dataset\frames\RealEstate10K_frames\images\train\00b180c077d3e3d4_000120.jpg,bathroom,00b180c077d3e3d4,120,4.004,1280,720
train,d:\smartnest.ai\smartnest_media_dataset\data\media_dataset\frames\RealEstate10K_frames\images\train\00b180c077d3e3d4_000135.jpg,bathroom,00b180c077d3e3d4,135,4.504,1280,720
train,d:\smartnest.ai\smartnest_media_dataset\data\media_dataset\frames\RealEstate10K_frames\images\train\00b180c077d3e3d4_000150.jpg,bathroom,00b180c077d3e3d4,150,5.004,1280,720
train,d:\smartnest.ai\smartnest_media_dataset\data\media_dataset\frames\RealEstate10K_frames\images\train\00b180c077d3e3d4_000165.jpg,bathroom,00b180c077d3e3d4,165,5.505,1280,720
train,d:\smartnest.ai\smartnest_media_dataset\data\media_dataset\frames\RealEstate10K_frames\images\train\00b180c077d3e3d4_000180.jpg,bathroom,00b180c077d3e3d4,180,6.005,1280,720
train,d:\smartnest.ai\smartnest_media_dataset\data\media_dataset\frames\RealEstate10K_frames\images\train\00b180c077d3e3d4_000195.jpg,bathroom,00b180c077d3e3d4,195,6.506,1280,720
train,d:\smartnest.ai\smartnest_media_dataset\data\media_dataset\frames\RealEstate10K_frames\images\train\00b180c077d3e3d4_000210.jpg,bathroom,00b180c077d3e3d4,210,7.006,1280,720
train,d:\smartnest.ai\smartnest_media_dataset\data\media_dataset\frames\RealEstate10K_frames\images\train\00b31f903ceb11a8_000000.jpg,bedroom,00b31f903ceb11a8,0,0.000,1280,720
train,d:\smartnest.ai\smartnest_media_dataset\data\media_dataset\frames\RealEstate10K_frames\images\train\00b31f903ceb11a8_000012.jpg,bedroom,00b31f903ceb11a8,12,0.500,1280,720
train,d:\smartnest.ai\smartnest_media_dataset\data\media_dataset\frames\RealEstate10K_frames\images\train\00b31f903ceb11a8_000024.jpg,bedroom,00b31f903ceb11a8,24,1.001,1280,720
train,d:\smartnest.ai\smartnest_media_dataset\data\media_dataset\frames\RealEstate10K_frames\images\train\00b31f903ceb11a8_000036.jpg,bedroom,00b31f903ceb11a8,36,1.501,1280,720
train,d:\smartnest.ai\smartnest_media_dataset\data\media_dataset\frames\RealEstate10K_frames\images\train\00b31f903ceb11a8_000048.jpg,bedroom,00b31f903ceb11a8,48,2.002,1280,720
train,d:\smartnest.ai\smartnest_media_dataset\data\media_dataset\frames\RealEstate10K_frames\images\train\00b31f903ceb11a8_000060.jpg,bedroom,00b31f903ceb11a8,60,2.502,1280,720
train,d:\smartnest.ai\smartnest_media_dataset\data\media_dataset\frames\RealEstate10K_frames\images\train\00b31f903ceb11a8_000072.jpg,bedroom,00b31f903ceb11a8,72,3.003,1280,720
train,d:\smartnest.ai\smartnest_media_dataset\data\media_dataset\frames\RealEstate10K_frames\images\train\00b31f903ceb11a8_000084.jpg,bedroom,00b31f903ceb11a8,84,3.503,1280,720
train,d:\smartnest.ai\smartnest_media_dataset\data\media_dataset\frames\RealEstate10K_frames\images\train\00b31f903ceb11a8_000096.jpg,bedroom,00b31f903ceb11a8,96,4.003,1280,720
train,d:\smartnest.ai\smartnest_media_dataset\data\media_dataset\frames\RealEstate10K_frames\images\train\00b31f903ceb11a8_000108.jpg,kitchen,00b31f903ceb11a8,108,4.504,1280,720
train,d:\smartnest.ai\smartnest_media_dataset\data\media_dataset\frames\RealEstate10K_frames\images\train\00b31f903ceb11a8_000120.jpg,kitchen,00b31f903ceb11a8,120,5.004,1280,720
train,d:\smartnest.ai\smartnest_media_dataset\data\media_dataset\frames\RealEstate10K_frames\images\train\00b37a5222bb6dca_000000.jpg,balcony,00b37a5222bb6dca,0,0.000,1280,720
train,d:\smartnest.ai\smartnest_media_dataset\data\media_dataset\frames\RealEstate10K_frames\images\train\00b37a5222bb6dca_000015.jpg,balcony,00b37a5222bb6dca,15,0.500,1280,720
train,d:\smartnest.ai\smartnest_media_dataset\data\media_dataset\frames\RealEstate10K_frames\images\train\00b37a5222bb6dca_000030.jpg,balcony,00b37a5222bb6dca,30,1.000,1280,720
train,d:\smartnest.ai\smartnest_media_dataset\data\media_dataset\frames\RealEstate10K_frames\images\train\00b37a5222bb6dca_000045.jpg,balcony,00b37a5222bb6dca,45,1.500,1280,720
train,d:\smartnest.ai\smartnest_media_dataset\data\media_dataset\frames\RealEstate10K_frames\images\train\00b37a5222bb6dca_000060.jpg,balcony,00b37a5222bb6dca,60,2.000,1280,720
train,d:\smartnest.ai\smartnest_media_dataset\data\media_dataset\frames\RealEstate10K_frames\images\train\00b37a5222bb6dca_000075.jpg,balcony,00b37a5222bb6dca,75,2.500,1280,720
train,d:\smartnest.ai\smartnest_media_dataset\data\media_dataset\frames\RealEstate10K_frames\images\train\00b37a5222bb6dca_000090.jpg,living,00b37a5222bb6dca,90,3.000,1280,720
train,d:\smartnest.ai\smartnest_media_dataset\data\media_dataset\frames\RealEstate10K_frames\images\train\00b37a5222bb6dca_000105.jpg,balcony,00b37a5222bb6dca,105,3.500,1280,720
train,d:\smartnest.ai\smartnest_media_dataset\data\media_dataset\frames\RealEstate10K_frames\images\train\00b37a5222bb6dca_000120.jpg,balcony,00b37a5222bb6dca,120,4.000,1280,720
train,d:\smartnest.ai\smartnest_media_dataset\data\media_dataset\frames\RealEstate10K_frames\images\train\00b37a5222bb6dca_000135.jpg,balcony,00b37a5222bb6dca,135,4.500,1280,720
train,d:\smartnest.ai\smartnest_media_dataset\data\media_dataset\frames\RealEstate10K_frames\images\train\00b37a5222bb6dca_000150.jpg,balcony,00b37a5222bb6dca,150,5.000,1280,720
train,d:\smartnest.ai\smartnest_media_dataset\data\media_dataset\frames\RealEstate10K_frames\images\train\00b37a5222bb6dca_000165.jpg,balcony,00b37a5222bb6dca,165,5.500,1280,720
train,d:\smartnest.ai\smartnest_media_dataset\data\media_dataset\frames\RealEstate10K_frames\images\train\00b37a5222bb6dca_000180.jpg,balcony,00b37a5222bb6dca,180,6.000,1280,720
train,d:\smartnest.ai\smartnest_media_dataset\data\media_dataset\frames\RealEstate10K_frames\images\train\00b37a5222bb6dca_000195.jpg,balcony,00b37a5222bb6dca,195,6.500,1280,720
train,d:\smartnest.ai\smartnest_media_dataset\data\media_dataset\frames\RealEstate10K_frames\images\train\00b37a5222bb6dca_000210.jpg,balcony,00b37a5222bb6dca,210,6.999,1280,720
train,d:\smartnest.ai\smartnest_media_dataset\data\media_dataset\frames\RealEstate10K_frames\images\train\00b37a5222bb6dca_000225.jpg,balcony,00b37a5222bb6dca,225,7.499,1280,720
train,d:\smartnest.ai\smartnest_media_dataset\data\media_dataset\frames\RealEstate10K_frames\images\train\00b37a5222bb6dca_000240.jpg,balcony,00b37a5222bb6dca,240,7.999,1280,720
train,d:\smartnest.ai\smartnest_media_dataset\data\media_dataset\frames\RealEstate10K_frames\images\train\00b37a5222bb6dca_000255.jpg,balcony,00b37a5222bb6dca,255,8.499,1280,720
train,d:\smartnest.ai\smartnest_media_dataset\data\media_dataset\frames\RealEstate10K_frames\images\train\00b37a5222bb6dca_000270.jpg,balcony,00b37a5222bb6dca,270,8.999,1280,720
train,d:\smartnest.ai\smartnest_media_dataset\data\media_dataset\frames\RealEstate10K_frames\images\train\00b38f4cec2b21aa_000000.jpg,bedroom,00b38f4cec2b21aa,0,0.000,1280,720
train,d:\smartnest.ai\smartnest_media_dataset\data\media_dataset\frames\RealEstate10K_frames\images\train\00b38f4cec2b21aa_000015.jpg,bedroom,00b38f4cec2b21aa,15,0.494,1280,720
train,d:\smartnest.ai\smartnest_media_dataset\data\media_dataset\frames\RealEstate10K_frames\images\train\00b38f4cec2b21aa_000030.jpg,bedroom,00b38f4cec2b21aa,30,0.988,1280,720
train,d:\smartnest.ai\smartnest_media_dataset\data\media_dataset\frames\RealEstate10K_frames\images\train\00b38f4cec2b21aa_000045.jpg,kitchen,00b38f4cec2b21aa,45,1.481,1280,720
train,d:\smartnest.ai\smartnest_media_dataset\data\media_dataset\frames\RealEstate10K_frames\images\train\00b38f4cec2b21aa_000060.jpg,kitchen,00b38f4cec2b21aa,60,1.975,1280,720
train,d:\smartnest.ai\smartnest_media_dataset\data\media_dataset\frames\RealEstate10K_frames\images\train\00b38f4cec2b21aa_000075.jpg,kitchen,00b38f4cec2b21aa,75,2.469,1280,720
val,d:\smartnest.ai\smartnest_media_dataset\data\media_dataset\frames\RealEstate10K_frames\images\val\00b40cafaa3a389a_000000.jpg,bedroom,00b40cafaa3a389a,0,0.000,1280,720
val,d:\smartnest.ai\smartnest_media_dataset\data\media_dataset\frames\RealEstate10K_frames\images\val\00b40cafaa3a389a_000015.jpg,bedroom,00b40cafaa3a389a,15,0.500,1280,720
val,d:\smartnest.ai\smartnest_media_dataset\data\media_dataset\frames\RealEstate10K_frames\images\val\00b40cafaa3a389a_000030.jpg,bedroom,00b40cafaa3a389a,30,1.001,1280,720
val,d:\smartnest.ai\smartnest_media_dataset\data\media_dataset\frames\RealEstate10K_frames\images\val\00b40cafaa3a389a_000045.jpg,bedroom,00b40cafaa3a389a,45,1.501,1280,720
val,d:\smartnest.ai\smartnest_media_dataset\data\media_dataset\frames\RealEstate10K_frames\images\val\00b40cafaa3a389a_000060.jpg,bedroom,00b40cafaa3a389a,60,2.002,1280,720
val,d:\smartnest.ai\smartnest_media_dataset\data\media_dataset\frames\RealEstate10K_frames\images\val\00b40cafaa3a389a_000075.jpg,bedroom,00b40cafaa3a389a,75,2.502,1280,720
val,d:\smartnest.ai\smartnest_media_dataset\data\media_dataset\frames\RealEstate10K_frames\images\val\00b40cafaa3a389a_000090.jpg,bedroom,00b40cafaa3a389a,90,3.003,1280,720
val,d:\smartnest.ai\smartnest_media_dataset\data\media_dataset\frames\RealEstate10K_frames\images\val\00b40cafaa3a389a_000105.jpg,bedroom,00b40cafaa3a389a,105,3.503,1280,720
val,d:\smartnest.ai\smartnest_media_dataset\data\media_dataset\frames\RealEstate10K_frames\images\val\00b40cafaa3a389a_000120.jpg,bedroom,00b40cafaa3a389a,120,4.004,1280,720
val,d:\smartnest.ai\smartnest_media_dataset\data\media_dataset\frames\RealEstate10K_frames\images\val\00b40cafaa3a389a_000135.jpg,bedroom,00b40cafaa3a389a,135,4.504,1280,720
val,d:\smartnest.ai\smartnest_media_dataset\data\media_dataset\frames\RealEstate10K_frames\images\val\00b40cafaa3a389a_000150.jpg,kitchen,00b40cafaa3a389a,150,5.005,1280,720
val,d:\smartnest.ai\smartnest_media_dataset\data\media_dataset\frames\RealEstate10K_frames\images\val\00b40cafaa3a389a_000165.jpg,bedroom,00b40cafaa3a389a,165,5.505,1280,720
val,d:\smartnest.ai\smartnest_media_dataset\data\media_dataset\frames\RealEstate10K_frames\images\val\00b40cafaa3a389a_000180.jpg,bedroom,00b40cafaa3a389a,180,6.006,1280,720
val,d:\smartnest.ai\smartnest_media_dataset\data\media_dataset\frames\RealEstate10K_frames\images\val\00b40cafaa3a389a_000195.jpg,balcony,00b40cafaa3a389a,195,6.506,1280,720
val,d:\smartnest.ai\smartnest_media_dataset\data\media_dataset\frames\RealEstate10K_frames\images\val\00b40cafaa3a389a_000210.jpg,balcony,00b40cafaa3a389a,210,7.007,1280,720
train,d:\smartnest.ai\smartnest_media_dataset\data\media_dataset\frames\RealEstate10K_frames\images\train\00b52b21e0d54a42_000000.jpg,kitchen,00b52b21e0d54a42,0,0.000,1280,720
train,d:\smartnest.ai\smartnest_media_dataset\data\media_dataset\frames\RealEstate10K_frames\images\train\00b52b21e0d54a42_000015.jpg,kitchen,00b52b21e0d54a42,15,0.500,1280,720
train,d:\smartnest.ai\smartnest_media_dataset\data\media_dataset\frames\RealEstate10K_frames\images\train\00b52b21e0d54a42_000030.jpg,kitchen,00b52b21e0d54a42,30,1.001,1280,720
train,d:\smartnest.ai\smartnest_media_dataset\data\media_dataset\frames\RealEstate10K_frames\images\train\00b52b21e0d54a42_000045.jpg,kitchen,00b52b21e0d54a42,45,1.501,1280,720
train,d:\smartnest.ai\smartnest_media_dataset\data\media_dataset\frames\RealEstate10K_frames\images\train\00b52b21e0d54a42_000060.jpg,bedroom,00b52b21e0d54a42,60,2.002,1280,720
train,d:\smartnest.ai\smartnest_media_dataset\data\media_dataset\frames\RealEstate10K_frames\images\train\00b52b21e0d54a42_000075.jpg,kitchen,00b52b21e0d54a42,75,2.502,1280,720
train,d:\smartnest.ai\smartnest_media_dataset\data\media_dataset\frames\RealEstate10K_frames\images\train\00b52b21e0d54a42_000090.jpg,bedroom,00b52b21e0d54a42,90,3.003,1280,720
train,d:\smartnest.ai\smartnest_media_dataset\data\media_dataset\frames\RealEstate10K_frames\images\train\00b52b21e0d54a42_000105.jpg,kitchen,00b52b21e0d54a42,105,3.503,1280,720
train,d:\smartnest.ai\smartnest_media_dataset\data\media_dataset\frames\RealEstate10K_frames\images\train\00b52b21e0d54a42_000120.jpg,kitchen,00b52b21e0d54a42,120,4.004,1280,720
train,d:\smartnest.ai\smartnest_media_dataset\data\media_dataset\frames\RealEstate10K_frames\images\train\00b52b21e0d54a42_000135.jpg,kitchen,00b52b21e0d54a42,135,4.504,1280,720
train,d:\smartnest.ai\smartnest_media_dataset\data\media_dataset\frames\RealEstate10K_frames\images\train\00b52b21e0d54a42_000150.jpg,kitchen,00b52b21e0d54a42,150,5.005,1280,720
train,d:\smartnest.ai\smartnest_media_dataset\data\media_dataset\frames\RealEstate10K_frames\images\train\00b52b21e0d54a42_000165.jpg,kitchen,00b52b21e0d54a42,165,5.505,1280,720
train,d:\smartnest.ai\smartnest_media_dataset\data\media_dataset\frames\RealEstate10K_frames\images\train\00b52b21e0d54a42_000180.jpg,kitchen,00b52b21e0d54a42,180,6.006,1280,720
train,d:\smartnest.ai\smartnest_media_dataset\data\media_dataset\frames\RealEstate10K_frames\images\train\00b52b21e0d54a42_000195.jpg,kitchen,00b52b21e0d54a42,195,6.506,1280,720
train,d:\smartnest.ai\smartnest_media_dataset\data\media_dataset\frames\RealEstate10K_frames\images\train\00b52b21e0d54a42_000210.jpg,kitchen,00b52b21e0d54a42,210,7.007,1280,720
train,d:\smartnest.ai\smartnest_media_dataset\data\media_dataset\frames\RealEstate10K_frames\images\train\00b5cecbfd7f9a51_000000.jpg,bedroom,00b5cecbfd7f9a51,0,0.000,1280,720
train,d:\smartnest.ai\smartnest_media_dataset\data\media_dataset\frames\RealEstate10K_frames\images\train\00b5cecbfd7f9a51_000030.jpg,bedroom,00b5cecbfd7f9a51,30,0.500,1280,720
train,d:\smartnest.ai\smartnest_media_dataset\data\media_dataset\frames\RealEstate10K_frames\images\train\00b5cecbfd7f9a51_000060.jpg,bedroom,00b5cecbfd7f9a51,60,1.001,1280,720
train,d:\smartnest.ai\smartnest_media_dataset\data\media_dataset\frames\RealEstate10K_frames\images\train\00b5cecbfd7f9a51_000090.jpg,bedroom,00b5cecbfd7f9a51,90,1.501,1280,720
train,d:\smartnest.ai\smartnest_media_dataset\data\media_dataset\frames\RealEstate10K_frames\images\train\00b5cecbfd7f9a51_000120.jpg,bedroom,00b5cecbfd7f9a51,120,2.002,1280,720
train,d:\smartnest.ai\smartnest_media_dataset\data\media_dataset\frames\RealEstate10K_frames\images\train\00b5cecbfd7f9a51_000150.jpg,bedroom,00b5cecbfd7f9a51,150,2.502,1280,720
train,d:\smartnest.ai\smartnest_media_dataset\data\media_dataset\frames\RealEstate10K_frames\images\train\00b5cecbfd7f9a51_000180.jpg,bedroom,00b5cecbfd7f9a51,180,3.003,1280,720
train,d:\smartnest.ai\smartnest_media_dataset\data\media_dataset\frames\RealEstate10K_frames\images\train\00b5cecbfd7f9a51_000210.jpg,bedroom,00b5cecbfd7f9a51,210,3.503,1280,720
train,d:\smartnest.ai\smartnest_media_dataset\data\media_dataset\frames\RealEstate10K_frames\images\train\00b5cecbfd7f9a51_000240.jpg,kitchen,00b5cecbfd7f9a51,240,4.004,1280,720
train,d:\smartnest.ai\smartnest_media_dataset\data\media_dataset\frames\RealEstate10K_frames\images\train\00b5cecbfd7f9a51_000270.jpg,bedroom,00b5cecbfd7f9a51,270,4.504,1280,720
train,d:\smartnest.ai\smartnest_media_dataset\data\media_dataset\frames\RealEstate10K_frames\images\train\00b5cecbfd7f9a51_000300.jpg,bathroom,00b5cecbfd7f9a51,300,5.005,1280,720
train,d:\smartnest.ai\smartnest_media_dataset\data\media_dataset\frames\RealEstate10K_frames\images\train\00b5cecbfd7f9a51_000330.jpg,bathroom,00b5cecbfd7f9a51,330,5.505,1280,720
train,d:\smartnest.ai\smartnest_media_dataset\data\media_dataset\frames\RealEstate10K_frames\images\train\00b5cecbfd7f9a51_000360.jpg,bathroom,00b5cecbfd7f9a51,360,6.006,1280,720
train,d:\smartnest.ai\smartnest_media_dataset\data\media_dataset\frames\RealEstate10K_frames\images\train\00b5cecbfd7f9a51_000390.jpg,bathroom,00b5cecbfd7f9a51,390,6.506,1280,720
train,d:\smartnest.ai\smartnest_media_dataset\data\media_dataset\frames\RealEstate10K_frames\images\train\00b5cecbfd7f9a51_000420.jpg,bathroom,00b5cecbfd7f9a51,420,7.007,1280,720
train,d:\smartnest.ai\smartnest_media_dataset\data\media_dataset\frames\RealEstate10K_frames\images\train\00b5cecbfd7f9a51_000450.jpg,bathroom,00b5cecbfd7f9a51,450,7.507,1280,720
train,d:\smartnest.ai\smartnest_media_dataset\data\media_dataset\frames\RealEstate10K_frames\images\train\00b5cecbfd7f9a51_000480.jpg,bathroom,00b5cecbfd7f9a51,480,8.008,1280,720
train,d:\smartnest.ai\smartnest_media_dataset\data\media_dataset\frames\RealEstate10K_frames\images\train\00b5cecbfd7f9a51_000510.jpg,bathroom,00b5cecbfd7f9a51,510,8.508,1280,720
train,d:\smartnest.ai\smartnest_media_dataset\data\media_dataset\frames\RealEstate10K_frames\images\train\00b5cecbfd7f9a51_000540.jpg,bathroom,00b5cecbfd7f9a51,540,9.009,1280,720
train,d:\smartnest.ai\smartnest_media_dataset\data\media_dataset\frames\RealEstate10K_frames\images\train\00b5cecbfd7f9a51_000570.jpg,bathroom,00b5cecbfd7f9a51,570,9.509,1280,720
train,d:\smartnest.ai\smartnest_media_dataset\data\media_dataset\frames\RealEstate10K_frames\images\train\00b5cecbfd7f9a51_000600.jpg,bathroom,00b5cecbfd7f9a51,600,10.010,1280,720
train,d:\smartnest.ai\smartnest_media_dataset\data\media_dataset\frames\RealEstate10K_frames\images\train\00b5cecbfd7f9a51_000630.jpg,bathroom,00b5cecbfd7f9a51,630,10.510,1280,720
train,d:\smartnest.ai\smartnest_media_dataset\data\media_dataset\frames\RealEstate10K_frames\images\train\00b5cecbfd7f9a51_000660.jpg,bathroom,00b5cecbfd7f9a51,660,11.011,1280,720
train,d:\smartnest.ai\smartnest_media_dataset\data\media_dataset\frames\RealEstate10K_frames\images\train\00b5cecbfd7f9a51_000690.jpg,bathroom,00b5cecbfd7f9a51,690,11.511,1280,720
train,d:\smartnest.ai\smartnest_media_dataset\data\media_dataset\frames\RealEstate10K_frames\images\train\00b5cecbfd7f9a51_000720.jpg,bathroom,00b5cecbfd7f9a51,720,12.012,1280,720
train,d:\smartnest.ai\smartnest_media_dataset\data\media_dataset\frames\RealEstate10K_frames\images\train\00b5cecbfd7f9a51_000750.jpg,bathroom,00b5cecbfd7f9a51,750,12.512,1280,720
train,d:\smartnest.ai\smartnest_media_dataset\data\media_dataset\frames\RealEstate10K_frames\images\train\00b5cecbfd7f9a51_000780.jpg,bathroom,00b5cecbfd7f9a51,780,13.013,1280,720
